image_id,p_180
test_00000,1.7221566553761143e-05
test_00001,0.000992141522669692
test_00002,0.7922466772902819
test_00003,0.09681332860541944
test_00004,0.9269010058944189
test_00005,0.047622701109703125
test_00006,0.219848258479554
test_00007,5.283013872693312e-06
test_00008,0.8772112217498528
test_00009,0.10355233196743781
test_00010,3.008305006120091e-05
test_00011,0.000532939003839458
test_00012,0.29393592510557415
test_00013,0.0010297524054933033
test_00014,0.049243743659828906
test_00015,0.3554643304102325
test_00016,0.30642882303534275
test_00017,0.46688594133805933
test_00018,1.772337349966398e-07
test_00019,0.4280146323447288
test_00020,1.659755487632123e-11
test_00021,0.01798489560329135
test_00022,0.00031309778667585675
test_00023,0.4756601283545899
test_00024,0.3865012874578552
test_00025,0.8419550879120595
test_00026,0.18341261678505197
test_00027,0.41892815608854933
test_00028,0.30469141908991054
test_00029,4.5719959827347926e-05
test_00030,1.6118494608539755e-06
test_00031,0.0011487529433762327
test_00032,0.6090103017818366
test_00033,0.7036506969878095
test_00034,0.0006639117832922984
test_00035,0.6263200511961993
test_00036,0.0015473129500628844
test_00037,0.00010064143176328852
test_00038,0.08446170242455316
test_00039,0.16730813513797163
test_00040,0.04601532515020784
test_00041,0.6098974175604549
test_00042,1.1954347577271572e-06
test_00043,0.2532466498509754
test_00044,1.5299534831188522e-06
test_00045,0.22894476889659054
test_00046,0.22503485898207418
test_00047,0.03182987378292449
test_00048,0.00488258748984523
test_00049,0.7388136572096782
test_00050,8.474521634076813e-06
test_00051,1.087409763952541e-06
test_00052,0.00027630940623502953
test_00053,0.004530918768489243
test_00054,3.1258470588144046e-05
test_00055,0.07744251855645429
test_00056,0.0008378035910981661
test_00057,0.62995092792368
test_00058,0.0010816245749985297
test_00059,0.32449155765369997
test_00060,0.5671184924310415
test_00061,7.141508977953165e-05
test_00062,0.18224764395503384
test_00063,3.0264899717955395e-05
test_00064,0.2597168723113721
test_00065,0.7199424257119955
test_00066,0.5553164932596388
test_00067,0.4987058945961458
test_00068,0.0001718960822531125
test_00069,0.35907066056331505
test_00070,0.003979136714792358
test_00071,0.00038827444759260635
test_00072,0.7373111572224149
test_00073,0.7321924097217695
test_00074,0.47965375090997503
test_00075,0.039162057953675965
test_00076,0.013070825294232742
test_00077,0.7037586381128381
test_00078,0.5112911253005724
test_00079,0.2915624910505013
test_00080,6.543589867975776e-06
test_00081,4.682439973136293e-08
test_00082,0.014786923489123851
test_00083,4.863591739939224e-05
test_00084,0.46683852477569227
test_00085,0.7096948444630724
test_00086,8.919262915559829e-07
test_00087,0.9875923270208806
test_00088,0.9434550964779722
test_00089,0.5854523974653663
test_00090,0.4396789352014069
test_00091,0.000414783505597502
test_00092,0.20180687329160316
test_00093,0.9850338164665264
test_00094,0.2944563593185624
test_00095,0.5172510570128125
test_00096,0.0007422440558864092
test_00097,0.17786961812404536
test_00098,0.6235604311222896
test_00099,0.5409672276000443
test_00100,0.0032537241705767857
test_00101,0.38553327135169635
test_00102,0.09098662671938486
test_00103,0.4699501838884931
test_00104,0.8575799274613738
test_00105,2.187868218987167e-07
test_00106,0.5474458272173484
test_00107,0.27901765006176
test_00108,0.0003967094941958886
test_00109,3.2106510996235386e-08
test_00110,2.3089476339833047e-07
test_00111,0.5858759457676651
test_00112,0.6979023740652506
test_00113,0.2571673442542796
test_00114,0.7925111689690447
test_00115,0.00013986676820969705
test_00116,0.0002477178958415212
test_00117,0.4297374979200001
test_00118,0.4913429545393243
test_00119,0.5965014026456895
test_00120,5.660040978644511e-07
test_00121,0.08585916761739854
test_00122,0.8337833123576787
test_00123,0.9999527228864926
test_00124,0.43123221858493754
test_00125,0.0016514104010031479
test_00126,0.38982239995623486
test_00127,0.51910286397458
test_00128,0.023810197364160478
test_00129,0.2062497020796858
test_00130,0.04908477701569307
test_00131,0.28864577984327006
test_00132,0.1699234408949908
test_00133,9.061827962812304e-06
test_00134,0.8820570652853804
test_00135,0.0011183795052994553
test_00136,0.43431827095284053
test_00137,0.558900797818708
test_00138,0.585689088735742
test_00139,0.3960289194059886
test_00140,0.8450263504831028
test_00141,0.0060395944118276056
test_00142,0.09942947966682167
test_00143,0.40873638858753364
test_00144,0.3049731071219619
test_00145,0.5688751161608163
test_00146,0.4971556538089592
test_00147,4.5487924394615094e-05
test_00148,0.02947874290655016
test_00149,0.46258567039705245
test_00150,0.6438179494172589
test_00151,0.8106102512120509
test_00152,0.01502927431185864
test_00153,0.06285477991626644
test_00154,0.39327104419547004
test_00155,0.9951215254675825
test_00156,0.7070080878434679
test_00157,0.460574110202916
test_00158,5.256806232453858e-06
test_00159,0.4567229448108331
test_00160,0.0012045474144871421
test_00161,0.14491629575159443
test_00162,0.41343237104589736
test_00163,0.37513591948238906
test_00164,0.8376551833618454
test_00165,0.3106044240353911
test_00166,0.007105887903664072
test_00167,0.11525467187686028
test_00168,0.347320470636577
test_00169,0.8203206620578917
test_00170,0.00043349670681716693
test_00171,0.35554622410956743
test_00172,0.486293835016273
test_00173,0.8655831504919901
test_00174,0.6500667830429722
test_00175,0.0002900367699176215
test_00176,1.0037048562190892e-06
test_00177,0.30203233689808767
test_00178,0.15185545894930808
test_00179,0.7919272575267857
test_00180,0.0636225562799133
test_00181,0.4865313930191825
test_00182,0.3683029160374385
test_00183,0.44277619449157934
test_00184,0.7071758235784101
test_00185,4.780327285480551e-05
test_00186,9.81207595177491e-07
test_00187,0.6046447717042677
test_00188,0.42644509808850806
test_00189,0.24069259670690915
test_00190,0.5261360074171895
test_00191,3.581764100957854e-07
test_00192,0.37839514429123666
test_00193,0.00014119246768692345
test_00194,0.5599732763677996
test_00195,0.2099450723518758
test_00196,0.6956549524986829
test_00197,0.18443039051824958
test_00198,0.2471502640068154
test_00199,0.023519050154730995
test_00200,0.9994884888869745
test_00201,0.3750892311114708
test_00202,0.914705308113721
test_00203,0.22566570167253808
test_00204,0.27546524589926424
test_00205,0.6107069567856293
test_00206,0.6349355248690541
test_00207,3.295659415888608e-05
test_00208,0.3958457068190196
test_00209,0.00014752793404572843
test_00210,0.09230055332894861
test_00211,1.301584672294974e-07
test_00212,0.6680850217466623
test_00213,0.7351301642052176
test_00214,0.6949790833129816
test_00215,1.6084936305133449e-06
test_00216,0.2921866840392722
test_00217,0.3251162871319004
test_00218,0.0009429731823985131
test_00219,1.322237239938452e-05
test_00220,0.0041869111659384945
test_00221,2.4724723575447703e-05
test_00222,1.287682953223813e-08
test_00223,0.6330928284942844
test_00224,0.5827067791273459
test_00225,0.8956593546227124
test_00226,0.00011189856713967078
test_00227,0.00014790681756359875
test_00228,0.012992448987020394
test_00229,1.2478972819113735e-06
test_00230,0.32023296283691577
test_00231,0.9484102866877029
test_00232,0.6993170172760309
test_00233,5.64044898356084e-07
test_00234,0.0016376633557827099
test_00235,0.07434249310905995
test_00236,1.4619910237331758e-05
test_00237,0.1361243595079846
test_00238,0.4600961460516867
test_00239,0.2893076184583396
test_00240,3.3017616682828376e-06
test_00241,0.0009027868999989709
test_00242,0.10108215085286462
test_00243,9.968935273935545e-05
test_00244,6.0817913051345614e-05
test_00245,1.7082456418924174e-09
test_00246,0.28452896507505115
test_00247,0.9513958369135516
test_00248,0.006929516698097786
test_00249,0.8846343360926252
test_00250,0.3933258630069275
test_00251,0.000729301638570048
test_00252,0.00014187766250557676
test_00253,0.8892000572757788
test_00254,0.28604143759380923
test_00255,0.6450713224377077
test_00256,0.4755853969667227
test_00257,0.28211503889815087
test_00258,0.0516821451537172
test_00259,0.0007229630199692214
test_00260,0.0089209356162786
test_00261,0.0014321967328290335
test_00262,0.8895315189733632
test_00263,0.48722196964786624
test_00264,0.0002651243975046008
test_00265,0.5183102185669347
test_00266,9.91560136174202e-06
test_00267,0.2591200003795596
test_00268,0.31378191623850354
test_00269,0.2894997797231485
test_00270,0.0001485246456544421
test_00271,0.0615356517807451
test_00272,0.489428529408274
test_00273,0.0013013422590051225
test_00274,0.001433323387538734
test_00275,0.31628829627532057
test_00276,0.175393959652563
test_00277,9.595217686358731e-05
test_00278,5.519047275952634e-07
test_00279,0.02371569357110538
test_00280,0.8162044079650014
test_00281,0.001414978750544714
test_00282,0.9124395569066092
test_00283,0.25097678944966456
test_00284,0.00669748330093886
test_00285,0.03873896346155377
test_00286,0.39100288750553436
test_00287,0.013597375584624304
test_00288,1.8847925365558355e-06
test_00289,0.5001072711875381
test_00290,0.6540756151321504
test_00291,0.0007757056383346061
test_00292,0.9238541344260915
test_00293,0.23082123757803166
test_00294,0.01572055066439203
test_00295,0.9465196524071242
test_00296,0.6221979756846157
test_00297,0.6878947324496456
test_00298,1.6496416989574635e-06
test_00299,0.6151877307653724
test_00300,0.006714875168118736
test_00301,0.27254249005965087
test_00302,0.0001603106608932524
test_00303,0.00014153016052162768
test_00304,0.43482439789105215
test_00305,0.8594466413950873
test_00306,0.6131911917382042
test_00307,0.6040064771035532
test_00308,5.17261583532504e-07
test_00309,0.5345283248424415
test_00310,0.0012895237633506961
test_00311,0.0004924674996930133
test_00312,0.004739592493816892
test_00313,0.5608842661984526
test_00314,0.09134317688237041
test_00315,0.6705184710832318
test_00316,0.0018637715418299648
test_00317,0.4517999130545609
test_00318,9.779614334301698e-08
test_00319,0.29613692955439386
test_00320,0.43498224647770234
test_00321,0.011845045819876058
test_00322,0.2783011699734206
test_00323,8.347793043690387e-06
test_00324,0.5797552922071191
test_00325,0.00021487773543034966
test_00326,0.0015309581243111458
test_00327,0.27406502886285666
test_00328,0.0006270894358038906
test_00329,0.3952214871537816
test_00330,0.7846043143745992
test_00331,0.2671110050450343
test_00332,0.48308980739103924
test_00333,0.014850092982638442
test_00334,1.3874048223029522e-07
test_00335,0.3552515713068048
test_00336,5.541248700686617e-06
test_00337,0.17207476370603206
test_00338,0.37944699358666073
test_00339,0.4203546918692018
test_00340,0.39304530387055675
test_00341,0.9166098436834539
test_00342,0.05164994816517637
test_00343,0.7866079671946158
test_00344,0.6235543040989098
test_00345,8.1604851978046e-05
test_00346,0.5901825396281883
test_00347,0.4431496544953499
test_00348,0.21059478802577453
test_00349,0.000864224701047258
test_00350,0.011210120491779678
test_00351,0.5260007649346989
test_00352,2.4172705772905e-06
test_00353,0.6553634354732963
test_00354,0.262186237360543
test_00355,0.8046342538546608
test_00356,0.3800516424886478
test_00357,0.5775061663047414
test_00358,0.9698067151260162
test_00359,0.0001036314438222649
test_00360,0.24641465748794616
test_00361,0.5075494957651
test_00362,0.5369888090657653
test_00363,4.349319908837691e-11
test_00364,0.5614344804034324
test_00365,0.7269591919648584
test_00366,0.07711342902543007
test_00367,0.5726102131047905
test_00368,0.0999880245269915
test_00369,0.002059829020802671
test_00370,0.013544084802196649
test_00371,3.0677564886119094e-05
test_00372,0.016032737289163417
test_00373,0.5129024157378226
test_00374,0.0002812912420173863
test_00375,0.037476915310745686
test_00376,0.3579919892471075
test_00377,0.337405944138266
test_00378,0.0002449443027467968
test_00379,0.8741673613346083
test_00380,0.11348446145716781
test_00381,0.024876300500248534
test_00382,0.015462779142845618
test_00383,0.1551249821454366
test_00384,0.8325084128669961
test_00385,0.594001300496154
test_00386,0.6532810416790603
test_00387,0.00020945539245303255
test_00388,0.7968988395397847
test_00389,2.047384214158363e-06
test_00390,0.45889662711677315
test_00391,4.921467179429151e-07
test_00392,2.471253434738955e-05
test_00393,5.1776207713592534e-09
test_00394,0.346576396480904
test_00395,1.3997136659784495e-05
test_00396,0.772263470277901
test_00397,0.85691183744384
test_00398,0.032474233121578794
test_00399,0.41669017461331254
test_00400,3.876024214274892e-07
test_00401,0.5635065049076166
test_00402,2.0042310427721735e-05
test_00403,0.3331669795137703
test_00404,0.30107925450619505
test_00405,0.5560533980502448
test_00406,0.5123846506042314
test_00407,4.7405596260318805e-06
test_00408,0.11036985328986709
test_00409,0.14506541542257784
test_00410,0.1591434901302886
test_00411,0.024054060943837312
test_00412,0.2872346987697844
test_00413,0.41164413624340396
test_00414,0.6121403408641645
test_00415,0.3293607267617468
test_00416,7.29459671104871e-07
test_00417,0.000627663544961693
test_00418,0.007475151138674631
test_00419,0.7706604688408951
test_00420,1.5211533051521982e-07
test_00421,0.000516075638370749
test_00422,6.235845311394844e-05
test_00423,0.00010574319731001244
test_00424,0.0014690494554030558
test_00425,0.0012103528422577649
test_00426,0.05004992305902982
test_00427,5.433850844004064e-05
test_00428,0.02142721612853
test_00429,0.011130702357326655
test_00430,0.49745056035515156
test_00431,0.9542565698776789
test_00432,0.0002801427731112351
test_00433,0.0013820844806790912
test_00434,0.591475208008699
test_00435,0.15903887301817823
test_00436,0.0012782403776502435
test_00437,0.1588789441954357
test_00438,0.19552058067220193
test_00439,0.5745504304981432
test_00440,0.41881917552844705
test_00441,0.047542537142571936
test_00442,0.0008914814658380054
test_00443,0.7931175988963706
test_00444,2.8587625954066288e-06
test_00445,4.7419915848763704e-05
test_00446,0.4688988289459579
test_00447,0.0009818144568447737
test_00448,3.800059728463515e-05
test_00449,1.3426662953240116e-05
test_00450,0.6423157792427381
test_00451,0.5531451329811066
test_00452,0.11496978928379573
test_00453,0.01694554182706284
test_00454,0.42666134031141284
test_00455,7.589194801967314e-06
test_00456,1.9717469777908392e-06
test_00457,0.19285661064973722
test_00458,0.0004786497507104175
test_00459,0.7173108755127828
test_00460,0.26351922985121523
test_00461,2.6032485058830055e-07
test_00462,0.3336320085531584
test_00463,0.00539571445406745
test_00464,9.175142726518062e-11
test_00465,0.4020567840764145
test_00466,6.524835550832487e-05
test_00467,0.14710221186972358
test_00468,0.0002336739582905645
test_00469,0.0018210420873217945
test_00470,0.9892637503517416
test_00471,8.01709432684507e-06
test_00472,0.0003692060513113013
test_00473,0.1321178851921252
test_00474,0.3085929851989938
test_00475,0.4669887204075595
test_00476,0.427688640979299
test_00477,0.02869469157168332
test_00478,3.255567377802194e-05
test_00479,2.1454168223426466e-05
test_00480,0.6448580203859938
test_00481,0.019862094232021926
test_00482,0.07657208667544751
test_00483,0.48144073553382843
test_00484,0.7932606815669335
test_00485,3.839965526096262e-06
test_00486,0.3157200811197957
test_00487,0.002023865017223757
test_00488,0.4137466049375476
test_00489,0.9175386484119894
test_00490,0.8342680339413363
test_00491,0.4933726361997865
test_00492,5.992769314278804e-05
test_00493,0.022699802852171134
test_00494,0.9999197886480159
test_00495,0.0021718714431313655
test_00496,0.536779521245025
test_00497,1.3270642969392546e-05
test_00498,0.7356874334318422
test_00499,1.1729028584999289e-05
test_00500,4.974218456780122e-06
test_00501,0.00040165605920097807
test_00502,0.07116174541700737
test_00503,3.0154846337852985e-06
test_00504,0.8924147938880626
test_00505,0.6451959506676601
test_00506,0.00627356630005103
test_00507,0.566455868054194
test_00508,0.0005960362398375023
test_00509,0.00041764809784190446
test_00510,0.6942217615871559
test_00511,0.2615014662819931
test_00512,0.4389362075159555
test_00513,0.8013033015346976
test_00514,0.1583453778040211
test_00515,2.006065155403643e-06
test_00516,0.06632445399374952
test_00517,0.5093728564172341
test_00518,0.6774961341242742
test_00519,0.003872479706913629
test_00520,0.029724902261181456
test_00521,0.00018686065430603883
test_00522,0.5523930241419601
test_00523,9.199030557715573e-06
test_00524,0.6330564285192688
test_00525,0.46685907277122735
test_00526,0.381299471478854
test_00527,0.5516740607883345
test_00528,0.0015816714185676848
test_00529,0.3341154482774786
test_00530,0.17057012760744966
test_00531,0.387936416273851
test_00532,0.36959398870062965
test_00533,0.6136351742718386
test_00534,0.009542773438722724
test_00535,0.6181910590400028
test_00536,3.801528415563861e-10
test_00537,0.00025890037063341594
test_00538,1.444017720362233e-07
test_00539,0.20439225150797105
test_00540,0.0004891882256656778
test_00541,0.004246010990236542
test_00542,0.4910449622003558
test_00543,0.06855653326265845
test_00544,0.2935079281669863
test_00545,0.009518512980897858
test_00546,0.4035458578588588
test_00547,0.9516457606303363
test_00548,0.13847280227412573
test_00549,2.5596387411441676e-05
test_00550,0.07779673306171435
test_00551,0.4912101633043177
test_00552,1.804218689557387e-05
test_00553,0.6347247748638264
test_00554,0.4544734795061806
test_00555,0.6928990696929918
test_00556,0.3856365575082252
test_00557,0.6189762515586658
test_00558,0.030298345257093268
test_00559,0.4213553399224483
test_00560,0.0012573424937992505
test_00561,0.6975673477277368
test_00562,0.45498834695620965
test_00563,1.4678080674277807e-07
test_00564,0.1692914417719096
test_00565,0.004139822819768151
test_00566,1.1997441199447104e-07
test_00567,0.462938997061362
test_00568,0.4767931304962964
test_00569,1.5362180154461077e-06
test_00570,0.015940321907939793
test_00571,0.09733942312919346
test_00572,0.3489603013858072
test_00573,0.20214692920848917
test_00574,0.7437836448204229
test_00575,0.0017851832260117188
test_00576,1.0582314653462386e-08
test_00577,0.15722943296051992
test_00578,0.23886821493174298
test_00579,0.0008243837858510016
test_00580,0.9769592173110674
test_00581,0.003937517120091239
test_00582,7.327440160596538e-05
test_00583,0.4441505895625549
test_00584,0.6071716263781641
test_00585,0.27145961336009605
test_00586,0.6291515188989666
test_00587,0.9459888447616009
test_00588,0.00012139527005943763
test_00589,0.19056049710787876
test_00590,0.29142844038025617
test_00591,0.2888855789444866
test_00592,0.5538294702951801
test_00593,0.38596531515416305
test_00594,0.013107448027267054
test_00595,6.759185308384975e-05
test_00596,0.8420236073840388
test_00597,0.013167347188499453
test_00598,0.7228508219869572
test_00599,1.0487704801187575e-06
test_00600,0.32123784652069054
test_00601,0.4021637768087441
test_00602,0.6733633053083437
test_00603,0.7638836564916757
test_00604,0.8920752810153979
test_00605,0.4812049799410217
test_00606,0.9090166719340719
test_00607,0.7858568875706722
test_00608,0.42762690982243434
test_00609,0.8380766649114837
test_00610,0.08827818048717366
test_00611,0.4518379875048525
test_00612,0.23450230131117203
test_00613,9.487707500733368e-05
test_00614,0.8817708515472301
test_00615,0.0005952712378701914
test_00616,1.9827013147289682e-05
test_00617,6.897465173637394e-07
test_00618,0.301211953142656
test_00619,0.734332803425055
test_00620,0.33613576772820125
test_00621,0.693998887226867
test_00622,0.8433032966248837
test_00623,0.0002599828402947572
test_00624,0.0003481159503181113
test_00625,0.014771011879757875
test_00626,0.4318272785022515
test_00627,0.00033085242756305535
test_00628,0.19440922639782748
test_00629,0.030484569466681273
test_00630,0.01310336248834803
test_00631,0.40422183632193687
test_00632,0.5846428117279932
test_00633,3.578018212323143e-05
test_00634,0.3519163659204278
test_00635,0.3344491175317409
test_00636,0.5554093124499472
test_00637,0.569990478482301
test_00638,0.6099898806728494
test_00639,0.5056688158467018
test_00640,0.5569128882169021
test_00641,0.8444030234755409
test_00642,0.3599750539112908
test_00643,0.06810872306620142
test_00644,0.4397075907572756
test_00645,0.14072537412989983
test_00646,0.00045905740404163204
test_00647,2.660635468491846e-08
test_00648,3.8037916138598963e-06
test_00649,0.0003020263567083023
test_00650,0.7127166518148342
test_00651,0.39528758667939334
test_00652,0.6755358114639378
test_00653,0.5609145041475206
test_00654,0.6570270661061568
test_00655,0.07461011092311287
test_00656,0.00013602701633865495
test_00657,0.12913344892149212
test_00658,0.7901648644624245
test_00659,0.0007593598332351023
test_00660,0.5845141483814149
test_00661,2.7274921697777474e-05
test_00662,0.33042420780658877
test_00663,0.5276884320425388
test_00664,0.3726797200119509
test_00665,9.236120723500705e-05
test_00666,0.001367332409374487
test_00667,0.0158042186253891
test_00668,0.5390503734308524
test_00669,0.2920833167370312
test_00670,0.0001233197717979921
test_00671,0.00151383337836571
test_00672,0.9790610244451854
test_00673,0.33783043932507345
test_00674,0.8372057825534768
test_00675,0.6761046480866464
test_00676,0.06727203586975593
test_00677,0.2042426954399057
test_00678,0.7869873203901393
test_00679,0.6763783144789117
test_00680,0.5585134142503224
test_00681,1.0247287568511765e-05
test_00682,7.544264449148077e-07
test_00683,0.5726254143671203
test_00684,0.1866958091400672
test_00685,0.11862116269271877
test_00686,0.8487951078815533
test_00687,0.2323655715338416
test_00688,0.04201546245006156
test_00689,0.4566193760702848
test_00690,0.3585161813669177
test_00691,0.5812657252030471
test_00692,0.8004752274966814
test_00693,0.6707781082257611
test_00694,7.657292983007424e-08
test_00695,0.45206796451974146
test_00696,0.11033109022156001
test_00697,0.2772316173233343
test_00698,0.004759115677476104
test_00699,0.28031043328258054
test_00700,0.6219659201974131
test_00701,0.0628031410695612
test_00702,0.0035754324487705658
test_00703,0.0636832943581356
test_00704,0.3664602099374589
test_00705,0.3330798099652375
test_00706,5.507869752334393e-09
test_00707,0.8238950890648356
test_00708,0.7001660579006329
test_00709,0.005120865477356712
test_00710,0.5633006952841835
test_00711,0.36946528893897324
test_00712,2.0016467098308995e-05
test_00713,0.07894584307290889
test_00714,0.0003985532689313943
test_00715,0.6978391929319361
test_00716,7.820603132368138e-06
test_00717,0.04268112909029758
test_00718,0.7905628239151028
test_00719,0.0001246008720643998
test_00720,0.6545227955038138
test_00721,0.4508610635112381
test_00722,0.0921938833722236
test_00723,0.6708090118932046
test_00724,0.9019454820341789
test_00725,0.5269812934641598
test_00726,0.21060515757188247
test_00727,4.54891482108618e-07
test_00728,0.6892750646952395
test_00729,1.2511944021239685e-07
test_00730,6.911495538320618e-05
test_00731,0.11718345187315929
test_00732,0.00017400526494775053
test_00733,0.01490712735586865
test_00734,0.2803263681234184
test_00735,0.6781192121325011
test_00736,0.4094127664112923
test_00737,0.37995935142062354
test_00738,0.12696947074984632
test_00739,0.0001517998914350913
test_00740,0.3823638104311167
test_00741,0.8228476128428043
test_00742,0.5297018214016462
test_00743,0.8654563405825941
test_00744,0.12278217664574796
test_00745,0.020046007000589477
test_00746,0.5100811060175487
test_00747,0.002185083071287918
test_00748,0.03571449004857342
test_00749,0.35309283912452516
test_00750,0.1269311482216101
test_00751,0.0005807401429562936
test_00752,0.136101435038091
test_00753,0.35038635216836533
test_00754,0.41770972357492997
test_00755,4.377050367261684e-05
test_00756,2.2146402075154795e-09
test_00757,0.27853284589603017
test_00758,0.37322739487368867
test_00759,0.25862733757065054
test_00760,0.7575770932493356
test_00761,0.7768796625619728
test_00762,0.4650240093342904
test_00763,0.49801889997120824
test_00764,0.4983622078653962
test_00765,0.1835737458077432
test_00766,0.392594982090563
test_00767,0.6148992686925845
test_00768,0.21208647586027826
test_00769,0.27856256922865136
test_00770,0.6974101975667798
test_00771,0.00022208993418089014
test_00772,3.0500354749527933e-05
test_00773,0.5804510364270465
test_00774,0.14165724292131207
test_00775,0.21733080482045677
test_00776,0.00314432826850089
test_00777,0.24554706383682257
test_00778,0.06755431037760086
test_00779,0.42892364087725204
test_00780,2.3398047357486572e-06
test_00781,0.520086805409855
test_00782,0.5838017992822083
test_00783,6.368586540836712e-05
test_00784,0.019169897437141096
test_00785,0.01445201101675002
test_00786,0.8636663644235893
test_00787,8.004897888290742e-08
test_00788,0.5715166146675341
test_00789,0.3990538438905264
test_00790,0.020202124512694094
test_00791,0.6715169638255877
test_00792,0.5656215514853089
test_00793,0.0008866962304066498
test_00794,4.31369925780496e-05
test_00795,0.11037118382339742
test_00796,9.594703250578967e-07
test_00797,0.17497802464720535
test_00798,0.004434307275789111
test_00799,0.6460935346701187
test_00800,1.330503261083724e-06
test_00801,3.614571632560533e-06
test_00802,3.5249736168211386e-05
test_00803,0.5570243094420433
test_00804,0.5640949040976537
test_00805,2.0966824942908407e-08
test_00806,0.0003185924271945155
test_00807,4.256272103972696e-05
test_00808,0.005648891657329251
test_00809,0.5888952025353467
test_00810,8.275928401978222e-05
test_00811,0.7262771651013883
test_00812,0.33050563440435904
test_00813,0.2327789581768884
test_00814,0.6200261957786074
test_00815,0.4584977645909883
test_00816,0.22702696821184756
test_00817,0.0014466536463362144
test_00818,0.15051336861439388
test_00819,0.2902746784559311
test_00820,0.00039869746775478987
test_00821,0.17806760132381425
test_00822,0.534925741615969
test_00823,0.6174365912067961
test_00824,0.0038650812683010895
test_00825,0.39532062443276844
test_00826,0.4757619349640305
test_00827,0.00039076361272081546
test_00828,0.7835290082900946
test_00829,0.6796310355372802
test_00830,0.0007225878957060705
test_00831,0.10302749084664416
test_00832,0.4543817450284271
test_00833,0.06789092401487407
test_00834,0.7855118632962625
test_00835,0.0007547208784429514
test_00836,0.685976132046653
test_00837,0.5332901919978034
test_00838,1.930502481646036e-06
test_00839,0.3058687022159222
test_00840,0.572849374179809
test_00841,0.5283702106385217
test_00842,0.30269116796403933
test_00843,0.5680428498330268
test_00844,0.6588160636964714
test_00845,0.5298866326080895
test_00846,0.5232527444885927
test_00847,0.5814426408548169
test_00848,3.358091049475737e-05
test_00849,0.7705956517150585
test_00850,0.559742024027061
test_00851,0.9779509090805635
test_00852,0.1100578247050136
test_00853,0.28033393567948905
test_00854,0.502566629503517
test_00855,0.3555991647475466
test_00856,0.7732345950057411
test_00857,0.3870838917917503
test_00858,1.6342976651713524e-07
test_00859,4.0253434187466534e-05
test_00860,0.38487828819451664
test_00861,0.00349878613244043
test_00862,0.6107916269987989
test_00863,0.8520569759442417
test_00864,0.0002884638574971806
test_00865,0.7443029526871298
test_00866,0.8698999997790244
test_00867,0.5411698122797868
test_00868,0.8502587392456599
test_00869,0.0010980218918323886
test_00870,0.48515056374597415
test_00871,1.351504516956603e-06
test_00872,0.482783352858878
test_00873,0.008349348359390264
test_00874,0.42608448686137723
test_00875,0.00017531336020230073
test_00876,0.42804102023668245
test_00877,0.6138521714586287
test_00878,7.58114209934339e-07
test_00879,0.7606821421456542
test_00880,0.5477028675904462
test_00881,5.22434561831349e-09
test_00882,0.08409299999991895
test_00883,0.00903064814017045
test_00884,0.0003125354531231905
test_00885,0.2904828872814267
test_00886,0.03367545597584369
test_00887,0.6720358566910509
test_00888,3.999144326530122e-09
test_00889,0.018558817429676154
test_00890,0.3976183332384563
test_00891,0.8171032017328631
test_00892,0.04863174067254198
test_00893,0.019589366075904606
test_00894,0.07401858957452938
test_00895,0.8474776949171209
test_00896,1.3090864854119831e-08
test_00897,3.107693079891102e-05
test_00898,0.9639895390041838
test_00899,0.36585020903875454
test_00900,4.0846406846408825e-06
test_00901,0.3223747398941898
test_00902,0.45952916777397546
test_00903,0.7717609271090958
test_00904,0.9374820906892809
test_00905,0.6673804439469314
test_00906,0.3494517750329308
test_00907,0.509091130195666
test_00908,0.0004716883490668909
test_00909,0.2115980883202757
test_00910,3.5464241906592575e-06
test_00911,0.4187063028839312
test_00912,0.0127903728083338
test_00913,0.29535089332475245
test_00914,0.5181378678081343
test_00915,0.35847548557574793
test_00916,0.47950508034548195
test_00917,0.46415524306145006
test_00918,0.0069952599014975496
test_00919,0.03754699658290563
test_00920,2.6128367218095222e-09
test_00921,3.913528236148283e-08
test_00922,0.008235531758544455
test_00923,0.35289561827553767
test_00924,0.0009139067176236211
test_00925,2.0496008535259836e-06
test_00926,0.0006304769434014348
test_00927,0.532997627309505
test_00928,0.06996533035208614
test_00929,0.6072893320653431
test_00930,0.1325806151147416
test_00931,0.771036296179374
test_00932,0.0038267149032121294
test_00933,4.7184641821970283e-07
test_00934,0.0007029085816350201
test_00935,0.28399275710867466
test_00936,0.14495001720492354
test_00937,0.004028464101245874
test_00938,0.047910087791504664
test_00939,0.0015851945420668643
test_00940,0.0077377085771758005
test_00941,0.7365490155988269
test_00942,0.9466433423831933
test_00943,0.008982785736274467
test_00944,0.00048810707854927255
test_00945,0.05418871349392413
test_00946,0.4062463079211689
test_00947,0.5085678750496169
test_00948,0.5012868293366373
test_00949,0.08188161600790225
test_00950,0.3787139824800532
test_00951,0.5118200786952751
test_00952,0.4709771814260173
test_00953,7.297316312555416e-05
test_00954,0.29971222764555655
test_00955,0.3299540215441759
test_00956,5.803650708478852e-08
test_00957,0.0014200807309863775
test_00958,0.0010049675430264537
test_00959,0.0027002632282238093
test_00960,2.3247358741160495e-09
test_00961,0.2940803867037925
test_00962,0.6720225303431386
test_00963,2.0542130390852184e-06
test_00964,0.3179913264792652
test_00965,0.8503579674365812
test_00966,0.5670153566964634
test_00967,0.0007650650001608497
test_00968,0.000767144472267605
test_00969,0.09223078437980442
test_00970,0.486716245588139
test_00971,0.02658575993152043
test_00972,0.4871952161602165
test_00973,0.5415291619440781
test_00974,0.23402871018188262
test_00975,0.002036571632268062
test_00976,0.5896624952477022
test_00977,0.7300976497595982
test_00978,0.05561030284024647
test_00979,0.20676912874418957
test_00980,0.0008907539194224756
test_00981,0.8144001635422227
test_00982,0.0029590919769118392
test_00983,0.5032693693198356
test_00984,0.35558289364064877
test_00985,0.11017638985525169
test_00986,0.19493993254504796
test_00987,0.006605106662362803
test_00988,0.8490518231990749
test_00989,0.002399843863634049
test_00990,9.376823927372156e-06
test_00991,0.42959828882537254
test_00992,1.1695631445292678e-10
test_00993,0.07179971757892477
test_00994,0.0003195211088693486
test_00995,0.6354749103818788
test_00996,0.03348161812534034
test_00997,0.014383555473135032
test_00998,0.42601526476693263
test_00999,0.4784732416149606
test_01000,0.583358542957409
test_01001,0.2565944200982259
test_01002,0.0017141394689571977
test_01003,0.0011756881851308961
test_01004,0.19904536444747653
test_01005,0.30242511016021456
test_01006,1.8082251750101008e-05
test_01007,0.4474645168027574
test_01008,0.023047770913433567
test_01009,0.6789463132322476
test_01010,0.5892645392083915
test_01011,0.021871262443460528
test_01012,0.27342200959029583
test_01013,0.5757429912955695
test_01014,0.14471134581552933
test_01015,4.643904033081999e-06
test_01016,0.8180711407385696
test_01017,0.4051137798858966
test_01018,0.5421169866882707
test_01019,0.660991564920703
test_01020,0.10497804015191382
test_01021,0.0003872847050722584
test_01022,0.0062956251951506205
test_01023,0.7591791504800793
test_01024,0.7892870045063283
test_01025,0.6703289116553184
test_01026,0.051416802267838034
test_01027,0.000949721589234629
test_01028,0.37860122081742803
test_01029,2.8265986233513897e-05
test_01030,8.668785362226838e-06
test_01031,0.5608969922404246
test_01032,0.0004975365689065756
test_01033,0.21948879214319061
test_01034,1.997928435066112e-05
test_01035,4.347078298150283e-09
test_01036,0.665974499003192
test_01037,0.5461607429172806
test_01038,0.5822456359288191
test_01039,0.6796405656616908
test_01040,0.7449019784180949
test_01041,3.277779488991916e-05
test_01042,0.08490829374562867
test_01043,0.17679271346447425
test_01044,0.4110860461755605
test_01045,0.0015387242179775904
test_01046,0.07161063502838459
test_01047,0.00028682792183676965
test_01048,0.5616409120572327
test_01049,8.189590924926782e-05
test_01050,0.060816911535133134
test_01051,0.4686690972264124
test_01052,0.3440854289087744
test_01053,0.015001625106003558
test_01054,4.1934543326601255e-06
test_01055,0.7887563852452765
test_01056,0.0212262686620819
test_01057,0.01790973520568755
test_01058,5.507274801348268e-06
test_01059,0.3891661857008239
test_01060,0.000388060756200899
test_01061,0.9147601099392068
test_01062,0.010758871749290558
test_01063,0.4910855537230858
test_01064,0.3070254874834483
test_01065,0.8574003667210299
test_01066,0.7585141024415473
test_01067,0.79945362443703
test_01068,4.1515342579634465e-05
test_01069,0.6209034821566048
test_01070,0.47045834008645643
test_01071,0.6200767243028666
test_01072,2.5290886203414983e-05
test_01073,0.44963549917523515
test_01074,0.49287169348039134
test_01075,0.26099630394687606
test_01076,0.6013606504410492
test_01077,0.0004202360961083746
test_01078,0.3482293343416363
test_01079,0.2976994829295059
test_01080,0.002304009391522127
test_01081,0.5116570657365125
test_01082,0.0019752657180878456
test_01083,0.9851707739480076
test_01084,0.06574362125005184
test_01085,0.30582559706696705
test_01086,0.33554386011028864
test_01087,5.085109695174272e-06
test_01088,0.00017538869078240733
test_01089,0.9902647565798044
test_01090,0.7059501059277933
test_01091,0.06055328316200373
test_01092,0.4850276292698923
test_01093,0.03637873717657637
test_01094,0.8440094701500898
test_01095,2.7929129170727294e-06
test_01096,0.004898614806836736
test_01097,0.0008389196426397947
test_01098,1.3000520961842124e-07
test_01099,0.018034495977489913
test_01100,0.5367740637308289
test_01101,1.0635067832701197e-07
test_01102,0.9729535402414728
test_01103,0.00016109662397319283
test_01104,0.13365391859976705
test_01105,0.7126351127424447
test_01106,0.39465308645726505
test_01107,0.4671084129831782
test_01108,0.805500629502872
test_01109,0.13291284711050053
test_01110,0.4863072920419648
test_01111,0.5014167093909938
test_01112,0.4680604653004342
test_01113,0.5025701017188483
test_01114,2.3200605546304457e-06
test_01115,4.323847883503989e-06
test_01116,0.0003129509692604092
test_01117,4.5216954853042257e-07
test_01118,5.538022832661848e-06
test_01119,0.8914903527405835
test_01120,0.6064528124918419
test_01121,0.002833896444498135
test_01122,0.4788862115425481
test_01123,0.7481126683052921
test_01124,0.569441911303304
test_01125,0.5183057925392524
test_01126,0.6924789611390721
test_01127,6.185765158460705e-06
test_01128,0.19277864919126675
test_01129,0.003883239555525604
test_01130,2.744162531482804e-07
test_01131,0.0003986113483832085
test_01132,0.06100903818373793
test_01133,0.7065063927829152
test_01134,0.487596852416216
test_01135,0.827502393959
test_01136,0.08008874424190118
test_01137,0.37296705738522534
test_01138,0.25008829987357295
test_01139,0.27575234312651636
test_01140,0.6030301854925182
test_01141,0.38536425715833317
test_01142,0.0002834299716852281
test_01143,0.0310079200474355
test_01144,0.8850830156324454
test_01145,0.7658522622302163
test_01146,0.3804476559423788
test_01147,0.04111364578557638
test_01148,1.0800948454698908e-06
test_01149,0.005503043794607463
test_01150,0.23028197191876856
test_01151,0.5172027251488768
test_01152,6.215853239711493e-05
test_01153,0.47544254753997006
test_01154,0.7449723365085092
test_01155,0.0006451388301421082
test_01156,1.0212987966517195e-09
test_01157,0.404591086098971
test_01158,0.24885987945961566
test_01159,7.042791055682267e-06
test_01160,0.055399839395596374
test_01161,1.9584185250714258e-05
test_01162,0.3884578461787564
test_01163,0.8793085475420193
test_01164,0.0001301094387121627
test_01165,0.7393303300053444
test_01166,0.7793231730974347
test_01167,0.0009080476953729056
test_01168,0.01256461667771251
test_01169,0.7859032572010444
test_01170,0.25387142271757734
test_01171,0.5206131443117971
test_01172,0.8447303961924642
test_01173,0.8471517831743128
test_01174,0.5022758983164015
test_01175,0.3442747784920237
test_01176,0.04186478984866378
test_01177,0.00018777848336664943
test_01178,5.966920089731933e-05
test_01179,0.00487199192299937
test_01180,0.3195311579536518
test_01181,0.3111830541470119
test_01182,7.981343358458678e-05
test_01183,1.939532787435669e-05
test_01184,0.8396261094198332
test_01185,0.000720507451839731
test_01186,0.5192437746822379
test_01187,0.0004705473232937528
test_01188,1.3430273454807116e-07
test_01189,1.5441130345432703e-09
test_01190,5.8435462020887535e-06
test_01191,0.3153935220685829
test_01192,0.9089123223060841
test_01193,0.010832787271901068
test_01194,0.2620168997026935
test_01195,0.35473586084085196
test_01196,0.0864512310353518
test_01197,0.06862440952587198
test_01198,0.00017923394472812654
test_01199,0.006361917374815065
test_01200,0.4509509947801054
test_01201,1.5986325861639734e-06
test_01202,0.4971007159207357
test_01203,9.725663867965897e-06
test_01204,6.958041402553333e-05
test_01205,2.063443229940403e-10
test_01206,0.010999417073243702
test_01207,1.847091352973779e-08
test_01208,6.256830210368709e-06
test_01209,0.40444636994598726
test_01210,0.5846299199972439
test_01211,0.5562150466931873
test_01212,0.0005681875230723004
test_01213,0.5678975368515999
test_01214,0.1076456818227092
test_01215,0.016093027972860295
test_01216,0.0220045569337154
test_01217,0.014624788357604989
test_01218,8.371054499745993e-06
test_01219,0.0002233257029367661
test_01220,0.008107448206882197
test_01221,0.606734853317678
test_01222,0.6238024145799813
test_01223,0.5115982156963299
test_01224,0.5325971338173555
test_01225,9.060757801194012e-05
test_01226,8.3871091923989e-08
test_01227,0.734669703574162
test_01228,0.5459566844347805
test_01229,0.8328489120755427
test_01230,0.7776324769651278
test_01231,0.29303725526099866
test_01232,5.342107830790736e-06
test_01233,0.9465925382983489
test_01234,0.23109954713611733
test_01235,0.48645981997774973
test_01236,0.40248272610219255
test_01237,1.7596771346930648e-08
test_01238,0.17185179012596008
test_01239,0.0001609317751931291
test_01240,0.9287942515849765
test_01241,0.11231717746503136
test_01242,0.0024775155399162922
test_01243,0.06622206933342407
test_01244,7.969320974435107e-07
test_01245,0.4473555635379425
test_01246,0.7099283220008632
test_01247,0.5874903633300135
test_01248,2.0004017085550846e-07
test_01249,0.2265334410583644
test_01250,0.9886063699177036
test_01251,0.5486505651856001
test_01252,0.2463406622094729
test_01253,0.008296522690627582
test_01254,0.4624814437638652
test_01255,0.771589767792318
test_01256,0.8394134141589442
test_01257,0.0004302317772918322
test_01258,0.33849702463806797
test_01259,8.266044179487099e-06
test_01260,5.9324982071247395e-06
test_01261,3.464169386249513e-07
test_01262,7.495195436996078e-05
test_01263,3.320371411629698e-05
test_01264,3.724019122039864e-05
test_01265,0.5612585485608259
test_01266,0.346267417681924
test_01267,0.0007115303365860568
test_01268,0.6911962742097939
test_01269,0.1571328720595888
test_01270,0.8658250620394088
test_01271,0.7343348939006128
test_01272,0.3359109590540841
test_01273,0.22017812430907677
test_01274,0.000724241706173475
test_01275,0.00024574437042496105
test_01276,0.12447789797870168
test_01277,0.2687513358134133
test_01278,0.004067507775454155
test_01279,0.001146903989043272
test_01280,0.2254398239728633
test_01281,0.0006836734410750069
test_01282,0.8416373039501202
test_01283,0.0003965741971206546
test_01284,2.828496429153585e-07
test_01285,0.4263563457122276
test_01286,0.38136911691791864
test_01287,0.8863236673823758
test_01288,0.6700257298906064
test_01289,0.2580941395267086
test_01290,0.9125208101723843
test_01291,5.0587593752885985e-05
test_01292,0.3079616047930588
test_01293,0.3230930308688988
test_01294,0.028357147865068027
test_01295,0.5927174127192898
test_01296,0.0004306224472701529
test_01297,0.5213191124581725
test_01298,1.9363977506658872e-08
test_01299,0.013832852979794731
test_01300,0.20045094552383827
test_01301,0.0014292584734221796
test_01302,0.00908364224995482
test_01303,0.12266882698380047
test_01304,0.0029711964229896157
test_01305,0.3450050239323198
test_01306,0.0003915507218470399
test_01307,0.800419485266459
test_01308,0.020505848611256785
test_01309,1.377369178967243e-06
test_01310,0.5327669721973762
test_01311,7.685069403644944e-08
test_01312,1.1560115066918327e-09
test_01313,0.5868280122968063
test_01314,0.05908141277834613
test_01315,0.5187724719762439
test_01316,0.7940796164011444
test_01317,5.399291670205811e-05
test_01318,5.0006098660582435e-09
test_01319,0.23268948662075234
test_01320,0.166253692094237
test_01321,6.323960772937886e-05
test_01322,0.39482446053536224
test_01323,7.951173132666623e-08
test_01324,1.1040257191215204e-10
test_01325,0.0002864943019635683
test_01326,0.23018444409128785
test_01327,0.2693313445901348
test_01328,0.07660904038022506
test_01329,0.4944616251663549
test_01330,2.132891948086261e-06
test_01331,0.42169715576183703
test_01332,0.2822399924400196
test_01333,0.015172056320496436
test_01334,2.6250596147233294e-05
test_01335,0.9926196189246373
test_01336,0.6054549694478918
test_01337,9.214948281909997e-06
test_01338,0.5772109745621946
test_01339,0.6120698239672786
test_01340,3.7227428093883186e-06
test_01341,0.00016411790441892227
test_01342,0.4304836220920121
test_01343,0.5117605967659804
test_01344,0.7559913966153425
test_01345,0.2707157355214835
test_01346,0.7084961939922886
test_01347,4.703846644666626e-08
test_01348,0.1921632956945084
test_01349,0.3491474371758057
test_01350,0.4752012897158123
test_01351,0.48346813104920505
test_01352,0.06083834583744517
test_01353,1.0805456075655196e-07
test_01354,0.613431582142003
test_01355,0.10043031166749393
test_01356,7.260950049861012e-06
test_01357,3.746317201047807e-06
test_01358,0.0020361888959938177
test_01359,0.8382838282491638
test_01360,0.41814309448183135
test_01361,0.5554155149421063
test_01362,0.00043993684152532825
test_01363,1.8556397078232823e-05
test_01364,0.5562571544617899
test_01365,8.322378823473345e-05
test_01366,0.8183000738954572
test_01367,0.5466748034674819
test_01368,0.00014421007187142567
test_01369,1.6281948553653415e-05
test_01370,0.5029044147178049
test_01371,0.2392532140821071
test_01372,3.5996997233249074e-06
test_01373,0.0032137475293659043
test_01374,0.8886650925212587
test_01375,1.2687662248330445e-06
test_01376,0.0004744844320981402
test_01377,0.5323970120530855
test_01378,1.0440833246545525e-06
test_01379,0.002605739751950968
test_01380,0.4385644750264962
test_01381,4.039508141190516e-06
test_01382,0.7389231362091384
test_01383,0.0013455222460350886
test_01384,0.8843039832018335
test_01385,0.9547122018054333
test_01386,1.7667168098442527e-05
test_01387,0.3034550572686474
test_01388,0.2927012160948133
test_01389,0.31378514870668595
test_01390,0.21443615728455143
test_01391,0.48264137174418076
test_01392,0.2639059954379029
test_01393,0.4485304400332835
test_01394,0.2120084084614792
test_01395,0.002826038425994156
test_01396,2.1848164346435535e-06
test_01397,0.2693877568749821
test_01398,0.3639173076049019
test_01399,0.00017262892250046618
test_01400,0.08594978913532413
test_01401,0.06721215893857715
test_01402,0.45832659402477766
test_01403,0.30996127168637816
test_01404,0.00017908037913570037
test_01405,0.09430932461248871
test_01406,0.07746373771271603
test_01407,0.24653215201318054
test_01408,0.999999994743147
test_01409,0.93834630600894
test_01410,3.670401762314427e-05
test_01411,0.2671072508559269
test_01412,0.6240495380477246
test_01413,0.06190217758106854
test_01414,0.0013750578308508125
test_01415,0.16176717578645172
test_01416,0.4896735753735169
test_01417,0.004547277390419153
test_01418,0.39210144016881493
test_01419,0.00018615547051752972
test_01420,1.650368010966926e-07
test_01421,0.019002812848114985
test_01422,0.5602623543223813
test_01423,0.42834100993443447
test_01424,0.00832999798928153
test_01425,0.23807570164493647
test_01426,0.5675051770876706
test_01427,1.0664650944287019e-06
test_01428,0.3156589978502965
test_01429,1.604912453318726e-06
test_01430,0.0012559255650803317
test_01431,0.6174706585688686
test_01432,0.4696607799135837
test_01433,0.47304824348755825
test_01434,0.8865776218549308
test_01435,8.182594346085363e-05
test_01436,0.5819683833627782
test_01437,0.845826632765439
test_01438,6.77720192205659e-08
test_01439,0.8585630949090589
test_01440,0.03235045749295228
test_01441,0.5292465180011919
test_01442,1.5649961327721112e-07
test_01443,0.03538731136563147
test_01444,0.00978890085797688
test_01445,0.6478205655964742
test_01446,0.6394206226265534
test_01447,0.015213687189510864
test_01448,0.61891886316309
test_01449,0.016134563258251477
test_01450,0.0006562566328986393
test_01451,0.0968998809802486
test_01452,0.17981342621843946
test_01453,0.5240425322909953
test_01454,0.9118751507279469
test_01455,0.24944595634268646
test_01456,1.1517408883594096e-06
test_01457,0.344542502237279
test_01458,0.0010809232054953208
test_01459,0.19276523763352318
test_01460,0.40858768930885303
test_01461,0.1673491468115182
test_01462,1.8747473215663473e-08
test_01463,2.1946811452338225e-05
test_01464,8.884448716494372e-07
test_01465,0.007978766354525036
test_01466,0.32289138195988915
test_01467,0.10889191218213119
test_01468,0.0006070121658306014
test_01469,6.305411894357144e-06
test_01470,0.2833541941227419
test_01471,0.021964066581517585
test_01472,0.800602901176802
test_01473,1.2610084807144451e-06
test_01474,0.42115892951356587
test_01475,1.7604660021107493e-05
test_01476,0.21754736320412027
test_01477,3.0485116245750686e-05
test_01478,0.33221173967687706
test_01479,3.568715184831757e-05
test_01480,0.5066553106658835
test_01481,0.0008266891883483539
test_01482,0.7233418938439286
test_01483,0.5702544376996334
test_01484,0.5186746818808903
test_01485,7.256516034897472e-07
test_01486,7.856174277970177e-05
test_01487,0.0017348662939279268
test_01488,0.5524107069552575
test_01489,0.4147058178192403
test_01490,0.0004586481926242116
test_01491,0.9672692325693071
test_01492,0.0002706600424709125
test_01493,0.656897805272786
test_01494,0.06970715147316753
test_01495,0.22684446393678398
test_01496,0.5144386789313289
test_01497,0.0002968087949367906
test_01498,0.6588914303868851
test_01499,0.25400035878183486
test_01500,0.007419304898349829
test_01501,0.4125171985900746
test_01502,0.6580405576885269
test_01503,0.5631341713745337
test_01504,0.002377043509349573
test_01505,0.6690606671840487
test_01506,0.48835263214048885
test_01507,0.1564875395563777
test_01508,0.8539108950911946
test_01509,0.9098768743872673
test_01510,0.6061465975900026
test_01511,0.44720954140835456
test_01512,5.633585703967236e-10
test_01513,0.42952051530758756
test_01514,0.00014360623678091145
test_01515,8.496695047711955e-05
test_01516,0.12774721423509844
test_01517,0.233829701361307
test_01518,0.49680678132318257
test_01519,0.29993541692254105
test_01520,0.5786993579320381
test_01521,8.674022760361462e-06
test_01522,0.8586886770820926
test_01523,8.01586854507543e-06
test_01524,0.8533186750159066
test_01525,0.6592167072647367
test_01526,0.02524608757963764
test_01527,0.04101259194734669
test_01528,0.39796922122833567
test_01529,0.3780625970085993
test_01530,0.018425940696184494
test_01531,0.003335356839321393
test_01532,0.002641486038742439
test_01533,0.531601972942127
test_01534,0.4101549014421162
test_01535,0.00033822055917335646
test_01536,0.00313944388063951
test_01537,0.3429559003729871
test_01538,0.4116577384102808
test_01539,0.6424124383575919
test_01540,0.5289825967580334
test_01541,0.5642421927504622
test_01542,0.6558838739623869
test_01543,0.673890783973231
test_01544,0.23170009052856985
test_01545,0.002185456498397114
test_01546,0.0017978899929068045
test_01547,0.7536403169315044
test_01548,7.899081105551767e-08
test_01549,0.5054039933348646
test_01550,0.011110465188796069
test_01551,0.21347128934684761
test_01552,0.68528288038812
test_01553,0.001853579423877299
test_01554,0.0006237225005101949
test_01555,0.0010559112971565675
test_01556,0.5025084579144696
test_01557,0.046370511184055524
test_01558,0.6415341278536731
test_01559,0.4100654894177586
test_01560,0.5544324083026237
test_01561,0.022204690697804303
test_01562,5.589425497570577e-06
test_01563,0.6115170004971109
test_01564,0.16382238146157832
test_01565,5.497475791382056e-06
test_01566,0.7963880973146733
test_01567,0.016135825509531857
test_01568,0.6801424607314553
test_01569,0.4590088460702274
test_01570,0.3002594155162932
test_01571,0.6381472032047827
test_01572,0.7044403599204454
test_01573,0.35958442889335634
test_01574,0.0011240018458429392
test_01575,0.45811427619644346
test_01576,6.426943050080443e-05
test_01577,0.03140136560244876
test_01578,0.15405630948695376
test_01579,0.6654252673989081
test_01580,0.47828061872916666
test_01581,2.8346973846560433e-05
test_01582,0.161020019523905
test_01583,1.755232478678388e-06
test_01584,0.6714308684394872
test_01585,1.3479593051843786e-11
test_01586,0.2664206870095007
test_01587,0.3947437802425131
test_01588,0.7251840645518405
test_01589,0.8121848031438219
test_01590,0.0007477563606762963
test_01591,6.985721537123897e-05
test_01592,0.10821758600733827
test_01593,0.09562599819016741
test_01594,0.004695573640737599
test_01595,1.366389753637827e-06
test_01596,0.0007445807873374776
test_01597,0.5398423504488709
test_01598,0.5168490559866158
test_01599,0.031213500926330268
test_01600,0.5075702661229174
test_01601,0.22621395127948155
test_01602,0.5139117094181002
test_01603,0.7868785985685872
test_01604,0.7064096920175557
test_01605,0.006400336319410964
test_01606,0.46039015019302226
test_01607,0.574005268583682
test_01608,0.27234333292230956
test_01609,0.0018868827559925237
test_01610,0.021095802520259797
test_01611,0.0007457149713115409
test_01612,0.029043362021920233
test_01613,0.9052914212999602
test_01614,0.6389622251823702
test_01615,0.07490565986830812
test_01616,0.15045766139973343
test_01617,0.39809995584986996
test_01618,0.9036570916478832
test_01619,0.003988205036539993
test_01620,0.6519610059951744
test_01621,3.3249233736553935e-06
test_01622,0.816713069729266
test_01623,0.46335403592225566
test_01624,6.140760000855424e-05
test_01625,0.8908167966819692
test_01626,0.0008494071197276945
test_01627,0.49562997206875087
test_01628,0.36003683659907376
test_01629,0.0004964759295483976
test_01630,0.011026449770139375
test_01631,1.783125323192583e-05
test_01632,0.5824496636603004
test_01633,0.000185414439815617
test_01634,0.359896059089748
test_01635,0.9788627657080654
test_01636,0.0016004323121844503
test_01637,0.8288509445569733
test_01638,0.9105472748150668
test_01639,0.022061942529258735
test_01640,0.4046880703236972
test_01641,0.00011936482076534439
test_01642,0.5898475801646469
test_01643,4.8815816069983913e-05
test_01644,0.8610810869950227
test_01645,0.6797195206878057
test_01646,0.2201817507222904
test_01647,0.005343481881721474
test_01648,0.000690487844062101
test_01649,0.619302993802835
test_01650,0.84462375365779
test_01651,0.4261709489264406
test_01652,0.37249689495754734
test_01653,0.25796558490225047
test_01654,0.09553384311194989
test_01655,1.883953596071992e-05
test_01656,6.495522867236529e-09
test_01657,6.119199921468526e-08
test_01658,0.29635417886708054
test_01659,0.02667830353523812
test_01660,0.5092334191105776
test_01661,0.2689421728978063
test_01662,0.0010834271508101388
test_01663,2.4917738588386156e-05
test_01664,0.43606893687466275
test_01665,0.960403846688108
test_01666,1.3446828278787032e-06
test_01667,1.7396659954963639e-09
test_01668,0.6645225417343337
test_01669,4.793459208048479e-05
test_01670,0.4631508863208488
test_01671,0.5892532283375447
test_01672,0.5372082163967987
test_01673,0.577979525563578
test_01674,0.2403111394874628
test_01675,0.40059206447186163
test_01676,0.028699961544290692
test_01677,0.7281802206878399
test_01678,0.25736864421452627
test_01679,0.862045548973479
test_01680,0.20010756084345055
test_01681,0.7753100612227758
test_01682,0.40801953620057296
test_01683,0.19158057424422928
test_01684,0.5701929192247104
test_01685,7.275146760731544e-05
test_01686,0.00690589534057327
test_01687,0.1283751323677657
test_01688,0.389009725610726
test_01689,0.6853817189776873
test_01690,1.3890678681044104e-06
test_01691,0.5988659864026031
test_01692,0.029343865222586092
test_01693,0.503015916858803
test_01694,0.3010611889337396
test_01695,3.2999278269971275e-06
test_01696,0.5993556941359093
test_01697,0.617066173916991
test_01698,2.203924503068697e-05
test_01699,0.013326510045756459
test_01700,3.3039475316756156e-05
test_01701,0.30251954125439084
test_01702,0.0128411347810182
test_01703,0.5345926033637918
test_01704,0.0004153734712533872
test_01705,0.5625213076525779
test_01706,0.015111113548253527
test_01707,0.0018603306630980616
test_01708,0.7943453752443658
test_01709,0.23185663739277854
test_01710,0.0026341136065423988
test_01711,2.239037286901101e-05
test_01712,0.8960530003033487
test_01713,0.0411331639289893
test_01714,0.40690602221288086
test_01715,9.277164752355626e-07
test_01716,1.4534731371928105e-08
test_01717,0.8169638136171936
test_01718,0.7660579660212626
test_01719,0.5541861525546345
test_01720,0.6037538659714204
test_01721,2.904526719223446e-06
test_01722,8.075103682534753e-08
test_01723,0.35236053413278423
test_01724,0.04100678382545172
test_01725,0.2254615195273114
test_01726,1.993794198597276e-06
test_01727,8.29514851748596e-07
test_01728,0.5005623940288818
test_01729,0.4025112211756753
test_01730,0.1457081457098339
test_01731,0.4855572747492253
test_01732,0.0010785980138767152
test_01733,0.5340085402458197
test_01734,0.6684864097170604
test_01735,0.6676138054956093
test_01736,0.8040819753647094
test_01737,0.49930620803152864
test_01738,0.6918421527477371
test_01739,3.506026539438433e-05
test_01740,0.00036701232222418495
test_01741,0.669414856933244
test_01742,0.32189813058212463
test_01743,0.049075701805753456
test_01744,0.7519135228399116
test_01745,1.325901752180464e-05
test_01746,0.004157556784966528
test_01747,0.0009732473675305553
test_01748,0.45973481090702856
test_01749,0.4594917450456121
test_01750,0.0005110688359562182
test_01751,5.805176021699061e-05
test_01752,0.5919525478862442
test_01753,0.6312810486750671
test_01754,0.29878508688604616
test_01755,0.7983270793622359
test_01756,0.3870319206397391
test_01757,0.5832559860103187
test_01758,4.694112792293376e-05
test_01759,0.619480205375104
test_01760,2.001446815187348e-06
test_01761,2.2932993474664438e-08
test_01762,0.6544416432289971
test_01763,0.431069993282536
test_01764,0.0005276133066563445
test_01765,0.9686242965185855
test_01766,0.42992548651872187
test_01767,7.141437348401253e-06
test_01768,0.32090436219387597
test_01769,0.42270701474123046
test_01770,0.3878009886109837
test_01771,0.40488923414291955
test_01772,0.41615968554584537
test_01773,0.014595541130499027
test_01774,0.7879609890294786
test_01775,0.8618178818834783
test_01776,0.69227414067648
test_01777,0.3130620071688398
test_01778,3.1219509692996515e-05
test_01779,0.404871038706015
test_01780,0.00951432120773148
test_01781,0.3862124913813082
test_01782,1.6215953086713644e-06
test_01783,0.00021228485626853516
test_01784,2.2185109929907482e-07
test_01785,0.3363306687886659
test_01786,0.6640888686186904
test_01787,0.6365018939388347
test_01788,0.10237656071282494
test_01789,0.37373820938100377
test_01790,1.9755467510566775e-08
test_01791,0.7923728656695457
test_01792,0.6643272424267521
test_01793,0.4797488672980425
test_01794,0.12897915906891053
test_01795,0.10506635642213771
test_01796,0.5905970803569031
test_01797,0.5598300320866078
test_01798,0.6833974945214503
test_01799,0.015471893327155
test_01800,0.00025853367712735036
test_01801,0.45391372044768813
test_01802,2.985608767328009e-06
test_01803,0.784980948987057
test_01804,0.5082177953565901
test_01805,2.7364853286780445e-06
test_01806,0.00016896404774856597
test_01807,0.5222670873047988
test_01808,0.9559157378643363
test_01809,0.16306635774794065
test_01810,0.019916988088540918
test_01811,0.7791108648741277
test_01812,0.8380036275831944
test_01813,0.28293201592674017
test_01814,1.7677489898825376e-06
test_01815,1.4452707574262743e-06
test_01816,0.48985534332453123
test_01817,0.3442256811756235
test_01818,0.38160663535856815
test_01819,0.6455553249179211
test_01820,0.0013007726968665488
test_01821,0.580421540897397
test_01822,0.40929045674026965
test_01823,0.0001230374056817541
test_01824,0.636087025578383
test_01825,0.3901890539648286
test_01826,0.49389183901646677
test_01827,0.07668898314966685
test_01828,8.625073896284839e-07
test_01829,0.46132962141701767
test_01830,0.0006376108422232112
test_01831,7.524870746202919e-07
test_01832,0.002481545914823198
test_01833,4.560393468172659e-08
test_01834,0.34786475611128337
test_01835,0.19902613215141501
test_01836,0.0011838755196983493
test_01837,0.00012079251407619472
test_01838,0.42893565375298853
test_01839,0.002286067979246405
test_01840,2.2653155464064212e-06
test_01841,0.6278953962471059
test_01842,0.6497519250656245
test_01843,0.0001682271295293741
test_01844,0.9690339723076419
test_01845,0.43618561319261195
test_01846,0.0002072204399220491
test_01847,0.0002126407348144202
test_01848,1.749278429351333e-05
test_01849,0.01341061894113146
test_01850,0.00013862318912429608
test_01851,0.10390233240593841
test_01852,0.004676853199097214
test_01853,0.5246774353265657
test_01854,4.47840530666447e-07
test_01855,0.3375046117701795
test_01856,0.5355911101970592
test_01857,0.2760478634670943
test_01858,0.0028916498117652787
test_01859,7.301458755388523e-05
test_01860,0.6682146261983494
test_01861,0.35317021398904924
test_01862,0.7357294358596299
test_01863,0.5177820497004468
test_01864,4.483760015358871e-12
test_01865,1.6231923737542461e-09
test_01866,4.986874463112417e-07
test_01867,1.7628427248591366e-05
test_01868,0.015460969353938633
test_01869,0.386569930572436
test_01870,0.503799044823326
test_01871,0.06823341414687312
test_01872,0.38563876888761883
test_01873,0.00011917401999440975
test_01874,0.7563102830966602
test_01875,0.5529472127326582
test_01876,0.007831218415391712
test_01877,8.163932208043717e-06
test_01878,0.1990015542232854
test_01879,0.4599620059588872
test_01880,0.6233746184682333
test_01881,3.40186348828123e-05
test_01882,5.685777820377071e-07
test_01883,0.020165760786825394
test_01884,0.12078038016647881
test_01885,0.5096610468926446
test_01886,0.000850797352179195
test_01887,0.1241746922990935
test_01888,0.1395609186627854
test_01889,1.602398204978901e-06
test_01890,0.5396695467193952
test_01891,0.6633880369139915
test_01892,0.41677920239474614
test_01893,0.9001526385041196
test_01894,0.004538920320595044
test_01895,0.002161436612915451
test_01896,0.0003509758645932487
test_01897,0.9821562265465745
test_01898,0.7344696549759803
test_01899,0.8107680295420817
test_01900,0.5127566569569362
test_01901,4.392354050417288e-05
test_01902,0.804175797030531
test_01903,0.4607619177287128
test_01904,0.28399623115666467
test_01905,6.22836198944999e-05
test_01906,0.43810925608922435
test_01907,0.026887739858095634
test_01908,6.152880877016575e-05
test_01909,0.5247486149055293
test_01910,0.17082487119056347
test_01911,0.000157309715921367
test_01912,1.2117427499963738e-07
test_01913,0.7358590892734089
test_01914,0.00017783038864500178
test_01915,4.134195812819704e-12
test_01916,2.3462906504262503e-06
test_01917,0.00010498059691073533
test_01918,4.8795219748876156e-05
test_01919,0.06672600540279432
test_01920,0.0006693594932828989
test_01921,0.25621814606621424
test_01922,0.6144363252724784
test_01923,0.6450589870830128
test_01924,0.0005101387769643787
test_01925,0.004509572127971631
test_01926,0.6916913656512991
test_01927,0.005460374419997745
test_01928,0.540276503622036
test_01929,0.5410417360821109
test_01930,0.10339623245252441
test_01931,0.2760984177910512
test_01932,0.4816582495486045
test_01933,0.8061935070871508
test_01934,0.32219477015008136
test_01935,0.39406700379514165
test_01936,0.429801871528508
test_01937,0.0004274696370644995
test_01938,0.0005918243860997961
test_01939,0.8830205468954972
test_01940,0.04092767342833559
test_01941,0.6699703829427862
test_01942,0.9431607116370474
test_01943,6.046928420051269e-07
test_01944,5.155326353382676e-06
test_01945,0.4586310780369008
test_01946,0.5073600920783405
test_01947,0.42795738524651533
test_01948,0.16494364383198928
test_01949,0.008527971899170634
test_01950,1.7286125855563203e-06
test_01951,0.38389298213180123
test_01952,0.0003616346280406921
test_01953,0.1758297444043306
test_01954,0.6960498387599183
test_01955,2.833716539128873e-05
test_01956,0.15396490264638396
test_01957,0.8559376124572078
test_01958,0.025480477968827905
test_01959,0.46209062047493354
test_01960,0.0009210249415648926
test_01961,0.0005382674247348672
test_01962,4.5078310211283087e-07
test_01963,0.7718690846230705
test_01964,1.8671222231158063e-06
test_01965,7.656090726079629e-07
test_01966,1.715354972042782e-08
test_01967,0.2668562141620161
test_01968,3.4017916981066297e-09
test_01969,1.465465601668033e-10
test_01970,0.3575987114930227
test_01971,0.6093425926568584
test_01972,5.746975207188927e-06
test_01973,0.17174809271227848
test_01974,0.4019189862802864
test_01975,0.6448825549223871
test_01976,0.7910288298255294
test_01977,0.00011388940489651579
test_01978,0.0005925332698561636
test_01979,0.17061048133400392
test_01980,0.4604883934886486
test_01981,0.4861322478163364
test_01982,4.001399814541159e-08
test_01983,0.22209550851321538
test_01984,0.06361608883585083
test_01985,0.00014575249581764697
test_01986,0.706587636457778
test_01987,3.475029507566323e-05
test_01988,1.3085362440247785e-11
test_01989,0.7173159075430385
test_01990,0.05293609148830821
test_01991,1.1783310081190036e-05
test_01992,0.8011636477173316
test_01993,0.004934834615412171
test_01994,0.6370173342790115
test_01995,0.7031471030920294
test_01996,0.4777661293643139
test_01997,0.5015594111813643
test_01998,0.5355011300070379
test_01999,0.0195423679603592
test_02000,2.855276239566534e-05
test_02001,5.824763281169784e-06
test_02002,0.49551382614084594
test_02003,0.7088682133848704
test_02004,0.12943983665418
test_02005,0.6245452494926631
test_02006,0.12148422320559091
test_02007,0.3910444874283365
test_02008,0.5164401656582199
test_02009,0.007760016768944749
test_02010,0.7963498615634733
test_02011,0.6839217146515753
test_02012,0.00014789257210484917
test_02013,1.2703690746779959e-06
test_02014,5.605748715337552e-08
test_02015,0.6033278223006154
test_02016,0.2687049982997265
test_02017,0.566788871766333
test_02018,0.9081210872868893
test_02019,0.45353773266412284
test_02020,0.5689852998724977
test_02021,0.24377025712986541
test_02022,0.0005797690082749657
test_02023,0.0001920640824673345
test_02024,1.1285623402611228e-05
test_02025,0.01426521770565346
test_02026,0.0001249425925374403
test_02027,0.33359796310210216
test_02028,2.2894933290568218e-11
test_02029,1.3630613876160232e-08
test_02030,0.00028529940856477444
test_02031,0.7536405535154241
test_02032,0.0005815231384661583
test_02033,0.02342533314742528
test_02034,0.0650977186054475
test_02035,0.37643855939481285
test_02036,0.013999179258802008
test_02037,2.6010535331562204e-05
test_02038,7.391057377929394e-05
test_02039,0.00032149535169401835
test_02040,0.0005621872226573282
test_02041,0.4109470521438768
test_02042,0.2419955028582117
test_02043,0.03648598276282598
test_02044,0.0005582115837315188
test_02045,0.5682049903566095
test_02046,0.28999989591637376
test_02047,0.18275023207009963
test_02048,0.13306709592229118
test_02049,0.379863763409473
test_02050,0.7006676721803359
test_02051,0.6756359385001415
test_02052,0.686233832568099
test_02053,0.738499659529981
test_02054,0.010489475150405866
test_02055,0.00014722187967476324
test_02056,0.9912310297983001
test_02057,0.9695505594841768
test_02058,0.17141466500001876
test_02059,0.6127500219255042
test_02060,0.981114574097643
test_02061,0.3609406801305322
test_02062,0.29900669201543256
test_02063,9.794108196988457e-07
test_02064,0.0016548589151955688
test_02065,0.019092451057614156
test_02066,0.7517912821541376
test_02067,0.22090263703139576
test_02068,0.00011933136754476945
test_02069,0.09888541221940986
test_02070,4.844735360092247e-06
test_02071,0.002093493684487222
test_02072,2.8845872799784125e-07
test_02073,0.49929369958791653
test_02074,0.29273155431323583
test_02075,0.0019229503398143298
test_02076,0.5583970538869428
test_02077,0.4811226108018745
test_02078,0.09607364937707251
test_02079,7.57085871907978e-06
test_02080,0.6701119755960921
test_02081,0.4505694230077347
test_02082,0.005123564177639549
test_02083,0.31158976235046165
test_02084,0.03780870988768632
test_02085,0.311483899089032
test_02086,0.427649958352609
test_02087,0.25990102518913305
test_02088,0.48393917893648525
test_02089,0.034521189572957335
test_02090,0.0035819678051441316
test_02091,0.5535055053625808
test_02092,1.581498118081677e-05
test_02093,4.75497985752853e-06
test_02094,0.0009523873510539218
test_02095,0.0008230818435702775
test_02096,0.005530794214883888
test_02097,0.0017308858149884946
test_02098,0.023022146072552093
test_02099,0.14194945092174668
test_02100,2.8377602169380735e-08
test_02101,0.33060507990677024
test_02102,0.3580453480036753
test_02103,8.107741579685265e-06
test_02104,0.00012158163329296997
test_02105,0.7886697482390159
test_02106,5.2758967604171976e-05
test_02107,0.07106333306028845
test_02108,0.005356977435409194
test_02109,0.5492102217981928
test_02110,0.5244703668255308
test_02111,0.0388769237823716
test_02112,0.4575174802666749
test_02113,0.0004835913183350779
test_02114,0.00041941538567920995
test_02115,0.6257901509175479
test_02116,0.585245707873289
test_02117,0.19271914407318072
test_02118,0.00032045184361509767
test_02119,0.4308077518179575
test_02120,0.00019932880481254473
test_02121,0.3847291821743748
test_02122,0.639024820334148
test_02123,0.25626751098851935
test_02124,0.5235751118836254
test_02125,0.0016351539943832637
test_02126,0.03487603419300582
test_02127,0.874619034113118
test_02128,0.15979283322991544
test_02129,0.08344166519704721
test_02130,0.6207156698378979
test_02131,5.224115699170935e-05
test_02132,0.37313491970289553
test_02133,0.5344322620870172
test_02134,0.9101362865119607
test_02135,0.39071127173604964
test_02136,0.008391790756740552
test_02137,0.831275694763001
test_02138,0.0339068473384028
test_02139,0.07063420084409969
test_02140,0.591227952587798
test_02141,2.2503425365607796e-05
test_02142,0.9399309544415116
test_02143,0.00013820376401361734
test_02144,0.11992256727411879
test_02145,0.5315027459130319
test_02146,0.03401700594085312
test_02147,0.03354400117122358
test_02148,0.5834100597076906
test_02149,0.04465083208968007
test_02150,5.700914634978985e-06
test_02151,0.12712746923662566
test_02152,0.7028297996877416
test_02153,0.0003978121795476107
test_02154,0.8804379949266861
test_02155,9.382697857691664e-08
test_02156,0.5599657252049491
test_02157,0.03862773640227681
test_02158,0.5819566043273561
test_02159,0.7714631805231733
test_02160,9.556967229994834e-06
test_02161,5.5130944117640893e-08
test_02162,0.3448539889419828
test_02163,6.794233628136205e-06
test_02164,2.5726466337505125e-05
test_02165,0.1569922638877391
test_02166,1.1239155456127065e-05
test_02167,0.0006318584320891235
test_02168,0.00011133473157195632
test_02169,0.2326582808867275
test_02170,0.6534645048355165
test_02171,0.0001347495013108056
test_02172,0.028922595154613356
test_02173,0.08394823343500403
test_02174,5.871891822415884e-06
test_02175,0.46210848404100424
test_02176,0.02719150184248005
test_02177,0.22598488566488695
test_02178,0.0006303454464921008
test_02179,0.40151634552207643
test_02180,0.5483988055979552
test_02181,0.9503188891191068
test_02182,0.0009469841949425953
test_02183,0.01262297053945582
test_02184,0.7224179426442799
test_02185,8.679834187798847e-07
test_02186,0.5582687501834062
test_02187,0.6436594986410474
test_02188,0.0032636996266849484
test_02189,4.600224750112245e-06
test_02190,0.8927419624477314
test_02191,3.150770281168562e-07
test_02192,0.5195555653396711
test_02193,0.0008623284713887961
test_02194,0.7173521087846874
test_02195,0.0017032921770461667
test_02196,2.4472751755819425e-05
test_02197,0.7126730562216369
test_02198,2.7548904997075165e-05
test_02199,0.5849855546144546
test_02200,1.0038240624326817e-06
test_02201,1.7215178621498424e-06
test_02202,0.07533311592600136
test_02203,0.4586016390641824
test_02204,0.4635502464044783
test_02205,0.10271372923781147
test_02206,2.6883440789774716e-05
test_02207,0.006501017384485585
test_02208,0.8625224547077657
test_02209,0.581462868504249
test_02210,0.00011575948095375467
test_02211,0.495555046542655
test_02212,0.0013914018585089933
test_02213,0.010328329111046997
test_02214,0.5804994861639665
test_02215,0.01804678649100188
test_02216,2.8065232505645518e-05
test_02217,0.04851287233710928
test_02218,0.6886607206115614
test_02219,0.6992527015020583
test_02220,3.6155088849349644e-11
test_02221,0.4171079090940174
test_02222,7.029586777201429e-07
test_02223,0.6332535429755964
test_02224,0.5367042202373199
test_02225,0.5387451993996312
test_02226,0.15190523393178076
test_02227,0.3939117767295052
test_02228,0.34035201556731665
test_02229,0.3554807076522503
test_02230,0.4986754732944033
test_02231,2.09127976196918e-07
test_02232,3.598631141539817e-06
test_02233,0.7619898901857022
test_02234,0.08543662522863439
test_02235,0.47518154788062805
test_02236,0.010229615558673641
test_02237,0.36879899034796476
test_02238,0.0033756240477751435
test_02239,0.9470544364885307
test_02240,0.6393221819490829
test_02241,0.0018290359197957384
test_02242,0.023874026497281733
test_02243,4.6462106086618274e-05
test_02244,0.794447701350153
test_02245,0.02546097542206681
test_02246,3.4383674247434454e-06
test_02247,0.20291205108165336
test_02248,0.9016841172536646
test_02249,0.4322251496324279
test_02250,0.0005054822496950745
test_02251,0.0016881404645112733
test_02252,0.044260216849110134
test_02253,0.029625710907212457
test_02254,0.6848059371940176
test_02255,0.6359028343025348
test_02256,0.27296416075245344
test_02257,0.5867154791262451
test_02258,0.0002860746885395154
test_02259,0.0005058854170057055
test_02260,0.6614412356387652
test_02261,1.5985108036751398e-08
test_02262,0.0009455896846398855
test_02263,0.6964262960946958
test_02264,0.4449112937243683
test_02265,0.6028256422546574
test_02266,0.11277608928803966
test_02267,0.032679188408480074
test_02268,0.4260728740173833
test_02269,0.8482955730783217
test_02270,0.9832302897892984
test_02271,0.5899164554502029
test_02272,0.02812615248324415
test_02273,0.2882291512189833
test_02274,0.026317641712867993
test_02275,0.6159774415553337
test_02276,0.0015448683054855926
test_02277,0.3736997028595976
test_02278,4.334675662741754e-06
test_02279,0.44938835355856666
test_02280,0.5502227380563801
test_02281,0.56428410418648
test_02282,0.14601031122576336
test_02283,0.5388394894211621
test_02284,0.28243025211351847
test_02285,0.7571674439625558
test_02286,0.17208551260528998
test_02287,9.342799916548425e-06
test_02288,8.311885480625762e-06
test_02289,0.008870085297582143
test_02290,0.04591756596939143
test_02291,0.0009206961064324007
test_02292,0.25166679325581076
test_02293,2.3518567911898055e-07
test_02294,0.4940892621110775
test_02295,0.21018519953805676
test_02296,0.0005573959965621028
test_02297,0.9272502231787528
test_02298,0.7188607887434315
test_02299,0.0001312684562613794
test_02300,6.279384928373153e-07
test_02301,0.45933315251923895
test_02302,0.0023786866862571423
test_02303,0.6482422950131015
test_02304,0.4160017190390222
test_02305,0.0071212111226547255
test_02306,0.6932083330342435
test_02307,0.12409080266040928
test_02308,0.37446858093701807
test_02309,0.1088316064864353
test_02310,0.919824426263959
test_02311,0.9489442515088768
test_02312,0.5503077790586545
test_02313,0.8817962645574213
test_02314,0.38610229275645985
test_02315,0.00010517520556347033
test_02316,0.13844619427794821
test_02317,0.2285509058745241
test_02318,0.0005582922055053527
test_02319,7.628214546415016e-05
test_02320,0.5155154964320213
test_02321,0.0020310969042765066
test_02322,0.005339171560392208
test_02323,0.392497218224635
test_02324,0.3917384924668
test_02325,0.46781107095435936
test_02326,0.00027800659992054176
test_02327,0.1015740499776113
test_02328,6.061916162669234e-05
test_02329,8.854959897926173e-06
test_02330,0.0002095477397044475
test_02331,1.6416329301689744e-05
test_02332,0.04015309039449075
test_02333,0.0003038287467909741
test_02334,0.5887010053323914
test_02335,0.5209552672129709
test_02336,0.11475234690519537
test_02337,0.7533624619436483
test_02338,3.0132385299899325e-05
test_02339,1.2508825913832175e-07
test_02340,0.3490954370742293
test_02341,0.0005543143044239128
test_02342,0.30534198546174984
test_02343,0.8836928566468896
test_02344,0.20706107001296425
test_02345,0.4532794003111327
test_02346,0.7197138583325657
test_02347,0.5162739139523169
test_02348,0.7641476050404719
test_02349,0.0006309243022622435
test_02350,0.25740090316742414
test_02351,0.0003998358250742024
test_02352,0.00991394790011753
test_02353,0.3042174138881882
test_02354,0.27979589446411995
test_02355,0.40842530241911723
test_02356,0.6090530070515003
test_02357,0.1947408522481426
test_02358,0.3527622953633472
test_02359,2.269718925192589e-06
test_02360,0.8662284737503142
test_02361,0.6028140421951841
test_02362,0.6558814882556971
test_02363,0.0002757158192464872
test_02364,0.47956132233884524
test_02365,0.667967214749016
test_02366,0.059705063850769485
test_02367,0.4772541091785231
test_02368,7.84188193974317e-06
test_02369,9.440458035799594e-05
test_02370,0.0010764378419966265
test_02371,0.3978827152434664
test_02372,0.06001188944991074
test_02373,0.00021294891465648892
test_02374,0.0008688079094739587
test_02375,0.4702443169758194
test_02376,0.8188181276826066
test_02377,0.0015738594961996887
test_02378,0.00017349520479263374
test_02379,0.3318254870790337
test_02380,0.0006147925296877869
test_02381,0.6287701010676751
test_02382,0.001016242932070446
test_02383,0.0035145351720747646
test_02384,0.3046724889113486
test_02385,0.2173126176697286
test_02386,0.0006395556644791687
test_02387,0.0001833371832350808
test_02388,0.5750880783067317
test_02389,6.131262358913873e-05
test_02390,0.13048175130582007
test_02391,0.00025773636903833884
test_02392,0.8234896609547148
test_02393,0.0007522701598939632
test_02394,4.956501430038382e-07
test_02395,1.594984034826533e-05
test_02396,1.3002619566367139e-09
test_02397,0.1607563844946489
test_02398,9.313521815972218e-06
test_02399,0.5557723788515249
test_02400,0.0003511194036854321
test_02401,0.005088167994154168
test_02402,0.8343271524348641
test_02403,0.673561354744263
test_02404,0.00014913228542661394
test_02405,0.6381155964375474
test_02406,0.22779565939668114
test_02407,0.8227647366206597
test_02408,0.010103625854029174
test_02409,6.908203474692696e-06
test_02410,0.35150459815743784
test_02411,0.003981397825608044
test_02412,0.5791598665059401
test_02413,0.26663366916960457
test_02414,0.4005051247974103
test_02415,0.5453853986971038
test_02416,1.6076752701967925e-07
test_02417,0.6640565289537332
test_02418,0.5353348934404036
test_02419,3.540729901361146e-05
test_02420,1.941763259550669e-06
test_02421,0.5218925471673324
test_02422,0.00010432441331034325
test_02423,0.004128627916202231
test_02424,0.7923888918647446
test_02425,0.24742254291374374
test_02426,0.0005104288891136527
test_02427,0.0014859715845756687
test_02428,5.304985119852172e-07
test_02429,0.03561920764144566
test_02430,0.4286544402427841
test_02431,0.3434132626503842
test_02432,0.0002178794465701928
test_02433,0.7736920466602784
test_02434,0.8054012721120192
test_02435,0.0007938848812633039
test_02436,3.7307257723925804e-08
test_02437,0.3798121600004817
test_02438,2.1648123105514913e-08
test_02439,0.020827901525681817
test_02440,0.0028839387941818184
test_02441,0.5728636632291036
test_02442,0.0012508616918565183
test_02443,0.5090414053547757
test_02444,0.03530050634711379
test_02445,0.7661713658674446
test_02446,0.5965587396639204
test_02447,0.3924615914049667
test_02448,0.7021748280785749
test_02449,0.1457439802817637
test_02450,0.0005950271143567716
test_02451,0.8304324801206836
test_02452,0.19837540536291692
test_02453,5.96252727098385e-06
test_02454,2.6165813766370882e-05
test_02455,0.5299585449569509
test_02456,0.20102895837312504
test_02457,0.5363096359473702
test_02458,0.7571166056623994
test_02459,0.3934370253393876
test_02460,0.12069001227795223
test_02461,0.000184627344573966
test_02462,0.9689698738079521
test_02463,0.41156306997507536
test_02464,7.833642754035393e-07
test_02465,0.44236821102892077
test_02466,0.6064837705619415
test_02467,0.00037317212308052826
test_02468,0.17323380959945434
test_02469,0.5139777263089554
test_02470,0.48557710849636393
test_02471,0.7555032897137397
test_02472,3.867945430405912e-05
test_02473,0.2622234844717144
test_02474,7.657679379323777e-08
test_02475,0.34431545828039556
test_02476,1.642648370490289e-06
test_02477,0.00046373867194559915
test_02478,2.6169867306665036e-06
test_02479,0.6951726894054302
test_02480,0.8321530096465316
test_02481,0.373787831432053
test_02482,0.36501144314142964
test_02483,1.546649978677665e-05
test_02484,0.004888269980315103
test_02485,0.11060056903877546
test_02486,9.916152251766747e-06
test_02487,0.693458101027187
test_02488,0.02779056389705583
test_02489,0.00016645432985078012
test_02490,0.0007276774203078444
test_02491,0.003793035316300647
test_02492,0.5041607112411878
test_02493,6.998983249590146e-06
test_02494,0.07407885670033297
test_02495,0.020764351845740076
test_02496,0.8452453964278385
test_02497,0.5690474347480424
test_02498,0.684334636738877
test_02499,4.989356270722874e-05
test_02500,0.4831095067263364
test_02501,0.38956565844518487
test_02502,0.05127282692194563
test_02503,0.7986848804984854
test_02504,0.012993367350406527
test_02505,0.00045521757303658254
test_02506,0.3487762040228126
test_02507,0.024235565472583494
test_02508,0.2693035784797014
test_02509,0.0008964550055461253
test_02510,0.22344444924190257
test_02511,0.04342348967909359
test_02512,0.4962470322917496
test_02513,0.6655879988937029
test_02514,4.11524026083818e-06
test_02515,0.9566219379996166
test_02516,0.917153407720807
test_02517,0.0011175015555494505
test_02518,5.944887355710484e-06
test_02519,0.5935862199287248
test_02520,0.24607668433564395
test_02521,0.3338406197278506
test_02522,0.0006570791227691681
test_02523,0.1774195447648339
test_02524,0.795162203447526
test_02525,0.41090745493139536
test_02526,0.30630409995256347
test_02527,0.5041913028390833
test_02528,0.4129398476736259
test_02529,0.530924012001136
test_02530,1.948129730726115e-07
test_02531,7.434541391629158e-07
test_02532,0.40750865229289124
test_02533,5.1292256757688667e-11
test_02534,0.5745177872435843
test_02535,1.5573841666750105e-07
test_02536,0.8557492905592184
test_02537,0.27851704716571685
test_02538,0.44935137352909565
test_02539,0.5920177123060663
test_02540,0.9622546243929899
test_02541,0.7459051055406261
test_02542,0.6978248986432484
test_02543,3.5257156407224708e-06
test_02544,0.8719784721144948
test_02545,0.00015629880746353015
test_02546,0.0002029056483104295
test_02547,5.5887731388442694e-06
test_02548,0.4324930675834889
test_02549,0.0031788170138535164
test_02550,0.7286883761137288
test_02551,0.0001137583045501894
test_02552,0.8000182431023684
test_02553,0.0012070728172636346
test_02554,0.46602303278851315
test_02555,0.549794957529054
test_02556,0.23647496130235268
test_02557,0.7938097370718976
test_02558,0.8017820695075064
test_02559,0.19113628018731585
test_02560,0.460587579703923
test_02561,1.0278960843162049e-07
test_02562,9.374867012796767e-06
test_02563,0.0012795427286887275
test_02564,0.4645647262877904
test_02565,0.20099674620553348
test_02566,0.0004435657947577182
test_02567,0.4749911603415892
test_02568,0.13470158611097227
test_02569,0.2817030884831184
test_02570,0.3028671190976536
test_02571,0.024038391302728144
test_02572,0.5327698110660638
test_02573,3.2269949464647544e-08
test_02574,5.785272599965834e-06
test_02575,1.3547141649118015e-05
test_02576,0.13516382933194288
test_02577,0.22071888863332748
test_02578,3.841859487217295e-05
test_02579,0.14834144054860118
test_02580,0.7531058782032256
test_02581,8.500068260036148e-06
test_02582,0.5132971135472528
test_02583,0.4519183130799587
test_02584,0.5924055232451919
test_02585,4.746033369158517e-07
test_02586,0.7675718876664726
test_02587,1.5717421855796098e-08
test_02588,0.0002200594915620254
test_02589,0.3985198734082085
test_02590,0.0015824825600692172
test_02591,0.0001908577524579287
test_02592,0.019870743589309074
test_02593,0.0001341360462530072
test_02594,0.0001547935011252639
test_02595,6.346261209544304e-06
test_02596,0.47269912064004765
test_02597,0.23598944112848635
test_02598,0.00937018882850117
test_02599,0.7035273980043174
test_02600,0.7730542147307141
test_02601,0.09467858782085124
test_02602,0.2221849020511292
test_02603,0.16482780668531463
test_02604,0.11179921097502624
test_02605,0.16274247445031936
test_02606,0.024954882798781906
test_02607,1.964712808705125e-08
test_02608,3.263899396176225e-05
test_02609,0.6254999736013883
test_02610,0.6629541055255286
test_02611,0.25454339956128386
test_02612,0.728995545724113
test_02613,0.11935818901375496
test_02614,0.00012267035195152214
test_02615,3.661244206414052e-09
test_02616,0.2997862813923142
test_02617,0.019751265611312487
test_02618,0.027992191417439277
test_02619,0.5217127498310437
test_02620,1.21399058939585e-06
test_02621,2.133015340354189e-06
test_02622,0.6007989569602251
test_02623,0.020699886387178075
test_02624,3.879370772825504e-05
test_02625,0.009910345132071438
test_02626,0.2969189225311181
test_02627,0.6711141633784166
test_02628,0.29887166562100703
test_02629,0.0005962436459435782
test_02630,3.772032149081517e-06
test_02631,0.00014779454931104134
test_02632,0.00592737037034654
test_02633,0.08415650607766127
test_02634,0.5429729906252375
test_02635,0.6011188558265171
test_02636,0.46037865113350335
test_02637,0.0010961208336622535
test_02638,6.991561167937924e-05
test_02639,0.040069112562471663
test_02640,0.5118508821321789
test_02641,0.826535185837335
test_02642,5.706297958881429e-07
test_02643,5.614301682015313e-06
test_02644,0.438347303920304
test_02645,5.879919970416842e-07
test_02646,6.500322290605098e-06
test_02647,0.6869987439811891
test_02648,0.428459646825527
test_02649,0.00011201151085896061
test_02650,8.629523963482081e-07
test_02651,0.001273938159355935
test_02652,0.4338898072274806
test_02653,0.038465577455089044
test_02654,0.12301999928636699
test_02655,4.800511489202653e-05
test_02656,0.6182633432057981
test_02657,0.58086445423617
test_02658,0.8202355068058547
test_02659,0.34219857540995413
test_02660,0.5029684769695358
test_02661,0.14871276842011807
test_02662,0.0003665125413169892
test_02663,0.0007746244989641301
test_02664,0.22057477836464476
test_02665,0.0017071897630124237
test_02666,0.5900485654789293
test_02667,0.46532595412362077
test_02668,0.0012274929667771242
test_02669,0.7729899028042985
test_02670,0.43660406588629547
test_02671,0.16205212384435114
test_02672,0.8719130313105711
test_02673,0.9736970413758211
test_02674,0.8540706785690853
test_02675,0.5699821493268167
test_02676,0.008260865020706205
test_02677,0.2109790605541338
test_02678,0.8937170644517877
test_02679,0.2416536535898053
test_02680,0.7781836242764004
test_02681,0.0014155968075667236
test_02682,0.2329634065250925
test_02683,0.5381419810165341
test_02684,0.40184904225114226
test_02685,0.4683112756060106
test_02686,0.0059600788203843045
test_02687,0.3590071527967173
test_02688,0.46627068685004897
test_02689,0.02749385129540334
test_02690,0.48823223959579615
test_02691,0.3172663818668122
test_02692,1.0608298671563243e-06
test_02693,0.565984475635549
test_02694,0.2005402326306624
test_02695,0.7299111894838349
test_02696,7.637136376269777e-05
test_02697,0.6378505557671645
test_02698,1.810501818439358e-06
test_02699,0.0008051876104640427
test_02700,0.2514613972313044
test_02701,2.411225598539216e-06
test_02702,0.0001637699274220157
test_02703,0.6376878346190303
test_02704,0.24596436977886196
test_02705,0.011919735971258075
test_02706,0.5984301178218291
test_02707,0.02083495816594476
test_02708,0.5649496135351887
test_02709,5.413085024668833e-05
test_02710,0.6792579147698591
test_02711,0.2830508201227481
test_02712,0.026341132289319585
test_02713,0.2701085666716955
test_02714,0.32771234292642365
test_02715,0.34257970571390356
test_02716,0.5238017037529374
test_02717,0.049455622021895504
test_02718,0.49876312855960003
test_02719,0.8218578434718095
test_02720,0.014432143842778388
test_02721,7.414704188461872e-08
test_02722,0.7702265500228492
test_02723,0.3217562603378791
test_02724,0.47576297914929144
test_02725,0.00027338455910717825
test_02726,0.3777169233065728
test_02727,0.028370985918242327
test_02728,0.04329848401080411
test_02729,0.6527531840875739
test_02730,0.020725343598446744
test_02731,0.8225213199036406
test_02732,0.7192882350926552
test_02733,0.0004015237809390271
test_02734,1.6126542159583857e-05
test_02735,0.9866231535307053
test_02736,0.5502062562338393
test_02737,4.509707364669433e-05
test_02738,0.057370822643436147
test_02739,0.2084001875626366
test_02740,0.8585501083358795
test_02741,0.015968447470215513
test_02742,0.0036998649162624524
test_02743,0.027466263324955695
test_02744,0.4524951617701387
test_02745,4.8645325257147554e-08
test_02746,0.3115131608568045
test_02747,0.158516666302523
test_02748,0.4277451577224782
test_02749,1.7779725091649741e-06
test_02750,4.659318367269189e-08
test_02751,0.6956637405507388
test_02752,0.52225081530454
test_02753,2.1387748913813784e-05
test_02754,0.4747462860545639
test_02755,0.008303787103269346
test_02756,0.5200468060095665
test_02757,0.12309415761598197
test_02758,0.3781079746050485
test_02759,0.00024632867140472433
test_02760,5.158563171240575e-08
test_02761,0.7052789481055085
test_02762,0.3749868571176106
test_02763,0.0010548927182733965
test_02764,0.4724153583769325
test_02765,0.20217023294395986
test_02766,0.3240391311889786
test_02767,7.626640970174494e-10
test_02768,0.47289312523477683
test_02769,8.514483450616552e-08
test_02770,0.3861201504298397
test_02771,3.3554138585193e-09
test_02772,8.186433770934529e-07
test_02773,0.00010204286557368526
test_02774,0.363816806664703
test_02775,0.1433613889549161
test_02776,0.4219153934505178
test_02777,0.026441013794508594
test_02778,0.9512479387152473
test_02779,0.3351903346205963
test_02780,0.461943569456998
test_02781,0.2832663426931659
test_02782,0.3723079113983595
test_02783,0.3983139822250066
test_02784,0.004792234040126616
test_02785,0.47548214455456955
test_02786,0.02802000351581241
test_02787,6.480450029380416e-05
test_02788,0.6227440896716093
test_02789,0.4838149582340194
test_02790,0.020359747745687724
test_02791,0.47864594152086354
test_02792,0.0006460968716397639
test_02793,0.5843276583353402
test_02794,0.11778867982577887
test_02795,0.8865841373466339
test_02796,0.0010639927128813645
test_02797,0.4755095980830632
test_02798,0.1007548482412516
test_02799,2.382899415820791e-05
test_02800,0.00013968829107116306
test_02801,0.09831810245832938
test_02802,0.783413580312045
test_02803,0.9230291410787108
test_02804,0.00026993873311158273
test_02805,1.5522602820742242e-05
test_02806,3.2470440574927902e-09
test_02807,6.364026289784464e-07
test_02808,0.6107619622759193
test_02809,0.12702446145863622
test_02810,0.016647139417439706
test_02811,0.0007864805327546096
test_02812,0.1208780641636677
test_02813,0.06328420909900079
test_02814,0.14742701889637516
test_02815,0.3622491010478633
test_02816,0.9962578118060832
test_02817,0.4052898608604077
test_02818,0.024384266904632204
test_02819,0.0001447182856655273
test_02820,0.1790129892534516
test_02821,0.03373248872856565
test_02822,0.28080607127787044
test_02823,0.001998505278416568
test_02824,0.0005665352083692229
test_02825,0.00012707079193683316
test_02826,0.9407924544538819
test_02827,0.9548063909494977
test_02828,0.46442146070242446
test_02829,0.8611833861079502
test_02830,0.5371866256797101
test_02831,0.8029972661845701
test_02832,5.3365426683746855e-05
test_02833,0.32005515957782893
test_02834,0.6692891135338906
test_02835,0.6874257679179784
test_02836,0.21041771619772853
test_02837,0.951533467127888
test_02838,0.21819898359096063
test_02839,0.6056302235001475
test_02840,0.00015042044461593151
test_02841,0.514955502158104
test_02842,0.00010794489453966536
test_02843,6.519146762526724e-06
test_02844,3.4978138945321526e-10
test_02845,0.0010179655537031682
test_02846,0.5934433824591149
test_02847,0.00016115282927120226
test_02848,0.22561174972986434
test_02849,0.0026022852971262166
test_02850,0.3289005751908629
test_02851,0.9698054576902267
test_02852,0.12775101950723916
test_02853,0.001158685718666485
test_02854,0.32130310090894876
test_02855,1.699847071183207e-05
test_02856,0.0395364463408767
test_02857,0.6101777061260041
test_02858,0.7569260984067062
test_02859,0.6158702855605063
test_02860,0.002650909410288916
test_02861,0.8228898195348217
test_02862,0.2286888646570762
test_02863,0.6931602651501381
test_02864,9.875766689571508e-07
test_02865,6.253109679188916e-06
test_02866,0.6347789627389162
test_02867,0.8696067040404603
test_02868,0.32828533414562744
test_02869,0.32935549519676316
test_02870,0.48288356266428933
test_02871,0.6164172969817874
test_02872,0.33721272744847625
test_02873,3.2478261262115276e-06
test_02874,0.7091471329424576
test_02875,0.0003185827684863847
test_02876,1.8630402516599536e-07
test_02877,0.01933791471318339
test_02878,0.49001005308573126
test_02879,2.093206669729764e-05
test_02880,0.023487143431895657
test_02881,7.6235639286778e-09
test_02882,0.0002124225031091913
test_02883,0.6463346283096741
test_02884,6.724457986276934e-11
test_02885,0.39714591630349055
test_02886,0.9359497621858172
test_02887,0.4913666234578002
test_02888,0.03641010777668568
test_02889,0.5542770153541247
test_02890,0.14932340118073126
test_02891,0.012033632870631323
test_02892,0.535130180793903
test_02893,8.140773636082501e-07
test_02894,3.5692440501433743e-06
test_02895,0.10410788421003266
test_02896,0.03094994189420547
test_02897,0.09618566196544873
test_02898,0.691188977472963
test_02899,1.3023015383865677e-05
test_02900,0.846824453804132
test_02901,0.0008525213808260599
test_02902,0.058504131325657675
test_02903,2.2346430325708117e-06
test_02904,0.005059883372091801
test_02905,0.8676977051909996
test_02906,0.36318697953099605
test_02907,0.0001499623881584832
test_02908,1.0249679959936639e-05
test_02909,1.5903239993334413e-07
test_02910,8.422469529094118e-05
test_02911,0.24987272144367734
test_02912,7.921639819669175e-05
test_02913,8.882465969896573e-06
test_02914,0.38144825650074976
test_02915,0.21199122989399327
test_02916,0.0003237239237901328
test_02917,5.1539350493344614e-08
test_02918,0.003393633182330688
test_02919,0.262980849107323
test_02920,0.08742961485727205
test_02921,0.42768799379242145
test_02922,0.5188594529552375
test_02923,0.0006951281608835567
test_02924,0.007439774633165867
test_02925,0.06024357907029787
test_02926,0.45223819331599796
test_02927,2.7834392176036737e-07
test_02928,8.720492979107609e-06
test_02929,0.32846077545469304
test_02930,0.8881771537659683
test_02931,1.8745859490755654e-05
test_02932,0.2123839726007792
test_02933,0.11200200991850053
test_02934,0.7764175510619878
test_02935,0.4123565832550911
test_02936,0.3563740044681838
test_02937,0.0006135252839826894
test_02938,0.7961684925233018
test_02939,0.7870297298900244
test_02940,0.2937711086604708
test_02941,0.19109973410585385
test_02942,0.4333646747234366
test_02943,0.2282513590907465
test_02944,0.02636756271802693
test_02945,7.880634378109802e-07
test_02946,0.0012637410295893647
test_02947,0.23038027797537888
test_02948,2.0762070982845448e-05
test_02949,0.5690597310006442
test_02950,0.002169230313151837
test_02951,0.640514959412531
test_02952,0.8793591342739296
test_02953,3.3712666639605726e-05
test_02954,0.9605384590198276
test_02955,0.06957112980637994
test_02956,0.25961659793380887
test_02957,0.392167820881075
test_02958,0.0042534262773651355
test_02959,1.6146566831324843e-06
test_02960,0.5558293083189659
test_02961,2.138330691096668e-06
test_02962,1.192024751340789e-09
test_02963,0.6627224541038136
test_02964,3.804623437834269e-06
test_02965,6.153736911350451e-07
test_02966,0.06380992982092752
test_02967,0.1709754330044393
test_02968,0.42060543007764356
test_02969,0.5774022562677511
test_02970,0.1307648426881063
test_02971,1.5450481749071403e-05
test_02972,0.6753224058361555
test_02973,4.628702370482321e-05
test_02974,0.8899893741680411
test_02975,5.227601124818786e-08
test_02976,0.003573039477266825
test_02977,0.5478265957248308
test_02978,0.6172261446559223
test_02979,0.5952436439041704
test_02980,0.030881274659321584
test_02981,0.8849385443874177
test_02982,0.6966638373099278
test_02983,0.504291034892291
test_02984,0.02204055288006679
test_02985,0.03965102391904426
test_02986,0.4268506729251191
test_02987,0.00238759571053798
test_02988,2.9991911367439434e-08
test_02989,0.019581059356870326
test_02990,0.36415843364838546
test_02991,0.01714654396129075
test_02992,0.44582411253293924
test_02993,0.7603695517329873
test_02994,0.8724529159167933
test_02995,0.04162374490255279
test_02996,0.689427088682404
test_02997,0.34960163406445566
test_02998,0.0001576297794348092
test_02999,0.9759138061067766
test_03000,0.4870112437812959
test_03001,0.28759980590497763
test_03002,4.1676217561746594e-08
test_03003,0.43797246915963034
test_03004,0.03532690560385658
test_03005,2.862375225659236e-07
test_03006,0.0010357095815885656
test_03007,0.11044736552919669
test_03008,0.46854985412892153
test_03009,0.1323082302666968
test_03010,0.48617825343498366
test_03011,1.7007886659767222e-05
test_03012,0.04716505799805984
test_03013,0.4726851934395355
test_03014,7.325730799691665e-07
test_03015,0.1887441916797603
test_03016,0.09170804677187787
test_03017,1.883144267251486e-06
test_03018,0.12115783435644958
test_03019,0.5681704656162511
test_03020,2.0558030185643836e-05
test_03021,0.767778263338927
test_03022,2.1428290050778055e-05
test_03023,0.28559576040091483
test_03024,0.6593094560153169
test_03025,0.012850787915106365
test_03026,2.5681238890121844e-09
test_03027,0.2084061155743108
test_03028,0.001672199042023758
test_03029,0.9944055731201855
test_03030,0.5970771274474707
test_03031,0.29014551272766337
test_03032,0.08102363481823081
test_03033,0.4393589405347389
test_03034,0.19360268047640902
test_03035,0.5879438514006915
test_03036,0.44878601911268257
test_03037,0.4687611924004289
test_03038,0.0003214152574291886
test_03039,0.049449722031007566
test_03040,0.0007539200460691913
test_03041,5.277849070987142e-06
test_03042,0.3094914499724607
test_03043,0.014941018252664034
test_03044,0.6085672063750995
test_03045,1.3438253880937758e-05
test_03046,0.00013988052585319177
test_03047,0.8570202960463656
test_03048,0.6372480300437042
test_03049,0.3494200231634596
test_03050,0.5130942285339685
test_03051,0.44127649040610295
test_03052,0.00017505887873090503
test_03053,0.05123714823315303
test_03054,0.5190614378980078
test_03055,0.5526524086458984
test_03056,0.1551764956443113
test_03057,0.3537744577392101
test_03058,0.1276880390890679
test_03059,0.32583497724297067
test_03060,0.42701581374891273
test_03061,0.7683669463884447
test_03062,0.5953543964449491
test_03063,0.06077047477259035
test_03064,3.6179716793172954e-05
test_03065,0.02624262569047195
test_03066,0.06108330779063417
test_03067,0.2792231256865761
test_03068,0.06255641174821246
test_03069,6.836466159554646e-08
test_03070,0.528279521800353
test_03071,5.202560375604819e-06
test_03072,0.7795014134682531
test_03073,0.31806155762609056
test_03074,0.3201250848551348
test_03075,0.0007491330427031566
test_03076,7.105155911460949e-06
test_03077,0.3660303784549851
test_03078,0.8776920362814722
test_03079,0.9079961445556252
test_03080,0.6334610578306308
test_03081,0.5275049316134774
test_03082,0.0025590037380267545
test_03083,0.4652021012469286
test_03084,0.9686800717380922
test_03085,0.5332444064324523
test_03086,0.01943607571895324
test_03087,0.48695892673445984
test_03088,0.5472443794674388
test_03089,0.09745923061407907
test_03090,0.8765962265387942
test_03091,0.011125113248991176
test_03092,0.3668955614244192
test_03093,0.23428157402601738
test_03094,0.6417010773347007
test_03095,0.3100577332092233
test_03096,1.9063839671106127e-05
test_03097,0.34051794186380335
test_03098,0.0025528094688031158
test_03099,0.3435154756137742
test_03100,0.8187221228034747
test_03101,0.02721454627138904
test_03102,0.8733983191295371
test_03103,0.00033002431193131573
test_03104,0.8097598765343154
test_03105,0.6451297217527118
test_03106,0.2467053356326355
test_03107,0.5147571704360175
test_03108,0.0002133477047068553
test_03109,5.8676120897911115e-06
test_03110,1.4250046121041051e-06
test_03111,0.029184375900638715
test_03112,5.67602855828221e-07
test_03113,0.4536839417914555
test_03114,0.03054392562898968
test_03115,0.021325385249169986
test_03116,0.5636247056396169
test_03117,0.15270721514889468
test_03118,0.650783784850458
test_03119,5.712517340285771e-06
test_03120,0.2900398198362109
test_03121,0.24066934732881737
test_03122,0.5237623125031947
test_03123,1.0500837618351535e-05
test_03124,0.6790121866381341
test_03125,0.010104089759873872
test_03126,6.036728556181739e-05
test_03127,0.8662146969522314
test_03128,9.235241910170598e-06
test_03129,9.386825913884428e-08
test_03130,3.7310066918448796e-05
test_03131,0.5520807372568948
test_03132,0.41479640402289975
test_03133,0.3181012679681941
test_03134,0.00013629681153798137
test_03135,0.00903489229795149
test_03136,0.06468961723250644
test_03137,0.16408348549862334
test_03138,3.794356253447421e-05
test_03139,0.5217982505011335
test_03140,0.0002680166789566868
test_03141,0.4420204982947973
test_03142,3.1370322435085487e-10
test_03143,0.6433699693928737
test_03144,0.012602344198428773
test_03145,0.5213334613387277
test_03146,0.6382449179596451
test_03147,0.4548775157454927
test_03148,0.7667205218321855
test_03149,0.5240519875375761
test_03150,0.00020246306559806098
test_03151,1.614726451350273e-05
test_03152,0.47831346797990765
test_03153,0.08916835978222443
test_03154,2.3646171995646295e-05
test_03155,0.4217978081769813
test_03156,0.16513391714474385
test_03157,0.000275471119471744
test_03158,0.5106598003720183
test_03159,0.4241771322749024
test_03160,0.2824395489196159
test_03161,0.2006578728425169
test_03162,0.13437188962659777
test_03163,0.42674791714261373
test_03164,0.6306296172725656
test_03165,0.34012280742876905
test_03166,0.9154381721928074
test_03167,0.41365829765593937
test_03168,0.004030814514348891
test_03169,0.1985788007944255
test_03170,0.14310967030000424
test_03171,0.10313610094249412
test_03172,0.064153500124951
test_03173,0.6693728076776088
test_03174,2.4119883075139055e-06
test_03175,0.4219247949053743
test_03176,0.6889105470349933
test_03177,0.07249197167484064
test_03178,0.9726705460954437
test_03179,0.12843263919732276
test_03180,0.06711338474928184
test_03181,0.9866012178023912
test_03182,0.003832701085142477
test_03183,0.31462361156951757
test_03184,0.23274549277653372
test_03185,0.5099916664529054
test_03186,0.22463552546102097
test_03187,0.42460057667808204
test_03188,0.04178059148866277
test_03189,0.7989237537065376
test_03190,0.12452743470549853
test_03191,0.5971678634754561
test_03192,0.454195013964819
test_03193,0.005526334337789386
test_03194,0.4722950953349412
test_03195,0.6216326259747698
test_03196,1.106480566138621e-07
test_03197,0.011105305930907817
test_03198,0.4233556989901301
test_03199,0.40710730294870845
test_03200,0.0002099641808235909
test_03201,0.6188950469335008
test_03202,0.24297002178161597
test_03203,0.19728808315360702
test_03204,0.945554066301165
test_03205,0.6009943119367492
test_03206,0.0008525331031364954
test_03207,0.5654702801731839
test_03208,0.5764544717819271
test_03209,0.2903932256462455
test_03210,0.5674057871361532
test_03211,0.013156093699136786
test_03212,2.2280710788036206e-06
test_03213,0.40625024981926144
test_03214,4.47665602716851e-08
test_03215,0.2630997127039742
test_03216,0.7182890409399042
test_03217,2.9380131872608307e-08
test_03218,0.2384082546349711
test_03219,0.5736276587967011
test_03220,0.5153746521073174
test_03221,5.209791313026788e-06
test_03222,0.7710520045959407
test_03223,0.8376834410865657
test_03224,1.1111704974648004e-10
test_03225,0.9940021391219409
test_03226,0.0003415279799767726
test_03227,1.6051995547642855e-05
test_03228,0.7741025219578687
test_03229,0.4248986493530797
test_03230,2.6502002090845768e-05
test_03231,0.005260458578711516
test_03232,0.5953976664869765
test_03233,0.08758987683376676
test_03234,0.27071198082883446
test_03235,0.637418294593089
test_03236,5.261880711048135e-06
test_03237,3.1458230165186324e-05
test_03238,0.05523087040514781
test_03239,0.014929516563681397
test_03240,0.006566149049490858
test_03241,0.6038817158488627
test_03242,0.27335594403485747
test_03243,4.935889474138799e-06
test_03244,9.271548548373186e-06
test_03245,0.7800718471230322
test_03246,0.000257939194796106
test_03247,0.9255305867276586
test_03248,0.05003192973537738
test_03249,0.6026306063244582
test_03250,0.4398077127545226
test_03251,6.775535598084985e-05
test_03252,3.381722357876665e-07
test_03253,0.7835975771096947
test_03254,0.02813569787903147
test_03255,0.0019921905085079506
test_03256,0.4685436043173075
test_03257,1.047742750343636e-08
test_03258,0.007157970591640021
test_03259,0.8909145867447089
test_03260,0.29467141872849956
test_03261,2.1739458559735e-05
test_03262,0.003302770268085997
test_03263,0.8221991662750133
test_03264,0.5080501824531598
test_03265,0.39434952933764666
test_03266,0.045587031854384896
test_03267,4.37165276331029e-05
test_03268,9.588276144088947e-05
test_03269,0.002054289288528885
test_03270,0.417924386088311
test_03271,1.8367746166550669e-06
test_03272,0.7454725581564172
test_03273,0.5992464882198244
test_03274,0.0006127956716575025
test_03275,9.240141118264457e-07
test_03276,0.4321282139947684
test_03277,0.15386359981598574
test_03278,0.8841684617335109
test_03279,0.00033725997092259755
test_03280,0.484316459512666
test_03281,0.0024172414332672004
test_03282,0.0002076718326379155
test_03283,0.508371220527805
test_03284,1.37297759761576e-05
test_03285,0.9915700870212393
test_03286,2.836853558911845e-06
test_03287,4.5906081988523995e-07
test_03288,0.2611159451003664
test_03289,0.8637101807768512
test_03290,0.31120156591816595
test_03291,1.6196493498040242e-05
test_03292,0.47721396637554137
test_03293,0.5504438577592081
test_03294,0.38827896728378863
test_03295,2.4658184516054963e-06
test_03296,0.4168544893607884
test_03297,0.3992013047213064
test_03298,0.47362238764924475
test_03299,1.4210387702717918e-05
test_03300,0.4476475641261312
test_03301,0.08617566474452297
test_03302,0.5291873629458819
test_03303,0.34066496705445143
test_03304,0.09432185277270641
test_03305,0.7995604734937215
test_03306,0.577883940227527
test_03307,0.5035145578528436
test_03308,0.8130421141840943
test_03309,0.332337094834956
test_03310,0.4248982601365265
test_03311,1.5161904977156568e-06
test_03312,0.3560127726540478
test_03313,0.002810155760815984
test_03314,0.4000117900919414
test_03315,0.3412073435249258
test_03316,0.011384188363122305
test_03317,0.9118603942675392
test_03318,0.504167014315391
test_03319,4.4669664191252537e-05
test_03320,8.855441309182263e-12
test_03321,0.4933380665706722
test_03322,0.5549847213488629
test_03323,0.5553976674897679
test_03324,0.02808217633763114
test_03325,5.919203060174804e-07
test_03326,3.1245232240467718e-06
test_03327,2.3946808079152653e-06
test_03328,0.018046725099136657
test_03329,0.4316687495857279
test_03330,0.5110116282147922
test_03331,1.4100135678162926e-09
test_03332,0.8883480921410054
test_03333,3.507308111064135e-07
test_03334,0.5957896473166407
test_03335,0.532685939642745
test_03336,0.2774522315905364
test_03337,0.5135976726212129
test_03338,0.6331947555137319
test_03339,0.8330676126616147
test_03340,0.2647092762340874
test_03341,0.5089969547821517
test_03342,0.3452019299748597
test_03343,3.284828711786603e-05
test_03344,0.027915315545520795
test_03345,0.01297684742237699
test_03346,0.886590473141055
test_03347,0.2894561816311368
test_03348,0.4152618615235063
test_03349,0.048467171943842514
test_03350,0.33144018332859415
test_03351,0.20527188704953198
test_03352,0.6593390792317773
test_03353,0.304581984122175
test_03354,1.6830000916451126e-05
test_03355,0.11349117228834436
test_03356,0.4302422803873646
test_03357,0.54803646785375
test_03358,0.5016226686465228
test_03359,6.358545330597955e-06
test_03360,0.0010897114214216232
test_03361,0.19411025902510903
test_03362,0.0002217209564593589
test_03363,0.7179824663754845
test_03364,0.0009682800123351328
test_03365,0.43949033262868026
test_03366,0.15496427996642723
test_03367,0.08162829293946257
test_03368,0.5600494457966545
test_03369,0.45577356231963084
test_03370,0.2532296735186286
test_03371,1.713680822684479e-06
test_03372,0.3243066917111869
test_03373,0.6568168223300243
test_03374,0.744078840669461
test_03375,1.61314767755191e-07
test_03376,0.006140811428097783
test_03377,0.48410632987562396
test_03378,0.005579760937216825
test_03379,0.006290925266058044
test_03380,0.010279035700488237
test_03381,0.0012769764021787603
test_03382,4.524849819484607e-05
test_03383,8.245873893722145e-05
test_03384,0.23154230248673513
test_03385,0.5943256536850864
test_03386,0.001270243858099748
test_03387,8.520484681191786e-05
test_03388,0.10213609396886691
test_03389,2.0295169634684654e-09
test_03390,0.0020848742144813502
test_03391,0.7077803274472043
test_03392,0.543180931821621
test_03393,1.3015851959672803e-05
test_03394,0.4855682598942309
test_03395,0.0019482359297517526
test_03396,0.06564431712252919
test_03397,0.20926512489568164
test_03398,0.6687859581415031
test_03399,0.42060086920302525
test_03400,0.05260611362696996
test_03401,0.5068415578345898
test_03402,0.6487782924533574
test_03403,0.10556667367958585
test_03404,0.2195916535295844
test_03405,0.04873937551732399
test_03406,0.6380534258337262
test_03407,0.20639514136104173
test_03408,0.00011007868217606505
test_03409,0.5668778320479003
test_03410,8.469050724950546e-06
test_03411,0.0007350315498034705
test_03412,4.702375239144835e-05
test_03413,0.7438676433599392
test_03414,0.147740694036382
test_03415,0.00020696088519991699
test_03416,0.7122088759628005
test_03417,1.6324397782785973e-05
test_03418,0.5083011199258832
test_03419,1.0053829916574596e-05
test_03420,0.615543403295833
test_03421,2.2525618619518525e-05
test_03422,0.9912115593012161
test_03423,0.833616499579709
test_03424,0.44887631502428904
test_03425,1.1729303584223163e-05
test_03426,0.4485241816560516
test_03427,0.021104121999018857
test_03428,4.676447391107487e-06
test_03429,0.008945426261046578
test_03430,3.214308565131012e-07
test_03431,0.3296665688077454
test_03432,0.6518983622031358
test_03433,0.002345995666120423
test_03434,0.293298538186424
test_03435,0.001114299402326253
test_03436,4.943513034612519e-07
test_03437,0.1399387898925089
test_03438,7.262850819750644e-05
test_03439,5.13577971773821e-06
test_03440,0.3940601123047297
test_03441,0.9782259682503244
test_03442,0.0007395943967967422
test_03443,0.00020476156999894694
test_03444,0.38563497256344137
test_03445,0.0038937642690380723
test_03446,0.44395552456313775
test_03447,0.4018401772546235
test_03448,0.24314540313524516
test_03449,0.9003245306848052
test_03450,0.1281026678759883
test_03451,2.8143658177714852e-05
test_03452,0.09103206001758506
test_03453,2.3660470316513977e-08
test_03454,0.11593618882941434
test_03455,0.510961033426662
test_03456,1.199581425639345e-08
test_03457,0.5900533824925008
test_03458,5.607190886436192e-06
test_03459,3.078129660108955e-06
test_03460,0.48877766874148904
test_03461,0.4974206881515494
test_03462,0.0397259216580925
test_03463,0.5921239120648816
test_03464,0.04511297622709031
test_03465,7.646675571721765e-06
test_03466,0.9326847960158615
test_03467,9.100849227750918e-05
test_03468,0.4103539718274706
test_03469,1.3368394049126827e-07
test_03470,2.8048317267641734e-08
test_03471,0.09002311699917923
test_03472,0.1344527464850816
test_03473,4.829585647989351e-07
test_03474,0.6631369522510658
test_03475,1.5566092497854255e-06
test_03476,0.018392971741795945
test_03477,0.0009400402668080237
test_03478,0.0011306580483776904
test_03479,0.6959938701927416
test_03480,0.08402015200126305
test_03481,0.38705451581960987
test_03482,0.0022753518563087944
test_03483,9.845610995214965e-07
test_03484,0.3607841652460949
test_03485,0.3974972461381256
test_03486,0.4855912249001374
test_03487,0.09559076802708287
test_03488,0.11859318223903531
test_03489,0.8034463103618703
test_03490,0.001789670740519818
test_03491,0.001967366078304729
test_03492,0.6731645395762935
test_03493,0.6964880683864381
test_03494,0.4642344836457842
test_03495,0.1135785592450025
test_03496,0.5539435323330911
test_03497,3.6099264274035525e-06
test_03498,0.3587625663044438
test_03499,0.9466016770616512
test_03500,0.105463342084272
test_03501,0.4115715235567102
test_03502,0.4092380676003403
test_03503,0.8385931501898667
test_03504,0.23882971495247013
test_03505,0.01387879367050613
test_03506,0.49524335375687034
test_03507,6.457383592160838e-06
test_03508,0.0028259579914785356
test_03509,0.00012408183756527775
test_03510,0.00012930002889459123
test_03511,0.611094184513424
test_03512,0.40981811143814834
test_03513,0.00912456396953204
test_03514,1.6153292006048354e-06
test_03515,0.3021515643486639
test_03516,0.5677224447798499
test_03517,0.009320460248217758
test_03518,0.17845998547085298
test_03519,0.2354499618183552
test_03520,0.37072630412292307
test_03521,0.7169201058676191
test_03522,0.6668276151383874
test_03523,0.0009486705607906403
test_03524,0.7161261462652524
test_03525,0.36036585347835776
test_03526,0.032015190417153505
test_03527,0.0013434924073412267
test_03528,3.9478834639542055e-08
test_03529,0.0018004214575955255
test_03530,0.4864161824703989
test_03531,0.3289926626172683
test_03532,0.5208352942718286
test_03533,0.16220081226019628
test_03534,0.0002334410447376136
test_03535,0.19353218007204662
test_03536,0.0007652442613221334
test_03537,0.28453089760977013
test_03538,1.52615884437091e-10
test_03539,0.44725223046253076
test_03540,0.4069746003342184
test_03541,0.8240621786508497
test_03542,0.8724900100316534
test_03543,1.9525082573409993e-05
test_03544,3.094326603687069e-05
test_03545,0.000395662676688492
test_03546,0.21642218100490887
test_03547,3.0988206032872536e-06
test_03548,0.8138314333288688
test_03549,0.364456738458796
test_03550,0.008060086603795527
test_03551,0.3848095505872424
test_03552,0.5226500626998419
test_03553,0.031226502334614523
test_03554,0.698254473270993
test_03555,0.8738869465387384
test_03556,0.21852940384012473
test_03557,4.701365150737733e-05
test_03558,0.702616044798173
test_03559,0.04461348031998601
test_03560,0.6205235981344376
test_03561,0.10951731016487552
test_03562,0.8499046173632996
test_03563,0.0014157855919889465
test_03564,0.6221317691554655
test_03565,0.09490435344932338
test_03566,0.0009704659499978332
test_03567,0.004224267837996846
test_03568,0.27074485515513314
test_03569,0.2545678663188185
test_03570,5.146327986663535e-06
test_03571,5.704010207450877e-10
test_03572,0.11845166914671285
test_03573,0.366242146354171
test_03574,0.12316604933191062
test_03575,0.9191663598618658
test_03576,0.4417595693549707
test_03577,0.0468071630763132
test_03578,0.026827912251949602
test_03579,0.0007210772227872078
test_03580,9.53748742922174e-05
test_03581,6.277139168768316e-06
test_03582,0.27871670020376504
test_03583,0.0001802149461290504
test_03584,9.300661519152984e-06
test_03585,3.969895651464152e-06
test_03586,0.4032611497896815
test_03587,0.465812452953176
test_03588,0.9408160891859702
test_03589,0.34319616303876177
test_03590,0.037627183032636416
test_03591,0.1209002391765123
test_03592,3.829064646477012e-07
test_03593,0.6605020365876045
test_03594,0.0626882410830406
test_03595,0.18620749071537393
test_03596,0.7544015241986388
test_03597,0.0004781367838407905
test_03598,0.7963728894089354
test_03599,0.8123213124135885
test_03600,0.37116627971578287
test_03601,5.909273416929192e-07
test_03602,0.0102784990322803
test_03603,0.5966187439493802
test_03604,0.9477592232837305
test_03605,4.943542231828396e-08
test_03606,0.07204568047106268
test_03607,0.02594836943246722
test_03608,0.8314605628730078
test_03609,0.5994675328575559
test_03610,1.733468377134337e-09
test_03611,0.48576189673987347
test_03612,0.22771608647298094
test_03613,0.32927542270053434
test_03614,0.00010361630019781933
test_03615,0.039167541134707155
test_03616,1.62137559777066e-05
test_03617,0.2847228610271786
test_03618,2.515295288398013e-09
test_03619,0.6751748009660395
test_03620,0.9577419456161947
test_03621,0.18863947321248925
test_03622,4.172913976331123e-09
test_03623,0.08647960461381658
test_03624,0.5478070636005236
test_03625,1.1764355822009257e-06
test_03626,0.15098305095235798
test_03627,0.055863608923027004
test_03628,2.2057281495436945e-05
test_03629,0.5328624676400887
test_03630,0.0009262079558064219
test_03631,0.6898980657446926
test_03632,0.7191900412918846
test_03633,0.760369087379614
test_03634,0.0001192685464542426
test_03635,0.9367485543454647
test_03636,0.8536424336097584
test_03637,0.00015958288885379622
test_03638,0.35522208145781625
test_03639,8.362200196535903e-08
test_03640,0.550739396215534
test_03641,0.3063660788529806
test_03642,0.21879575272036964
test_03643,0.7644875033622786
test_03644,0.0123697643590799
test_03645,0.6929606146367603
test_03646,0.4491011817595349
test_03647,0.503633338926134
test_03648,0.239077945222044
test_03649,6.628957396467424e-05
test_03650,0.6367600927097528
test_03651,0.46261859861608823
test_03652,0.34266709112995597
test_03653,0.0012448729797000491
test_03654,0.0006496990840521922
test_03655,0.00015374242584130927
test_03656,0.7521322777564557
test_03657,0.5891743907981196
test_03658,2.259677500436568e-05
test_03659,2.9019058352404015e-07
test_03660,0.6109367799769381
test_03661,0.2798465829620629
test_03662,0.5073286231237507
test_03663,0.32501341650910837
test_03664,8.186817862233366e-05
test_03665,0.65004307177143
test_03666,0.6504708547465983
test_03667,0.6047117184776218
test_03668,0.00221098488130475
test_03669,0.0004430120287272026
test_03670,0.7319995380470873
test_03671,0.22934839904446847
test_03672,0.23993419723301007
test_03673,0.7772417475238641
test_03674,0.0010444405705680494
test_03675,0.9931335364383258
test_03676,0.41255891920574167
test_03677,0.2591785984324723
test_03678,0.3523081455183791
test_03679,1.2732284180344788e-06
test_03680,2.901248036813823e-05
test_03681,0.48149542081824737
test_03682,0.7177443255034732
test_03683,1.9897549572168225e-07
test_03684,0.0008848339827428336
test_03685,0.49437159334315817
test_03686,0.3632697259728165
test_03687,0.324967374036318
test_03688,0.7359254050724706
test_03689,0.0017637913223977374
test_03690,0.5036039692076022
test_03691,0.5652967412720757
test_03692,0.020108513053631403
test_03693,0.7778870386470647
test_03694,0.0026686346514599914
test_03695,1.0270084962141302e-05
test_03696,0.27441156107838416
test_03697,0.6573770652519226
test_03698,0.0038410459275400183
test_03699,0.904294596369943
test_03700,0.0036427941781652018
test_03701,0.23104427762502214
test_03702,0.5703273807315934
test_03703,0.5538217068175637
test_03704,7.122749975943899e-07
test_03705,0.039727550106975526
test_03706,7.434382240363312e-07
test_03707,0.26639181198328077
test_03708,0.7800919755219015
test_03709,0.9035637955059272
test_03710,3.316162729679809e-05
test_03711,0.5119144358248503
test_03712,0.23362402847385957
test_03713,0.24226019794728312
test_03714,0.10747526515217673
test_03715,0.8674048106503717
test_03716,0.6423371663278599
test_03717,0.545844540694958
test_03718,0.5978005801732219
test_03719,0.6978544473631538
test_03720,0.41268644836050317
test_03721,3.6978505786629447e-07
test_03722,1.200974636509627e-05
test_03723,0.09715091035775096
test_03724,2.204701969093672e-05
test_03725,0.11141514651765538
test_03726,1.3164440282135152e-06
test_03727,0.00013571127018598277
test_03728,0.05878898069137469
test_03729,0.5208609951538334
test_03730,0.017523395804161252
test_03731,6.749823392420602e-05
test_03732,0.0011234757796498474
test_03733,0.6065650158656467
test_03734,0.4388871068279777
test_03735,0.3405525955483673
test_03736,0.05136183468650418
test_03737,8.169070830981079e-05
test_03738,0.5333547905449043
test_03739,4.4458484295359574e-07
test_03740,0.38394664845450316
test_03741,0.020969304497271687
test_03742,0.5429514567139783
test_03743,0.8246356913845091
test_03744,0.24497503831891398
test_03745,0.0587942125567321
test_03746,0.41828384151079184
test_03747,0.15462210819668723
test_03748,0.0003508709080368385
test_03749,0.6852930416172563
test_03750,0.5332833288320755
test_03751,0.40995037691493114
test_03752,0.0032908722309104633
test_03753,0.4886833432038416
test_03754,0.3477433828150482
test_03755,4.178939631358278e-09
test_03756,0.8670936289507346
test_03757,0.027984833574470323
test_03758,0.33140576944397393
test_03759,0.23808779057233642
test_03760,0.34762115695469004
test_03761,0.013018008114395076
test_03762,1.7329632893953403e-08
test_03763,0.272521100298028
test_03764,2.333504542295505e-05
test_03765,0.11991781331559888
test_03766,0.764995174461331
test_03767,0.4565809784163395
test_03768,6.769305379674831e-05
test_03769,1.1101241576518534e-05
test_03770,0.3794495626970128
test_03771,0.4906489652722976
test_03772,2.8831982156000256e-07
test_03773,0.0011356321200388896
test_03774,0.6800166638294195
test_03775,1.2548084808694702e-08
test_03776,0.3451328303255001
test_03777,0.10701956117104497
test_03778,0.6251328101860527
test_03779,0.5079289216003086
test_03780,3.739083455670711e-06
test_03781,3.1583082722428095e-05
test_03782,0.3419938440282328
test_03783,0.09017236248271489
test_03784,0.7544946806053323
test_03785,6.8078069673495e-08
test_03786,0.0005763237142791803
test_03787,3.2770467959923905e-08
test_03788,0.2700961646045517
test_03789,0.5909270537762964
test_03790,0.1257442421852262
test_03791,0.00021199130238874257
test_03792,0.004649625827236221
test_03793,0.317012064406706
test_03794,0.46481556717844874
test_03795,0.013320734195950984
test_03796,0.0023387686286198664
test_03797,0.3454741133561206
test_03798,0.0020230517710963934
test_03799,0.884257883552414
test_03800,0.031025697522736925
test_03801,0.021120362251836278
test_03802,0.23616495580352911
test_03803,2.1553126762269045e-05
test_03804,0.3469319901539236
test_03805,7.435654241053073e-06
test_03806,0.7853918524992889
test_03807,0.36560388280133327
test_03808,0.18146769663591075
test_03809,0.46904793508847376
test_03810,0.13319465998879687
test_03811,0.0420567228201448
test_03812,0.0009855575887716325
test_03813,0.4033131428258245
test_03814,0.6641064208993258
test_03815,0.4952110069090719
test_03816,2.9954615786289767e-06
test_03817,0.0012654736844262477
test_03818,0.057114231591753856
test_03819,0.2148867510004821
test_03820,0.37871341095634387
test_03821,0.5567665745820972
test_03822,0.33641059994214056
test_03823,0.9400859801674201
test_03824,0.8004907692247888
test_03825,0.5948940047653463
test_03826,0.00014850065346958154
test_03827,0.3074805953246187
test_03828,0.510006577071998
test_03829,0.6885613399341891
test_03830,0.12948829682189
test_03831,4.998138370962463e-05
test_03832,0.24561311439648462
test_03833,0.7702878723073666
test_03834,0.6604442952613299
test_03835,0.24522295326602955
test_03836,0.3894286377578355
test_03837,0.00021944800830215485
test_03838,0.009997046766747222
test_03839,0.5798717151622674
test_03840,0.00017308138844767087
test_03841,0.00698350104519365
test_03842,0.4773099249320883
test_03843,2.938853033298069e-05
test_03844,0.0001283246870812987
test_03845,0.4797623759638915
test_03846,1.4837187629060362e-06
test_03847,2.7665540967698776e-07
test_03848,1.223588263132827e-06
test_03849,0.5431629300080245
test_03850,0.35448530007353457
test_03851,0.5045708939857693
test_03852,0.0017147398608307756
test_03853,7.597018347478766e-05
test_03854,0.0014354472464657637
test_03855,0.5363219863357446
test_03856,0.895864845990646
test_03857,0.46677017763206513
test_03858,2.2326875201376503e-05
test_03859,0.31006552843152807
test_03860,0.46549476474140133
test_03861,0.03982662163426526
test_03862,0.44822307872511213
test_03863,0.8894671365232434
test_03864,0.5390346860023125
test_03865,0.6628156373750911
test_03866,0.38810985105515333
test_03867,0.4153687475037656
test_03868,0.10461600474380714
test_03869,0.7987066752019466
test_03870,0.43806756854250195
test_03871,6.218618196255482e-10
test_03872,0.20374077305470975
test_03873,0.2534643846371371
test_03874,0.1820875806073467
test_03875,0.41816045001070046
test_03876,0.5271078236667671
test_03877,0.24927175373585572
test_03878,0.40720165859698043
test_03879,0.8222492044394928
test_03880,3.201776964439731e-07
test_03881,0.0025890485731225993
test_03882,0.5365757337575167
test_03883,0.7288498011867547
test_03884,1.5923221017532448e-06
test_03885,0.27129897771062006
test_03886,0.0001092836767164744
test_03887,4.698962872888086e-06
test_03888,0.20751052766525682
test_03889,6.304993952083853e-05
test_03890,0.020497673055541947
test_03891,0.7210968788202469
test_03892,0.02647128251938608
test_03893,0.49300414034085194
test_03894,0.39814511106476846
test_03895,0.4862105706097943
test_03896,0.3356607949058262
test_03897,0.5863517603101508
test_03898,0.5182947175157989
test_03899,0.6124794890097555
test_03900,0.7872888428809236
test_03901,0.00015567343554836406
test_03902,0.6861495961575227
test_03903,0.029630668523687967
test_03904,0.22459272719280426
test_03905,0.003450300990451191
test_03906,0.4176524783977357
test_03907,3.534103924192637e-08
test_03908,0.017380102232398692
test_03909,0.48899265036343414
test_03910,0.493356657243779
test_03911,0.3819581113160646
test_03912,5.973471249889786e-05
test_03913,0.0002985289431115092
test_03914,0.568753510257074
test_03915,0.0020300206568840376
test_03916,0.41063502216365244
test_03917,0.5783429737222723
test_03918,0.05714881252143946
test_03919,0.6833383165066254
test_03920,0.004378040103543332
test_03921,5.1767699781842635e-05
test_03922,0.172801725466226
test_03923,0.7353430766480235
test_03924,0.23549145351224135
test_03925,0.4696095380423374
test_03926,0.11353944349731386
test_03927,0.123413657028833
test_03928,0.10692744315658544
test_03929,0.3765178575434384
test_03930,0.13632720658525702
test_03931,7.123117425762746e-05
test_03932,0.258625932721554
test_03933,0.09234756402396084
test_03934,0.547879797242858
test_03935,5.579911234380836e-11
test_03936,0.49154144105402736
test_03937,0.00015740900473209488
test_03938,1.1585145965850838e-06
test_03939,0.19482022400431645
test_03940,0.03852073280550225
test_03941,0.4654009162392518
test_03942,0.4767009100760357
test_03943,0.00038623667241220776
test_03944,1.722233900163333e-05
test_03945,0.005295861378432748
test_03946,2.014527340695618e-05
test_03947,1.722336605984497e-05
test_03948,0.4991926893353149
test_03949,0.05352083726419167
test_03950,0.8309605281568622
test_03951,0.4371729507712632
test_03952,0.5193056454365379
test_03953,1.810726535315863e-06
test_03954,0.8990108546415023
test_03955,2.100631405374424e-05
test_03956,0.24891618936632398
test_03957,0.5152999404485864
test_03958,2.1435312864608293e-09
test_03959,0.13272551647803094
test_03960,0.7974381909408446
test_03961,0.5498190224891334
test_03962,4.2550316061603395e-07
test_03963,0.48608580475150776
test_03964,6.280831756325937e-07
test_03965,1.9188287977950834e-07
test_03966,1.5553324046665812e-06
test_03967,0.2222537275338427
test_03968,0.6309927427443603
test_03969,0.00027863180794181127
test_03970,0.6269684257855178
test_03971,0.00034223957596251443
test_03972,0.0004253549479262487
test_03973,0.04227971197354792
test_03974,0.3122553391244688
test_03975,0.538019213373058
test_03976,0.7078865786107885
test_03977,0.5674713114194618
test_03978,0.43332409565325175
test_03979,0.5868854301489711
test_03980,0.7276189627100673
test_03981,0.3552653277143646
test_03982,0.9265491740866646
test_03983,0.6996664802960229
test_03984,0.4919962835116622
test_03985,0.5215531021218979
test_03986,0.012915728838698685
test_03987,0.4540923625781118
test_03988,0.6005358109566395
test_03989,0.3860986268745313
test_03990,0.00025932849558381836
test_03991,0.17821499129267876
test_03992,0.6480757292364606
test_03993,9.993392865096496e-05
test_03994,0.008728296185684683
test_03995,0.6103502350828036
test_03996,0.0020392216790259565
test_03997,0.007288037090321889
test_03998,0.7016162570167583
test_03999,0.3514577190018297
test_04000,0.3690632380309517
test_04001,0.0011876825655679293
test_04002,0.4637256656929281
test_04003,0.4619705269461954
test_04004,0.18828045772367577
test_04005,0.29590376374431676
test_04006,0.4344962166383752
test_04007,0.44900223687167534
test_04008,0.3488084831991969
test_04009,0.0025917325648332655
test_04010,0.7082072169065067
test_04011,0.3326005551469627
test_04012,0.14698735021330267
test_04013,0.00017642752683786443
test_04014,0.4094216090193215
test_04015,0.642835736780913
test_04016,8.904169488607363e-05
test_04017,0.49818962989235716
test_04018,0.004148766178170696
test_04019,3.2456102599662445e-05
test_04020,0.48452286912140946
test_04021,0.1641199686757002
test_04022,0.014796593538925635
test_04023,0.2632868779523533
test_04024,0.004143808827841216
test_04025,1.2199894268961687e-11
test_04026,2.063487403058698e-10
test_04027,0.0013146101843748063
test_04028,0.39530392226433236
test_04029,0.2625325176243696
test_04030,0.03200738633439392
test_04031,1.1072497094866896e-06
test_04032,0.25607983486238395
test_04033,0.23842738893594811
test_04034,0.013288469796899868
test_04035,0.5194563218251538
test_04036,0.7661194215733961
test_04037,3.596726825909787e-06
test_04038,9.016594185650154e-08
test_04039,0.11273570437452612
test_04040,0.00019300544869244155
test_04041,0.8122367973970478
test_04042,0.7700297766969674
test_04043,0.5792543096215031
test_04044,0.4012145716830353
test_04045,1.6626717114520744e-06
test_04046,8.575312733966516e-05
test_04047,1.740938867030887e-05
test_04048,0.4526125152553468
test_04049,0.287980520009477
test_04050,0.3976345339428675
test_04051,7.419713383343289e-08
test_04052,0.0002898114071567631
test_04053,0.09784387007977743
test_04054,8.573639868645982e-08
test_04055,2.3147422419891333e-05
test_04056,0.009624297296701162
test_04057,3.777354821353867e-09
test_04058,0.5425688053354024
test_04059,0.5639349986293116
test_04060,0.6015506863562401
test_04061,0.048417722624686875
test_04062,0.5351800158611524
test_04063,4.821619034178345e-07
test_04064,1.1159839238134608e-05
test_04065,0.4265253345948111
test_04066,0.6940441404059475
test_04067,0.4954388123334566
test_04068,0.31464565726695803
test_04069,1.099826642949311e-07
test_04070,0.6769233283910298
test_04071,0.206003510949555
test_04072,0.0022936188645996947
test_04073,0.13221580829228533
test_04074,4.815197487636792e-06
test_04075,0.004065569940493233
test_04076,0.0028116490882798386
test_04077,3.938643419964205e-05
test_04078,0.7009100181510297
test_04079,5.717079746505211e-05
test_04080,0.8362266441315069
test_04081,0.8263215949223095
test_04082,0.2663373039759911
test_04083,0.047638296065626105
test_04084,0.0003890875680103863
test_04085,0.42909131369933473
test_04086,0.3960391793018182
test_04087,0.9807204590913099
test_04088,0.5328069183737176
test_04089,0.4789804254386403
test_04090,0.7502552132561274
test_04091,5.28922831081401e-09
test_04092,0.8216237227742085
test_04093,0.8647506410992333
test_04094,0.0009455357572858721
test_04095,0.5925116795208496
test_04096,0.48463394089200296
test_04097,0.7532189433490706
test_04098,0.5453502073233464
test_04099,0.5959933165373736
test_04100,0.005112871194428046
test_04101,6.123666455717342e-10
test_04102,0.4401464506298142
test_04103,0.1028160046601655
test_04104,2.925031753169222e-05
test_04105,6.062564287211846e-06
test_04106,0.1726120526951819
test_04107,0.3746487071077161
test_04108,0.33440572246769135
test_04109,0.563590297710085
test_04110,0.527606704197071
test_04111,0.026508742662829418
test_04112,0.4082942005469744
test_04113,2.1668125896342123e-08
test_04114,2.972943105610194e-08
test_04115,4.362309664426656e-06
test_04116,0.060203833048759155
test_04117,0.4125178914786405
test_04118,0.21723979609743826
test_04119,6.645825870655566e-05
test_04120,0.001449031411168794
test_04121,0.687583453980386
test_04122,2.654878644768087e-05
test_04123,0.008873359229277488
test_04124,0.6854772827265777
test_04125,0.30458795230322555
test_04126,0.4911096889560817
test_04127,5.365524195989042e-07
test_04128,0.20475453070104713
test_04129,0.06861376565830514
test_04130,2.449637067059973e-10
test_04131,0.12396232125292223
test_04132,0.4768937087617005
test_04133,0.053724652607221014
test_04134,0.6520244793391677
test_04135,0.0007622217374673905
test_04136,0.05429852224910864
test_04137,0.5416253277131506
test_04138,0.6435509541353397
test_04139,0.13070089590357167
test_04140,0.0020998121940595097
test_04141,0.06591979717367558
test_04142,0.0006145546486527381
test_04143,0.37536490718273774
test_04144,0.00019475415957199
test_04145,0.8069020473665948
test_04146,0.5494109265502582
test_04147,0.10392893457194596
test_04148,0.0005999315531693783
test_04149,0.03462640882680341
test_04150,1.1413906535427023e-06
test_04151,0.01192992591162254
test_04152,0.6053993522697899
test_04153,0.4141851249361381
test_04154,0.007984349747078134
test_04155,4.545216497972332e-06
test_04156,0.2567043591806201
test_04157,0.0034193162649540404
test_04158,0.6603724447923575
test_04159,3.8001852704779034e-06
test_04160,0.4991305145093584
test_04161,0.3598818771720528
test_04162,0.5114506613519314
test_04163,7.547309078011709e-10
test_04164,0.01766165168247846
test_04165,0.7064181222006296
test_04166,0.0014864832884733052
test_04167,5.001155474446462e-06
test_04168,0.36976730998530727
test_04169,0.5774302646354155
test_04170,0.814152423305955
test_04171,0.8867487741092195
test_04172,0.00018263012319900913
test_04173,0.5375312031183157
test_04174,0.03750721336650123
test_04175,0.48275185732740195
test_04176,0.6503815537382883
test_04177,0.6740102609363269
test_04178,0.8779159596810794
test_04179,0.6874275775500787
test_04180,0.00020403703171091876
test_04181,0.00042511121935917155
test_04182,0.6711692887410976
test_04183,2.8567508214269736e-05
test_04184,0.0002160565914021023
test_04185,0.49866188679517937
test_04186,3.514827915849294e-07
test_04187,0.21331356750182776
test_04188,0.19158398721007922
test_04189,0.00018730340006909736
test_04190,0.0006108483114409489
test_04191,0.7594488785192839
test_04192,0.11281232917589665
test_04193,0.7353469219427524
test_04194,1.456339818301794e-06
test_04195,0.2593804946256263
test_04196,0.04438060919842281
test_04197,0.009316458367959605
test_04198,1.7891952978590957e-05
test_04199,0.7553369764409087
test_04200,0.3558188503201827
test_04201,0.0026281309370352664
test_04202,0.04903689143277018
test_04203,0.0015775087371762123
test_04204,0.5657377430198157
test_04205,0.2650762174114372
test_04206,2.77950508399816e-07
test_04207,0.2868721909822471
test_04208,0.5350003640324085
test_04209,0.43989618003464714
test_04210,2.4134184697087064e-07
test_04211,0.5504802540383297
test_04212,0.5443206480310683
test_04213,1.6014608670662713e-06
test_04214,0.10427332936415716
test_04215,0.624571370336772
test_04216,0.500036739954164
test_04217,0.7221665105297
test_04218,0.008824079302947775
test_04219,1.4225972057531619e-05
test_04220,0.664135283466715
test_04221,0.04719889313037554
test_04222,0.934377617790188
test_04223,0.9134630387233317
test_04224,0.00012634961408389866
test_04225,0.5664184106041448
test_04226,0.6784189549542159
test_04227,0.6936031118605674
test_04228,0.7327947675475449
test_04229,0.4159517747173437
test_04230,0.15376839930864222
test_04231,0.3810346349447756
test_04232,0.00036541335015582033
test_04233,3.43593861687049e-05
test_04234,0.2600534104564355
test_04235,9.98689619765563e-05
test_04236,9.191060928723005e-06
test_04237,0.11062861175009496
test_04238,1.676675676273014e-06
test_04239,0.0005684621218853919
test_04240,1.8335989804532143e-06
test_04241,0.9592390781851305
test_04242,0.27480386285042424
test_04243,0.0007533002680148035
test_04244,0.08479969651241188
test_04245,0.8870733249157526
test_04246,0.8659009246849968
test_04247,0.006316302220169739
test_04248,0.00010930044232154278
test_04249,0.33933995394693267
test_04250,0.22105431126152666
test_04251,0.7784023564272777
test_04252,0.25702043353323784
test_04253,0.0001621783799647318
test_04254,0.4341499386466486
test_04255,0.24467682021814646
test_04256,0.035723400575382605
test_04257,0.0019219933734268807
test_04258,3.620164656085004e-06
test_04259,0.7405142769755124
test_04260,0.0033726545707362375
test_04261,0.011163243180152507
test_04262,0.030836015760604452
test_04263,0.29435916462855427
test_04264,0.772238251980084
test_04265,0.5328197526043473
test_04266,0.3031590884844531
test_04267,8.741057112094109e-07
test_04268,0.17182643910146428
test_04269,0.6129921004941394
test_04270,0.0007164243444273738
test_04271,0.5823172305348754
test_04272,0.4338183057811033
test_04273,0.00012145210840581754
test_04274,0.00022836117984819472
test_04275,0.4222497314777968
test_04276,0.20503001089973322
test_04277,0.9628481692755141
test_04278,0.2955253409678731
test_04279,0.5782691044660083
test_04280,0.00011082879378179603
test_04281,1.812475186028685e-05
test_04282,0.00013958165555386128
test_04283,0.5208897507541856
test_04284,0.3915143505328875
test_04285,0.0655565520041672
test_04286,3.732916986893729e-08
test_04287,0.813212240741529
test_04288,0.6048459847409484
test_04289,0.9949546678298632
test_04290,0.7443978286624527
test_04291,0.32508232405751897
test_04292,0.25758145103933
test_04293,0.7660333571084755
test_04294,0.00020499945784053993
test_04295,0.00037301890691295584
test_04296,0.5455490987503099
test_04297,0.6831657149043524
test_04298,0.6991593188128468
test_04299,0.09931310725993353
test_04300,0.0005479739403361886
test_04301,0.6199651381802539
test_04302,0.3945538616942598
test_04303,0.0015646318870753532
test_04304,0.9512544592482276
test_04305,0.810872706391777
test_04306,0.49861063481093154
test_04307,0.8033058765626576
test_04308,2.6227232942711284e-06
test_04309,0.47449465622990944
test_04310,0.9226043168134777
test_04311,0.4955878915117552
test_04312,2.5784084064575735e-06
test_04313,0.17068864570079714
test_04314,0.695765394715235
test_04315,0.6503056225624374
test_04316,0.3937864663745676
test_04317,0.3991440045251066
test_04318,0.6855891121273168
test_04319,2.9490198881197863e-06
test_04320,0.3113747221908935
test_04321,0.42531406645521347
test_04322,0.8971697836173261
test_04323,0.000744092123271112
test_04324,0.8265325687298237
test_04325,0.001331146360297189
test_04326,0.3427958240673538
test_04327,0.91022135455228
test_04328,0.5213273084158632
test_04329,0.2999965373499283
test_04330,0.6638585648968643
test_04331,0.6554991578389202
test_04332,0.4730548731233472
test_04333,0.14898780312964172
test_04334,0.00011700634802004114
test_04335,0.09966816254114755
test_04336,1.71911687674628e-08
test_04337,0.3218335878877849
test_04338,0.4637659654764517
test_04339,0.0734986834096623
test_04340,1.3741737132576574e-05
test_04341,0.5937459657935253
test_04342,0.2304631085403367
test_04343,0.18222001922042377
test_04344,0.5800991152825663
test_04345,0.15397619807916557
test_04346,1.1051600340895605e-05
test_04347,0.4543656949474207
test_04348,0.0007729793337829466
test_04349,0.23292597539728316
test_04350,0.006004600032918383
test_04351,0.20700253294776186
test_04352,0.793931578681661
test_04353,0.5119665335073142
test_04354,0.0023974381116494163
test_04355,0.0012530419510126132
test_04356,0.0001466636486425459
test_04357,2.245004426272132e-06
test_04358,0.010356999238860696
test_04359,1.125906867991793e-06
test_04360,0.785034562050191
test_04361,0.8045424663713429
test_04362,0.43447611227302246
test_04363,0.4966793018993305
test_04364,0.618262358286866
test_04365,3.976943571956097e-05
test_04366,2.9794750819484676e-05
test_04367,0.2888570437711616
test_04368,0.5096578327493765
test_04369,0.4238638585548974
test_04370,2.729224028085142e-06
test_04371,0.0007101024392828241
test_04372,0.467733681032563
test_04373,0.16656495618913048
test_04374,0.8823138479256959
test_04375,5.937095936183693e-05
test_04376,0.018001975801126762
test_04377,0.32686315006207656
test_04378,0.49277696918765784
test_04379,1.8017727995172002e-07
test_04380,0.5861332978468603
test_04381,0.9136502368773938
test_04382,7.58735496434324e-05
test_04383,0.5983874766661322
test_04384,0.2817026050368011
test_04385,0.6433119559353775
test_04386,0.5361222991063415
test_04387,0.10107207814756011
test_04388,1.6171635798469882e-11
test_04389,0.5211059419941109
test_04390,0.4197046051319939
test_04391,0.0005173635102231563
test_04392,0.007233358963350319
test_04393,0.7654318279459426
test_04394,0.5638003555604026
test_04395,0.4027689471011085
test_04396,0.043495477478289156
test_04397,0.5611452938714969
test_04398,0.04121166004452732
test_04399,0.00011353809468465577
test_04400,0.3723245278644178
test_04401,0.00014952033671953704
test_04402,0.1961415708394691
test_04403,1.597837957492308e-08
test_04404,0.0004584793429489727
test_04405,0.0002866533218681149
test_04406,0.0075483566738764885
test_04407,0.06644662518957921
test_04408,3.134329598721089e-06
test_04409,0.7200893021894363
test_04410,0.2950194946911844
test_04411,0.4823905010771311
test_04412,0.4177624148070632
test_04413,0.5385390482827804
test_04414,0.4195566651711317
test_04415,0.0003086845344336847
test_04416,0.7918334284537788
test_04417,2.6740949502547994e-08
test_04418,0.42669289896414536
test_04419,0.8302023382732303
test_04420,7.700245766481042e-06
test_04421,0.0010472775324318394
test_04422,5.951906107469252e-06
test_04423,0.10590484966533009
test_04424,0.0007012874667316784
test_04425,0.060064275807855845
test_04426,0.19542409247911663
test_04427,0.7650119942396019
test_04428,0.05143937314733831
test_04429,0.9269159407693588
test_04430,0.579524996851192
test_04431,0.0005857364616271446
test_04432,0.24217933620569543
test_04433,2.254349832903871e-07
test_04434,0.02060537464895521
test_04435,0.8706094634933863
test_04436,0.00013710385668610944
test_04437,0.43419575773153113
test_04438,0.36182617017316276
test_04439,0.10447891554952879
test_04440,0.4311835576468431
test_04441,0.754612694569215
test_04442,3.80724042346468e-05
test_04443,0.7477930868176302
test_04444,0.6761164026377642
test_04445,0.9788158940016212
test_04446,0.27672085377150657
test_04447,0.08428253268532973
test_04448,0.00045936540043146234
test_04449,0.048986907098839245
test_04450,0.7264462345798903
test_04451,0.6996121288061992
test_04452,2.933663002669839e-06
test_04453,0.3747310792891137
test_04454,0.0016130015525490792
test_04455,0.9293861813507754
test_04456,1.201770623166358e-06
test_04457,4.783130393397026e-06
test_04458,0.0026061265858269354
test_04459,0.2057287373790515
test_04460,0.1544879719074985
test_04461,0.3167813336933839
test_04462,0.21372837077852813
test_04463,0.8514250914258275
test_04464,5.168414122895536e-06
test_04465,0.479969493981293
test_04466,0.4888970693014812
test_04467,0.0034482327368832834
test_04468,0.5392586056969875
test_04469,0.030749258300102087
test_04470,8.374549216094745e-05
test_04471,5.2819275169725795e-05
test_04472,0.12772048776450648
test_04473,0.006707138786389188
test_04474,0.6473570528806686
test_04475,3.496191603034057e-05
test_04476,0.01011374480328123
test_04477,0.36408787797429004
test_04478,1.0705075379024146e-09
test_04479,0.4892918204764315
test_04480,0.014530324451668837
test_04481,0.8915292117981385
test_04482,0.3685094566438579
test_04483,0.007128847375057857
test_04484,0.0002566650814488029
test_04485,0.3748283529264214
test_04486,0.002311995443833841
test_04487,0.0005047058030726755
test_04488,0.17058179393660577
test_04489,0.6592545173959955
test_04490,0.07275811127611784
test_04491,0.4588288375802932
test_04492,0.6455230062341505
test_04493,0.003998885198811016
test_04494,0.48376323069390353
test_04495,0.46513151804234265
test_04496,0.4596381947287292
test_04497,5.062342176542396e-06
test_04498,0.016643358040989827
test_04499,0.4912413089045226
test_04500,0.0004180361847264339
test_04501,5.429010265919704e-07
test_04502,0.0004918735107144666
test_04503,0.41390622309184505
test_04504,0.32343076661187037
test_04505,0.8218938907106217
test_04506,0.7623192213398357
test_04507,0.3717110562492144
test_04508,2.995663119247894e-06
test_04509,0.5964150442457735
test_04510,0.13291262316061242
test_04511,0.9734047231783954
test_04512,0.7494527762725709
test_04513,0.5624103082059064
test_04514,0.45143186223559434
test_04515,0.39866761828437963
test_04516,0.0005028473193903072
test_04517,2.7354415169898646e-05
test_04518,0.5479183207086851
test_04519,0.42197962749284773
test_04520,0.374752480077095
test_04521,0.0005797396231996425
test_04522,0.4935041570356136
test_04523,0.013195891251719237
test_04524,0.678464624670899
test_04525,0.00189896487149688
test_04526,0.8575930778140701
test_04527,0.07143176926542871
test_04528,0.3750799385173939
test_04529,0.4494696294152544
test_04530,0.7766463471853993
test_04531,0.3097721665506098
test_04532,2.530040609477428e-06
test_04533,0.12689463556465425
test_04534,0.396712876653082
test_04535,0.7333882692605986
test_04536,0.0006103565701073514
test_04537,0.010611025021089224
test_04538,4.275924681979771e-05
test_04539,0.7957882589940769
test_04540,0.3227785143522865
test_04541,0.18651430939262645
test_04542,0.15705987467660976
test_04543,0.08080889067057198
test_04544,9.075077256068019e-06
test_04545,0.8581038953859965
test_04546,0.013807820542367333
test_04547,0.6045338895009514
test_04548,0.9451658993975813
test_04549,0.3314481202274361
test_04550,0.712700045056603
test_04551,0.0001734527268038363
test_04552,2.5970457750856825e-06
test_04553,0.00017071810895867893
test_04554,0.6209459931034242
test_04555,0.3117710170630162
test_04556,0.5154306257274146
test_04557,0.4154731174444189
test_04558,0.12812086141703377
test_04559,0.24766041118663354
test_04560,0.6815011893373606
test_04561,0.17948471111752012
test_04562,0.02062086089096273
test_04563,0.2506575306870978
test_04564,0.15129469672660262
test_04565,0.8294624680509656
test_04566,2.7493833623866586e-12
test_04567,0.7236679085787746
test_04568,0.5285920635200225
test_04569,0.7685852631805399
test_04570,1.6108857056855204e-07
test_04571,0.0035077892327246875
test_04572,0.00019004359579811485
test_04573,0.8519488302289432
test_04574,0.00014105643011505905
test_04575,0.005165283374492783
test_04576,0.6102109775480806
test_04577,0.30782983365522476
test_04578,0.006760792803418646
test_04579,0.22201851251648352
test_04580,0.03161609751940305
test_04581,3.674329343901526e-11
test_04582,0.045732318160325816
test_04583,0.6283001385984803
test_04584,0.009010483210677513
test_04585,0.32346522095206043
test_04586,0.4988190913079708
test_04587,0.0074404672070763084
test_04588,0.06926546098801599
test_04589,4.487244373503741e-08
test_04590,0.23028606754611847
test_04591,0.8761931238976733
test_04592,6.329719843688921e-05
test_04593,0.4989683440270709
test_04594,0.00011346934486472003
test_04595,0.03398322356577103
test_04596,0.41594250636015306
test_04597,1.3580602310986655e-05
test_04598,3.0277273269533194e-08
test_04599,0.000974614386294569
test_04600,0.37407471828569044
test_04601,0.0032107648160349398
test_04602,0.6285806678401679
test_04603,0.760856887028726
test_04604,0.320099140982318
test_04605,0.2018978580033002
test_04606,0.6280881254680122
test_04607,0.05902542756534042
test_04608,2.564594827184256e-07
test_04609,0.1300619801248467
test_04610,0.8160570916667597
test_04611,0.463957496637239
test_04612,0.32295574321691783
test_04613,0.4954233246291314
test_04614,0.7423800582596035
test_04615,0.0001451927689868301
test_04616,0.6121113565628384
test_04617,0.6988359723483555
test_04618,0.7932155201159747
test_04619,0.2355402234723914
test_04620,0.5238087438684645
test_04621,0.49443945709814424
test_04622,7.185350762769187e-08
test_04623,5.659839879767422e-06
test_04624,0.22384041705308985
test_04625,2.1221051951911172e-08
test_04626,7.023998853661076e-09
test_04627,0.7333538972974486
test_04628,0.3900529469552847
test_04629,0.18366184994000812
test_04630,0.023019824695077115
test_04631,0.007161786311439451
test_04632,0.38947719540527026
test_04633,0.00018756339519992427
test_04634,0.46000892312542874
test_04635,0.00017263055001153643
test_04636,0.28020106367448727
test_04637,0.00013989243122729253
test_04638,0.4763736466385925
test_04639,5.572642268808213e-06
test_04640,0.04263384481058806
test_04641,0.0001478298029098239
test_04642,0.00013669836272416124
test_04643,0.3315013206589989
test_04644,0.5232105866417049
test_04645,0.08263943349276949
test_04646,1.2089542726004606e-08
test_04647,0.39447710801577895
test_04648,0.1742948588973268
test_04649,0.0004801455369266205
test_04650,0.001198041350216521
test_04651,0.48381659710054603
test_04652,2.9014402947988726e-08
test_04653,2.5588108382950026e-08
test_04654,0.6241292651528725
test_04655,0.6909353819350887
test_04656,0.7793410655342262
test_04657,0.40422086104767846
test_04658,0.011042233632798827
test_04659,0.0003021123194396334
test_04660,0.5959233292853003
test_04661,2.8164838357393537e-05
test_04662,0.0344321881571517
test_04663,1.037336593891949e-05
test_04664,0.011579494530456997
test_04665,0.45799787988254187
test_04666,0.47732582811474733
test_04667,0.8011735888279865
test_04668,0.00014774646581057761
test_04669,0.7641099573530693
test_04670,0.0008486278741281256
test_04671,0.04351253496597656
test_04672,1.3828051439887398e-05
test_04673,0.22468440046548432
test_04674,1.8323003138704785e-05
test_04675,6.909125288083007e-05
test_04676,0.48600230552243434
test_04677,0.0001388257287407113
test_04678,0.6604830269371977
test_04679,6.474902152545604e-08
test_04680,1.7318585736309965e-05
test_04681,0.6709843989637658
test_04682,2.2051422364686305e-07
test_04683,0.17119525137049338
test_04684,0.2401190641262528
test_04685,0.8482925803765249
test_04686,0.37788262449665555
test_04687,0.5882472760501368
test_04688,0.0008642426357793965
test_04689,0.4738016781264562
test_04690,0.39516469179325436
test_04691,0.00020808804576063708
test_04692,3.7165331601520955e-05
test_04693,0.006557468798915539
test_04694,3.0568912378538513e-06
test_04695,0.06036041872491056
test_04696,0.020907347640415744
test_04697,0.7652294823538018
test_04698,3.971982359754637e-06
test_04699,0.0013890250248231972
test_04700,0.7736230256325746
test_04701,0.00017620563713642977
test_04702,0.21201815567548085
test_04703,0.4515367113201958
test_04704,0.5163600763929854
test_04705,0.38760246475494103
test_04706,0.13439714742236808
test_04707,0.5830272612354631
test_04708,0.33062320547574486
test_04709,3.256003802177638e-05
test_04710,0.10089819251251082
test_04711,0.7076847187410181
test_04712,0.4470781715051351
test_04713,0.3452944048866003
test_04714,0.0007220906683214506
test_04715,0.6349096916087104
test_04716,0.00012907867874821185
test_04717,0.2350028096411026
test_04718,0.12005363289713356
test_04719,0.28092487225475055
test_04720,1.0928547000393525e-05
test_04721,3.469045526524741e-05
test_04722,0.3025737929145684
test_04723,0.39679058659660177
test_04724,0.7813597483478896
test_04725,1.346313990652161e-06
test_04726,0.45748009257725364
test_04727,0.9605082029116058
test_04728,0.5121416398227709
test_04729,0.00744129678028837
test_04730,0.0035357170069361377
test_04731,5.697082624090392e-07
test_04732,0.03384246318292368
test_04733,0.4288180919169682
test_04734,0.11443760122830733
test_04735,0.9557844760128422
test_04736,0.5342536022348463
test_04737,1.5077801292700733e-05
test_04738,0.0008277710543713773
test_04739,0.6433758313560457
test_04740,0.3756066187004532
test_04741,0.3795067769648351
test_04742,0.01488892581281387
test_04743,0.5057945032104356
test_04744,2.6529855918111705e-05
test_04745,7.021024991988982e-08
test_04746,0.41821194327647887
test_04747,6.382219027871767e-05
test_04748,0.757711310348215
test_04749,0.27905875523524065
test_04750,0.18497785432488253
test_04751,0.012095457181146832
test_04752,1.0724900777923483e-05
test_04753,0.38860536721285666
test_04754,0.49446551212052814
test_04755,0.6607225112520371
test_04756,0.05892110242591094
test_04757,0.0003332106898528019
test_04758,0.24024804781867695
test_04759,0.000556718987473886
test_04760,5.280666447999813e-05
test_04761,0.8337048273538409
test_04762,1.5045726106333903e-11
test_04763,0.6332285953654262
test_04764,0.4288599309239435
test_04765,0.20213360066123195
test_04766,0.7200970833791616
test_04767,0.8765841993740761
test_04768,0.48078024600581304
test_04769,0.8908991307864096
test_04770,0.00814892878365513
test_04771,6.182222790760189e-07
test_04772,0.6621064808906163
test_04773,0.00016115611433609308
test_04774,3.2811260415300863e-07
test_04775,0.06802087959820846
test_04776,0.0017243953500635863
test_04777,0.008406276821337141
test_04778,1.0549249650396095e-05
test_04779,5.7215818954974704e-05
test_04780,0.7330172981117007
test_04781,0.29981721070487843
test_04782,2.709072534166894e-05
test_04783,3.871653441807666e-05
test_04784,0.29884074632939145
test_04785,0.27269811412673195
test_04786,0.04982743279052783
test_04787,0.6055461609456817
test_04788,0.21030570374108903
test_04789,0.26626215264433384
test_04790,0.2543616105121748
test_04791,2.927897795099237e-05
test_04792,0.003480497580301522
test_04793,0.9626654762132676
test_04794,0.05625599783483859
test_04795,0.013235830045561702
test_04796,0.7976150219776788
test_04797,0.9356302822030498
test_04798,0.2056544139926583
test_04799,0.7802913879404335
test_04800,0.8345339439691138
test_04801,3.331768508290577e-06
test_04802,0.17945070072789993
test_04803,0.00023587499831369897
test_04804,0.632007297763453
test_04805,0.00014709270164205626
test_04806,4.096414110177815e-05
test_04807,9.32057238241571e-05
test_04808,0.5634598658084571
test_04809,1.5347799859263772e-11
test_04810,0.6455172157009246
test_04811,0.7843263110435552
test_04812,3.4942343404751487e-07
test_04813,0.8682523428484736
test_04814,0.1894186635752359
test_04815,0.41530006262855657
test_04816,0.0019766768305934605
test_04817,0.5643786149796651
test_04818,0.011796085781021775
test_04819,0.814558259300982
test_04820,0.5712664373866605
test_04821,0.8903038518820181
test_04822,0.052584306578522214
test_04823,0.676212432830606
test_04824,0.31781133350075896
test_04825,0.00232168069143134
test_04826,6.166965334714172e-07
test_04827,0.00019363535733638466
test_04828,9.610455343663844e-05
test_04829,3.178981761274156e-05
test_04830,7.415978532984034e-06
test_04831,0.00010488687542732136
test_04832,0.3356943597484004
test_04833,0.019526755767935944
test_04834,0.0002731584908706558
test_04835,0.8380746936157768
test_04836,0.4678196086851484
test_04837,1.7440419773276176e-05
test_04838,0.22359298237086367
test_04839,3.37015550226377e-06
test_04840,0.006859543272096225
test_04841,4.660147295979812e-05
test_04842,0.3657716418602934
test_04843,0.7550387019449916
test_04844,6.506630310963391e-06
test_04845,0.547689002159194
test_04846,0.296928126494368
test_04847,0.7209888159427477
test_04848,0.45796990219362127
test_04849,0.6482725850705141
test_04850,0.006321938265461975
test_04851,0.710123492484429
test_04852,0.0012392986291035323
test_04853,0.0011616881745946917
test_04854,0.3411504464639796
test_04855,0.45231520207199366
test_04856,6.938086993863005e-05
test_04857,0.39605507793979233
test_04858,0.7435727737810998
test_04859,0.7192239172860975
test_04860,0.43708056530007916
test_04861,0.45933733464549414
test_04862,0.6909091502889547
test_04863,0.00043567882395641183
test_04864,0.012065234175499527
test_04865,0.14210893781480413
test_04866,0.2701775955410407
test_04867,0.3748277520030973
test_04868,0.07286381632505902
test_04869,7.574124520553542e-08
test_04870,0.6077179371188224
test_04871,4.885769043400186e-07
test_04872,0.11344842415204734
test_04873,0.5011657224102479
test_04874,0.029666604812665098
test_04875,0.09615093965182125
test_04876,0.46143354919273705
test_04877,0.0004287435133018421
test_04878,0.0010898340428199449
test_04879,0.6853741765138207
test_04880,4.654515658574494e-05
test_04881,0.23017431169848984
test_04882,0.006268984342004328
test_04883,6.107057979239141e-05
test_04884,2.48134639501461e-08
test_04885,7.74371498646056e-06
test_04886,0.7805105693442855
test_04887,0.6607909340166571
test_04888,0.2697431600824059
test_04889,0.003929815349798496
test_04890,0.0042050711564560125
test_04891,0.050312129449530896
test_04892,0.15481449258915597
test_04893,0.35492023244566484
test_04894,5.270696945813015e-06
test_04895,2.1719379284010862e-05
test_04896,0.05370438646746074
test_04897,0.1893186011254265
test_04898,0.21301160087336946
test_04899,0.25420606746310354
test_04900,0.0020480361196726915
test_04901,0.7774096535473523
test_04902,0.019434559792797457
test_04903,0.5427501389984266
test_04904,0.03462991133796332
test_04905,0.0001983329514373875
test_04906,1.1842224016521856e-05
test_04907,9.541902020289306e-05
test_04908,0.6830461771526376
test_04909,0.5868586562991566
test_04910,0.6423486875640047
test_04911,0.5651393343897347
test_04912,0.8275361861202646
test_04913,0.019982026839004723
test_04914,0.45613236176581445
test_04915,0.7649967636997586
test_04916,8.627362365637533e-05
test_04917,0.0021378688035234733
test_04918,0.7647341692486099
test_04919,0.7267551726564063
test_04920,3.4411743504956563e-06
test_04921,0.5037268490939731
test_04922,0.646415419868195
test_04923,1.1844632572698216e-05
test_04924,0.002317442641480745
test_04925,0.0002977060789438282
test_04926,3.7233140637426103e-05
test_04927,6.984687517590888e-06
test_04928,4.833222831684611e-07
test_04929,0.0002581751330450558
test_04930,0.019057609358730125
test_04931,0.5171548781956375
test_04932,0.0940710948563033
test_04933,0.32922720316108606
test_04934,0.0059090359816885455
test_04935,0.10114020493830246
test_04936,0.6083171208235473
test_04937,4.535321754903377e-08
test_04938,0.0032987798084321658
test_04939,0.3880550502466799
test_04940,1.966634446647631e-08
test_04941,0.6673643701836918
test_04942,0.0003627479614960368
test_04943,0.6129983390218239
test_04944,0.0012872267865410897
test_04945,0.4196141171102175
test_04946,0.12270516562005791
test_04947,0.7484230740813712
test_04948,7.365195777479767e-08
test_04949,0.06127762840566697
test_04950,0.4244808032047335
test_04951,0.003371893981075624
test_04952,0.642314879029618
test_04953,0.0027580950978685227
test_04954,0.10427211509575175
test_04955,2.5636825886448357e-07
test_04956,0.6350922144241589
test_04957,0.32786698449888796
test_04958,1.515298469095566e-08
test_04959,0.0002809682836787048
test_04960,0.5019720709772212
test_04961,0.10005711116673321
test_04962,0.0002927451312487381
test_04963,0.5702581146869812
test_04964,0.477097279930253
test_04965,8.89013660917475e-09
test_04966,6.184460268436045e-05
test_04967,0.25322740243397523
test_04968,0.006344015948600125
test_04969,0.000457123619058561
test_04970,0.3915085923268219
test_04971,0.5435465351597075
test_04972,0.28460777091310724
test_04973,0.7726919080550676
test_04974,0.36881907585392326
test_04975,0.6487403203408941
test_04976,0.6774070503924023
test_04977,0.2699764926537638
test_04978,2.165677997568166e-05
test_04979,0.0034667040507979532
test_04980,0.5569147206475826
test_04981,0.8074264568222025
test_04982,0.5084580036154649
test_04983,0.6793654739544441
test_04984,0.7456794199178365
test_04985,2.2697133805756588e-05
test_04986,0.008158707398536186
test_04987,0.0009740217678717702
test_04988,1.3885051790508528e-10
test_04989,0.00017941950358016552
test_04990,5.715722582283609e-08
test_04991,0.07031869118900039
test_04992,0.49392753038956
test_04993,0.0021984305127526393
test_04994,1.0463007924515747e-08
test_04995,0.00034060285985354824
test_04996,0.45868331720422434
test_04997,0.07496276028500215
test_04998,0.40729677665682873
test_04999,0.6598954170317934
test_05000,0.00047518904853965205
test_05001,0.0002721481745921637
test_05002,0.1700616088351654
test_05003,9.016043333190433e-05
test_05004,0.00010608420377448678
test_05005,9.912765219676681e-05
test_05006,0.1938898885511014
test_05007,0.003359024206843831
test_05008,0.001260402479753495
test_05009,0.7525727650503095
test_05010,0.38794595162238976
test_05011,0.5106057273292056
test_05012,1.2066649361693597e-06
test_05013,0.4756473764298718
test_05014,5.8492332732940106e-05
test_05015,0.002712774797196424
test_05016,5.936076982391486e-07
test_05017,7.732213815270993e-07
test_05018,0.3910733082889281
test_05019,0.0041542829121930785
test_05020,0.537901340536465
test_05021,0.000384558483766782
test_05022,5.101381961949594e-07
test_05023,0.06368220025336448
test_05024,0.8499759225781743
test_05025,0.400903578414525
test_05026,0.4992705353264817
test_05027,0.1481585606158246
test_05028,0.0012855221343063136
test_05029,0.0008086754075285185
test_05030,5.811280079674527e-05
test_05031,2.994599840088518e-06
test_05032,0.003878633693058745
test_05033,0.0012704585528494233
test_05034,0.42108116185120165
test_05035,0.14680737610751315
test_05036,0.7245346174046198
test_05037,0.0004030473569618574
test_05038,7.86628923520805e-06
test_05039,0.5851900829444867
test_05040,0.4014187974950612
test_05041,0.07553709812246409
test_05042,0.09809647899955223
test_05043,0.578264423723798
test_05044,0.9543391529001284
test_05045,0.8460489885200642
test_05046,0.6880297354787531
test_05047,0.5913655148692237
test_05048,0.06354563949286274
test_05049,5.887090760983944e-05
test_05050,4.72006027420647e-08
test_05051,0.0053099371994567894
test_05052,1.4138444773862256e-08
test_05053,0.4871253800744509
test_05054,7.596116062567698e-11
test_05055,0.8479396473830103
test_05056,0.466912716929681
test_05057,0.4522210405650984
test_05058,0.0316851293901901
test_05059,0.42271387698303675
test_05060,7.5447912711453e-07
test_05061,0.6554953487497339
test_05062,7.74278775687105e-05
test_05063,0.8975839473818203
test_05064,0.0027776215681668054
test_05065,0.16933927981351818
test_05066,0.6962972130641011
test_05067,0.30335073749863417
test_05068,0.0007005159077025745
test_05069,5.9475946176842756e-05
test_05070,2.2666345070026355e-06
test_05071,0.0005352182885484376
test_05072,0.003450659841281516
test_05073,2.2926610845980377e-07
test_05074,0.0033664780154520494
test_05075,0.001143269413994783
test_05076,0.586817032813831
test_05077,6.298113224929866e-08
test_05078,0.9580808847513236
test_05079,1.145776850578702e-05
test_05080,0.005017673784964447
test_05081,0.702061124389294
test_05082,5.190270966559641e-06
test_05083,0.5808134694724694
test_05084,0.4044307197039001
test_05085,0.0012767541081079121
test_05086,0.00015634178589059742
test_05087,0.0056870521782769485
test_05088,0.18791344814357291
test_05089,0.36584082841776333
test_05090,0.6984924444415218
test_05091,0.04165648221977681
test_05092,0.07141223505291902
test_05093,0.182094293990021
test_05094,8.768412050454258e-06
test_05095,1.8833506420323979e-06
test_05096,1.8592386344013626e-05
test_05097,0.0008436165152355421
test_05098,0.17195634000306115
test_05099,0.806946501134725
test_05100,0.0465912570114308
test_05101,0.15058591645393318
test_05102,0.7124998318038963
test_05103,0.0007807859697916409
test_05104,0.005214582265220317
test_05105,0.0010312315255913158
test_05106,9.860649845384e-05
test_05107,0.23502431865482026
test_05108,0.3803849302909898
test_05109,2.328368637195738e-05
test_05110,0.18770515518995642
test_05111,5.111373177078624e-05
test_05112,3.845900451699239e-06
test_05113,0.5548646226807813
test_05114,0.5967769385356984
test_05115,0.01892142243295992
test_05116,0.007798246809826091
test_05117,0.49348902798267685
test_05118,0.023603861533004616
test_05119,0.886018982050862
test_05120,0.00046921909506390314
test_05121,0.2993340916709861
test_05122,0.15095585254720018
test_05123,0.3466166489510008
test_05124,0.018066879410534368
test_05125,0.6470982328005644
test_05126,0.010652696505987193
test_05127,0.6131238120838465
test_05128,0.007841722134231524
test_05129,0.04194671544522927
test_05130,0.21732098638593655
test_05131,0.9232865078278278
test_05132,9.505089712450052e-05
test_05133,0.00045215006179046376
test_05134,0.0003375064826958376
test_05135,0.5896855898592025
test_05136,0.00012421168198463583
test_05137,0.801795698216085
test_05138,0.29555783271106223
test_05139,0.021312884245358238
test_05140,0.06836575865003552
test_05141,0.3918593211556852
test_05142,0.4393800683189051
test_05143,0.5376264214233405
test_05144,0.6432599874968947
test_05145,0.33218834070035275
test_05146,0.018773433350396433
test_05147,0.6495415338784859
test_05148,2.676046633686249e-05
test_05149,0.27846150632164923
test_05150,6.065605657706588e-06
test_05151,0.39501644557912563
test_05152,0.8778185500090033
test_05153,0.008412269508487495
test_05154,0.00016117738675164276
test_05155,0.6989823720304414
test_05156,0.0003689531252561147
test_05157,0.10263964910506704
test_05158,0.8503654300657344
test_05159,0.13816698208996292
test_05160,0.3325987378204988
test_05161,0.4797786252623894
test_05162,5.225055616729322e-06
test_05163,0.06338467090605977
test_05164,0.31164126626894323
test_05165,0.4209677659067569
test_05166,0.31537187710597525
test_05167,5.860456164378728e-05
test_05168,0.025678393324257368
test_05169,0.38233635122029697
test_05170,0.26789422934241786
test_05171,2.3016313589200025e-05
test_05172,0.3244792218946637
test_05173,0.9542044294892715
test_05174,0.7056618236603194
test_05175,0.22479401934893964
test_05176,0.3628593245459205
test_05177,0.671585784761193
test_05178,0.730746326860705
test_05179,0.21207693594973634
test_05180,0.6967844867264844
test_05181,0.32607145032890783
test_05182,2.4851006180838013e-05
test_05183,0.0007789347051523918
test_05184,5.8443891549644365e-06
test_05185,0.5916239642904702
test_05186,0.6426071247066987
test_05187,0.28071804914659954
test_05188,2.3466385116389657e-07
test_05189,0.41766618077703255
test_05190,4.7038302435980135e-05
test_05191,0.00017500362107292995
test_05192,1.099510642726726e-05
test_05193,3.573849656927881e-06
test_05194,0.45500985728310767
test_05195,0.000872328905547714
test_05196,0.39455264507763144
test_05197,0.6702154702952667
test_05198,0.00010337436876970263
test_05199,0.9506068480436126
test_05200,0.5548599283611253
test_05201,0.0002561886720754566
test_05202,0.3500030955931957
test_05203,2.133168619082652e-07
test_05204,2.802724021660875e-06
test_05205,5.767884990432859e-09
test_05206,0.14478488309010937
test_05207,0.0004403196073199776
test_05208,6.098005272863798e-06
test_05209,0.514782366582924
test_05210,4.810562363244419e-06
test_05211,1.1560305656549345e-07
test_05212,0.0005564511919416743
test_05213,0.5974498575289782
test_05214,0.00017794098355836214
test_05215,0.4321907970032553
test_05216,0.5046116304272412
test_05217,0.005628869157789608
test_05218,4.086294332373304e-05
test_05219,0.06779581899042936
test_05220,0.46026160232931385
test_05221,0.10460789450477805
test_05222,0.4608972664406503
test_05223,3.7370806181941445e-05
test_05224,5.901420504179632e-07
test_05225,0.8407680737098179
test_05226,7.61093935889735e-05
test_05227,0.5390531715335984
test_05228,0.01815177109418361
test_05229,0.49822508519472297
test_05230,1.5422818276340284e-05
test_05231,0.5725817153627883
test_05232,0.5500132742333119
test_05233,0.7702674891930702
test_05234,6.55001874301381e-05
test_05235,2.6513242812098534e-05
test_05236,0.047416741128816255
test_05237,1.6668376429240515e-07
test_05238,8.851192092989366e-06
test_05239,9.076589949657834e-05
test_05240,0.0035314518116736286
test_05241,0.32996186030521696
test_05242,0.2554444687034731
test_05243,0.7498739399474317
test_05244,0.6451223448134512
test_05245,0.2955391226787901
test_05246,0.010501186550306654
test_05247,0.8585058877182996
test_05248,0.2623921189871515
test_05249,0.15853076581570957
test_05250,0.38254399157216484
test_05251,0.9049648448529016
test_05252,0.1510891432100535
test_05253,7.503331360451079e-07
test_05254,0.41045358885976996
test_05255,0.5374534015328802
test_05256,0.30726620395350107
test_05257,0.00030497707157551315
test_05258,0.00013618807973571107
test_05259,0.3166304898576799
test_05260,0.005149849576238623
test_05261,0.34544277949550917
test_05262,0.6432908213776002
test_05263,0.0008885836614291882
test_05264,6.055809655632996e-05
test_05265,0.3204909384875088
test_05266,0.6090652949368595
test_05267,0.6376015332187943
test_05268,0.18459842102260707
test_05269,0.4634025775451106
test_05270,9.841694218254179e-09
test_05271,0.3378515306047048
test_05272,0.3385146507504888
test_05273,0.35109281258780595
test_05274,0.01056266489805653
test_05275,0.18348632471161874
test_05276,0.6469849791377633
test_05277,0.8268041292242372
test_05278,0.5776265890529655
test_05279,0.0005800964793730488
test_05280,0.11795613193679548
test_05281,0.00013922462724829765
test_05282,1.8581122711736687e-10
test_05283,0.4775716617001306
test_05284,0.49297411397595764
test_05285,0.8105775897754856
test_05286,0.001195115242454607
test_05287,0.20200338483850477
test_05288,0.00014193414338507568
test_05289,0.6224173612760884
test_05290,0.00021496469512968797
test_05291,0.09404106232357412
test_05292,2.7283116374234546e-06
test_05293,0.3521574201779192
test_05294,0.25739264028852016
test_05295,0.8844146718796204
test_05296,0.33406544142906996
test_05297,1.5887700620891755e-07
test_05298,0.25711536509063626
test_05299,0.40547530813050636
test_05300,0.4643387839980896
test_05301,0.04294531518583329
test_05302,0.0007648881183316856
test_05303,0.14478302130359763
test_05304,0.0001673586157579334
test_05305,0.49457543207546
test_05306,0.8159160069644064
test_05307,0.09471955363102613
test_05308,0.5859273470710304
test_05309,0.0001882525170037518
test_05310,7.738116905946736e-05
test_05311,0.17082051244309834
test_05312,2.0815128373070217e-06
test_05313,0.002392066954775453
test_05314,0.0010190038990764527
test_05315,0.01634207500848747
test_05316,0.003482442726834289
test_05317,2.3411931386916492e-07
test_05318,6.521970829559546e-07
test_05319,0.701526933581088
test_05320,1.0567862400917594e-09
test_05321,0.7223625991602474
test_05322,0.4967042709539298
test_05323,0.3495291452534018
test_05324,7.855959820666093e-06
test_05325,3.2163187680432308e-06
test_05326,0.9390852536601426
test_05327,0.00021660580373034018
test_05328,2.6273485037657957e-05
test_05329,0.5431080869694932
test_05330,0.06630289562661294
test_05331,0.031399718495118766
test_05332,0.001366913846492177
test_05333,0.38324321344411155
test_05334,0.08177393186851005
test_05335,0.38243735967759723
test_05336,1.127153074667333e-05
test_05337,4.330326116931077e-05
test_05338,0.5492340715580735
test_05339,0.00026721382452233596
test_05340,2.2203583040043028e-07
test_05341,0.004241538505733927
test_05342,0.09917630013616492
test_05343,0.4279775293294481
test_05344,0.06700383127503932
test_05345,0.4821062849178529
test_05346,0.16876368995898353
test_05347,1.3379192071326834e-05
test_05348,0.4169912315557925
test_05349,0.19177864677484985
test_05350,0.1844812593158937
test_05351,1.3411635644351718e-06
test_05352,0.4020890991878178
test_05353,0.11120404199835571
test_05354,0.3635625703879715
test_05355,0.0011738159476288395
test_05356,0.7291323952595908
test_05357,0.5358299328304497
test_05358,0.5362853867184809
test_05359,0.37070252783691826
test_05360,0.20807688936188684
test_05361,0.380556716398264
test_05362,2.08255442072471e-05
test_05363,0.6805249301324602
test_05364,0.002437741472226427
test_05365,0.17318393527372145
test_05366,0.18575974194187486
test_05367,0.34405601772145555
test_05368,0.5024958352798563
test_05369,1.549450280747298e-06
test_05370,0.0032229079156520205
test_05371,0.5121155969256419
test_05372,0.5390654918633709
test_05373,0.007115536469476788
test_05374,0.42417928660280085
test_05375,0.21967576687462914
test_05376,0.19800826470035943
test_05377,0.12001943687409575
test_05378,0.25219167118739105
test_05379,2.3567590689735684e-05
test_05380,0.01568192478441878
test_05381,0.00041379045982864183
test_05382,0.6063300019847877
test_05383,0.7414497202238995
test_05384,0.2875888449857252
test_05385,5.668916911142249e-06
test_05386,0.0007776023011471691
test_05387,0.8216825509087029
test_05388,0.24968955650512165
test_05389,0.008624742467988519
test_05390,9.275793136678386e-06
test_05391,0.0003486793833789564
test_05392,0.347888044498978
test_05393,0.12757129772102846
test_05394,6.774230401981605e-05
test_05395,0.6020180478984549
test_05396,0.5329166432989074
test_05397,0.3872502331919538
test_05398,0.14542360077353603
test_05399,0.648815467875314
test_05400,0.31162288368029323
test_05401,0.09755037001454274
test_05402,0.000905322423862982
test_05403,0.000173468770857314
test_05404,0.34089680149457185
test_05405,0.5426399183709858
test_05406,1.8539569095261307e-06
test_05407,0.4126611068210663
test_05408,0.07950075060557023
test_05409,0.7851359282847186
test_05410,0.9184847070514577
test_05411,0.7444186787584675
test_05412,2.3813762794489303e-05
test_05413,0.5569238352445786
test_05414,3.1761445973010937e-09
test_05415,0.6169961522179586
test_05416,0.4971933542130367
test_05417,9.050892814849001e-08
test_05418,0.4822896951489929
test_05419,2.189581245567488e-05
test_05420,2.542691664666423e-06
test_05421,0.00028611426770530374
test_05422,0.015856046429100656
test_05423,0.1187665917915069
test_05424,8.766885847766953e-05
test_05425,7.718310969425407e-05
test_05426,0.6303921250486124
test_05427,9.119211128775659e-07
test_05428,0.11311242967375491
test_05429,0.3911871502443387
test_05430,0.11539091444825253
test_05431,0.29416991118732055
test_05432,0.0013870087162117608
test_05433,1.183911896964584e-05
test_05434,1.3411143471917405e-06
test_05435,0.016705139878360444
test_05436,0.4474682776362871
test_05437,0.007378348195350035
test_05438,0.00013482444338530758
test_05439,0.0018207951948695591
test_05440,0.0072033600831963316
test_05441,0.0002843981854975955
test_05442,0.524851234516549
test_05443,0.01801067286498373
test_05444,0.30771872865385635
test_05445,3.6895160617917376e-07
test_05446,0.09808628526052651
test_05447,0.5546301180031307
test_05448,7.657177044962025e-11
test_05449,0.5541382651424278
test_05450,0.4977255172564904
test_05451,0.5733859468710735
test_05452,0.5346105921085131
test_05453,0.954853643471694
test_05454,0.01822111368719544
test_05455,0.00031703459703204007
test_05456,0.8446520375557693
test_05457,0.6766183898099115
test_05458,0.598266961420867
test_05459,9.289232032290192e-08
test_05460,0.8926336793843817
test_05461,0.7181099540478241
test_05462,0.4689303466540402
test_05463,0.5601678073505207
test_05464,0.23311036247092468
test_05465,0.4978809497659714
test_05466,0.11711562169805187
test_05467,3.869679850071167e-07
test_05468,0.029327803966515673
test_05469,0.4474245332132071
test_05470,0.3401391948330435
test_05471,0.0010327950631887327
test_05472,0.9199484333981627
test_05473,0.7042455543348839
test_05474,1.612307735974077e-11
test_05475,0.1840625466654184
test_05476,0.6985598914656782
test_05477,0.9127241497625577
test_05478,0.0008059484457157036
test_05479,0.00023535182391830892
test_05480,0.4816072025439857
test_05481,0.3080870570116958
test_05482,0.00012347117095739947
test_05483,3.736553052017052e-05
test_05484,0.19008161462082923
test_05485,0.2240944143212687
test_05486,0.6110339643389249
test_05487,0.0002243657144152237
test_05488,0.6210095723518608
test_05489,0.11390761102383672
test_05490,0.1982095681431162
test_05491,0.00011763196065888421
test_05492,0.0056415014540771805
test_05493,0.00011906950996348676
test_05494,0.04967320035701754
test_05495,0.08752010449376234
test_05496,7.346644275867339e-07
test_05497,0.000702033414090962
test_05498,0.030720680068326577
test_05499,4.131987921043471e-05
test_05500,0.35411334087659796
test_05501,0.003437531941111033
test_05502,0.4588487580143534
test_05503,0.30304115668772247
test_05504,0.0009068612368894791
test_05505,0.1355532457258238
test_05506,0.8028157668385193
test_05507,0.07526293148059555
test_05508,0.4360930455619469
test_05509,2.020996542734594e-06
test_05510,0.5868052692621292
test_05511,9.913773132064079e-07
test_05512,0.35209572427903923
test_05513,0.09371701787436375
test_05514,0.005990897799245334
test_05515,0.030977898448570806
test_05516,2.662102940417436e-07
test_05517,0.0006753257105068366
test_05518,3.968228969319685e-08
test_05519,0.553255866798002
test_05520,0.0013478930045541463
test_05521,0.39692301371433436
test_05522,0.0008495694578824653
test_05523,0.4751758795652193
test_05524,0.0055635446686832
test_05525,0.0015666432834726463
test_05526,0.3841737698332738
test_05527,0.22093684468784974
test_05528,0.6996345756677752
test_05529,0.7450334355183865
test_05530,0.3714417253113187
test_05531,0.5927849238076667
test_05532,0.012883931834543129
test_05533,0.7500565874602763
test_05534,0.6873578687895232
test_05535,0.1761226510800153
test_05536,0.5100371704541175
test_05537,0.7849349841332053
test_05538,1.3229497765989913e-05
test_05539,0.0003311358450299992
test_05540,0.28417806883133706
test_05541,0.08961423666943774
test_05542,0.0884339200019037
test_05543,2.097503656280563e-05
test_05544,0.0004939045297890159
test_05545,3.3898522356106057e-07
test_05546,0.2814379778085132
test_05547,0.0001521436816550018
test_05548,0.5005093916337628
test_05549,0.49917993899424473
test_05550,0.3518204317162681
test_05551,0.3173835473253846
test_05552,0.38602547805293186
test_05553,0.9225254617361123
test_05554,0.4846402265176301
test_05555,0.0005069095904907736
test_05556,0.8702569121354701
test_05557,3.216718767316954e-05
test_05558,0.6941313890906442
test_05559,0.1272951833734725
test_05560,0.6934843943030602
test_05561,0.017989986926075067
test_05562,4.8566806414725825e-06
test_05563,0.15040516049715247
test_05564,2.0157247207707385e-06
test_05565,0.40090363388556227
test_05566,0.048144011312533964
test_05567,0.9571532335388266
test_05568,0.49662606788658104
test_05569,0.6313581638643525
test_05570,0.001829914800410779
test_05571,0.21827862230501555
test_05572,1.8370670577305956e-05
test_05573,9.058766537519652e-12
test_05574,3.585732354661887e-06
test_05575,0.6658732578512712
test_05576,0.27046463323454467
test_05577,0.4551982279227164
test_05578,0.43444479184683427
test_05579,2.5480859517047584e-10
test_05580,0.6161373138864694
test_05581,0.3438989680070682
test_05582,6.7156409573217e-07
test_05583,0.15046047099248752
test_05584,0.3517433806192032
test_05585,0.40967360943384673
test_05586,0.30851057197731546
test_05587,0.2018031171356944
test_05588,0.8589814659481387
test_05589,1.8571625900473644e-05
test_05590,2.2470342540379572e-05
test_05591,0.4262178875336766
test_05592,4.3897349814024535e-06
test_05593,0.003973822387990856
test_05594,0.5817762878849149
test_05595,0.0010982540590876823
test_05596,5.64390856697275e-07
test_05597,0.4993136623276663
test_05598,0.5302336080812811
test_05599,0.08511242111020496
test_05600,0.09336438603038685
test_05601,0.01658881932073695
test_05602,0.5226527847740277
test_05603,0.5078495879929441
test_05604,9.407649091440141e-05
test_05605,0.0017393138277645805
test_05606,0.0003523207193764894
test_05607,1.3573368662226884e-06
test_05608,0.00017746356144089572
test_05609,0.005813123439940778
test_05610,0.851686680953695
test_05611,0.0025802168754638804
test_05612,2.0656078661072404e-06
test_05613,3.0854729063571e-10
test_05614,0.5684236928593219
test_05615,0.339519735840521
test_05616,0.3996047045145644
test_05617,0.08542214949633702
test_05618,0.2462868993260074
test_05619,0.004778715258218459
test_05620,0.0006599873047484785
test_05621,0.1918488819955559
test_05622,0.7760523828809374
test_05623,0.45506381552737685
test_05624,0.3535459039189293
test_05625,0.17596319740316257
test_05626,9.239986129288926e-05
test_05627,0.01960523305799494
test_05628,0.05687690485298649
test_05629,0.869611829642616
test_05630,0.6659576046892285
test_05631,0.8076429850107689
test_05632,0.0242556952726012
test_05633,0.8125330178640133
test_05634,0.06802994359427895
test_05635,0.3179719755048138
test_05636,2.6503446210120384e-07
test_05637,0.5007057419372222
test_05638,0.37259803934974506
test_05639,1.5115230553195272e-06
test_05640,0.0050217290543924575
test_05641,0.12206850604149792
test_05642,0.00021072463407876226
test_05643,0.00041089908561804054
test_05644,0.3904721688421856
test_05645,7.345365934859085e-10
test_05646,0.18565603306005246
test_05647,0.013959724881732841
test_05648,3.995267665221741e-08
test_05649,0.01489442903455677
test_05650,0.3053921241622987
test_05651,0.1293026615904875
test_05652,0.349478869641463
test_05653,0.2735638943317172
test_05654,0.4134365098703199
test_05655,0.017128675844749038
test_05656,0.38274155793394704
test_05657,0.3999996489455757
test_05658,0.1797663133455514
test_05659,0.5230552494105342
test_05660,0.0006982126289255467
test_05661,0.032705723432257416
test_05662,0.08326358710766822
test_05663,0.00504967599628134
test_05664,0.20438192218058074
test_05665,0.0018233668527525906
test_05666,8.225603395652307e-11
test_05667,0.0006904173325757076
test_05668,0.03445625701288751
test_05669,0.8830280722342315
test_05670,1.2042097824865761e-05
test_05671,0.7694063018619801
test_05672,0.01169244470622065
test_05673,1.0838788698523573e-08
test_05674,0.19992597008357288
test_05675,0.4735769883274637
test_05676,0.28595580758705885
test_05677,0.13284796640769203
test_05678,0.0007282250387846604
test_05679,0.4938941800851613
test_05680,6.503215986917595e-07
test_05681,0.16249573581720583
test_05682,2.464925017489122e-06
test_05683,0.0016870477572234963
test_05684,0.0964043039888842
test_05685,0.008491910020263596
test_05686,0.8726140793764317
test_05687,0.00024361090832680362
test_05688,5.3277885871278014e-06
test_05689,0.0001097439353326936
test_05690,0.01380650665783726
test_05691,0.0011764084484883082
test_05692,0.002639301198314469
test_05693,0.9187473708674981
test_05694,0.5290424511281568
test_05695,0.1896356323123193
test_05696,0.03831298684920227
test_05697,0.5493982967175525
test_05698,0.11366419438872766
test_05699,0.18418751541953393
test_05700,0.8462809721056619
test_05701,0.0007630506181822615
test_05702,0.008742539707541599
test_05703,0.002777368865389072
test_05704,5.3623627882471464e-08
test_05705,3.396221681150483e-07
test_05706,0.0780293665497725
test_05707,0.5637851568861622
test_05708,0.4340531644725166
test_05709,0.49759154370050146
test_05710,0.0006933083855909777
test_05711,0.6466558063667563
test_05712,0.0001376236372102919
test_05713,0.46267422559392735
test_05714,0.32437367833207026
test_05715,0.8953430834975201
test_05716,0.37421651083600566
test_05717,0.6347266194642779
test_05718,0.5527384145602385
test_05719,0.02049048529841468
test_05720,0.25656001862176997
test_05721,0.0010206833817850906
test_05722,0.7686235799541556
test_05723,0.4016366694528475
test_05724,0.2558480442032036
test_05725,0.48446400806727324
test_05726,1.088227611424665e-08
test_05727,0.6126186414810386
test_05728,0.8496330245316471
test_05729,0.17327234594449598
test_05730,0.8420519201907865
test_05731,0.0009230467156411823
test_05732,0.625762916129728
test_05733,0.006392925998540289
test_05734,0.3354372707198375
test_05735,0.0010516607935131697
test_05736,0.3020747001526286
test_05737,0.8337149012698291
test_05738,0.4112781870525725
test_05739,0.004352144402854346
test_05740,0.05317482351522383
test_05741,0.7998979460411588
test_05742,0.8805722797732655
test_05743,0.3904537190386588
test_05744,0.7955414300484905
test_05745,0.46246562922933926
test_05746,0.640549110586022
test_05747,0.0018201334285589473
test_05748,0.001137465384569627
test_05749,0.6474245658019301
test_05750,0.002797447624087514
test_05751,1.7096372192928858e-05
test_05752,0.0018537968007792745
test_05753,0.00030696375323513176
test_05754,0.5399447979884173
test_05755,0.35087456169584624
test_05756,0.00020331324351302837
test_05757,0.07282591536075299
test_05758,0.3622774375522586
test_05759,0.4610866930782083
test_05760,0.07797874313358084
test_05761,1.0881272374531024e-05
test_05762,0.3071671328060899
test_05763,0.9039766170374722
test_05764,0.9384546930063016
test_05765,0.687940716664093
test_05766,2.0531589901102247e-05
test_05767,0.0002711981084232256
test_05768,0.2083964143007606
test_05769,0.39811423006898755
test_05770,0.002590598052676713
test_05771,0.8701855913434552
test_05772,0.19085935059167275
test_05773,0.0011852531941797105
test_05774,0.0008323199335545522
test_05775,0.3897455536837388
test_05776,0.47377330292212166
test_05777,0.23206640864973407
test_05778,0.00010729126162806909
test_05779,0.927074073412699
test_05780,0.26755713140143744
test_05781,0.7660510723099831
test_05782,0.0038232501562954486
test_05783,0.4703259662562825
test_05784,0.7082311917596961
test_05785,0.5834651824519049
test_05786,4.0518934184277366e-05
test_05787,0.3156626450502021
test_05788,0.980864405405399
test_05789,0.6926733642326167
test_05790,7.737767888810437e-05
test_05791,3.333949546528783e-05
test_05792,0.12695800896860104
test_05793,0.00011419453553648611
test_05794,0.26200072436308525
test_05795,1.7942827083432234e-08
test_05796,0.00015618741333356205
test_05797,0.0007897550206141505
test_05798,0.033140251239728045
test_05799,3.0574397318484513e-06
test_05800,4.54342314055919e-07
test_05801,0.3515722497678986
test_05802,4.009093618299768e-05
test_05803,0.573375123128122
test_05804,0.010020634698728348
test_05805,0.7227707978860332
test_05806,1.0112863766432644e-06
test_05807,0.16738602422780396
test_05808,0.00407376259306234
test_05809,0.00018593503970918158
test_05810,0.012001980646233514
test_05811,0.2245298662983405
test_05812,0.5274479862428152
test_05813,0.176472517527158
test_05814,0.3936931595517771
test_05815,0.5047246377955799
test_05816,0.003208839280471097
test_05817,0.25543577142152624
test_05818,0.49136331241431513
test_05819,1.308080157377071e-05
test_05820,7.77113550106642e-05
test_05821,0.42312911647852985
test_05822,0.0017134473051921943
test_05823,0.5975927129998986
test_05824,0.1654579105202312
test_05825,0.24040312375423262
test_05826,0.6786474014073943
test_05827,3.0764112530740905e-08
test_05828,0.20570737517467172
test_05829,0.14935258516387076
test_05830,0.0027127896208494202
test_05831,2.1506775254663072e-09
test_05832,4.914695528794459e-05
test_05833,0.6455976087243837
test_05834,0.3863663796873433
test_05835,4.956348675504004e-06
test_05836,1.0036290564095458e-10
test_05837,0.265144549985109
test_05838,0.8310582590861528
test_05839,0.00012653713324938548
test_05840,1.753426766676445e-09
test_05841,0.0003855716119893294
test_05842,0.5368367236219099
test_05843,0.6122521853888623
test_05844,0.13427794923841124
test_05845,0.1505660778246175
test_05846,0.49745158967627573
test_05847,0.0021636808868478975
test_05848,0.27804237879970184
test_05849,4.252776679412606e-07
test_05850,0.7506493389449695
test_05851,0.04922706583992438
test_05852,0.7250695938049649
test_05853,0.0008580049586760606
test_05854,0.31215909233352107
test_05855,0.6040806115632021
test_05856,0.6886771008052843
test_05857,0.5262619409861716
test_05858,0.0042474173514687385
test_05859,0.44934553768780494
test_05860,1.7975780728915676e-08
test_05861,0.26258784030112103
test_05862,0.6486447574533707
test_05863,0.0008502115433490528
test_05864,0.0005670494334052339
test_05865,2.3436719109880373e-06
test_05866,0.3948830011005908
test_05867,0.6133029954906825
test_05868,0.46417813290541976
test_05869,0.5402747638979807
test_05870,1.2450055388078097e-05
test_05871,0.036238492397204676
test_05872,0.04259286181307169
test_05873,0.008147226521461442
test_05874,0.45476130200994547
test_05875,0.5428094515629294
test_05876,0.6306655684459123
test_05877,0.0037636918430074963
test_05878,0.6381446800773161
test_05879,2.260510010005764e-09
test_05880,0.8906742077878518
test_05881,0.4722483961056589
test_05882,0.7988074679470776
test_05883,3.212936032702854e-09
test_05884,1.0883053190688747e-07
test_05885,0.48301678477768595
test_05886,0.46036176270823853
test_05887,0.3479308281922367
test_05888,0.4221921414751971
test_05889,0.036363494742652415
test_05890,0.0008447068565327006
test_05891,5.805790678320585e-06
test_05892,0.0037292380903135324
test_05893,1.0308840959867052e-06
test_05894,0.002924684341170934
test_05895,0.35064976615347504
test_05896,0.0005928108703990289
test_05897,0.5247226737035973
test_05898,0.3058721651132493
test_05899,0.9543860108006987
test_05900,0.6173718181809941
test_05901,0.33377067815808326
test_05902,1.2705447867114723e-05
test_05903,0.000627843091755322
test_05904,0.5855935472743782
test_05905,0.5120166380935175
test_05906,0.00023324152137500824
test_05907,0.1951076281454675
test_05908,0.2633343501141056
test_05909,0.37720826050282963
test_05910,0.15043096835052197
test_05911,0.17990123718209808
test_05912,0.5437396115339235
test_05913,5.524982468694935e-05
test_05914,0.53752755239523
test_05915,2.538698102920226e-09
test_05916,0.011753432378671564
test_05917,0.4706045344699147
test_05918,0.7927219295096543
test_05919,0.7073286058964464
test_05920,0.35521547834847267
test_05921,0.02818453130906246
test_05922,0.9600612953797034
test_05923,1.4636029491535287e-05
test_05924,0.18820738041476728
test_05925,0.0010010725193175755
test_05926,0.0005239771888172155
test_05927,0.1436994961463049
test_05928,0.5585634162250903
test_05929,0.07435091157382516
test_05930,0.10472883580215075
test_05931,1.4055347752479767e-06
test_05932,0.7221072335963427
test_05933,5.996228087210454e-06
test_05934,0.06902399290755973
test_05935,0.0346732710624781
test_05936,0.4798654689685605
test_05937,0.8981956759774566
test_05938,0.7517376957172534
test_05939,4.100147828451703e-05
test_05940,0.5586219961426446
test_05941,1.7667505779174848e-05
test_05942,0.0001262509721543179
test_05943,0.9337932231105474
test_05944,3.680160610335453e-06
test_05945,0.46247092317002036
test_05946,0.6798295141572163
test_05947,0.001937940640716612
test_05948,3.480795832699952e-05
test_05949,0.0003024909386069338
test_05950,0.33711491505070795
test_05951,0.00012714347264575297
test_05952,7.475830902790367e-08
test_05953,0.7257945967589517
test_05954,0.03517494487681822
test_05955,1.0937379457260005e-06
test_05956,0.7542267697178728
test_05957,0.4026186878660594
test_05958,0.0001747195472319766
test_05959,0.5920231511843946
test_05960,6.830724232382619e-05
test_05961,1.786165242759593e-05
test_05962,1.4734296153758245e-09
test_05963,0.00022373172190431577
test_05964,0.00025749640324275545
test_05965,5.130160542391706e-05
test_05966,0.14184007235788187
test_05967,0.6734240844698773
test_05968,0.013795494656839378
test_05969,7.540204813099644e-06
test_05970,0.7970014980153852
test_05971,0.5239599530904784
test_05972,0.6115584979606469
test_05973,0.5414089595280096
test_05974,0.1423312378663402
test_05975,0.4313735971560106
test_05976,0.21141793980624157
test_05977,2.995904198055733e-05
test_05978,0.0011698019507640062
test_05979,0.26307726749779664
test_05980,8.023833742815153e-05
test_05981,0.0011299733868986657
test_05982,0.0001078999856145308
test_05983,4.228199791611838e-05
test_05984,0.00024888466105549024
test_05985,0.0021882519983227895
test_05986,0.7958642195090201
test_05987,0.40904956731734243
test_05988,0.6817310654040714
test_05989,0.0001478415559777274
test_05990,0.6498302676152689
test_05991,0.3219484031515093
test_05992,0.44496455815603364
test_05993,0.15162002400554891
test_05994,0.35246257554591354
test_05995,0.009584379033485337
test_05996,0.5773763947728277
test_05997,0.011924927456948163
test_05998,0.513542068097035
test_05999,0.23705866216425936
test_06000,0.9998073351005227
test_06001,0.6429361016127532
test_06002,0.39564199050144133
test_06003,0.965338671134003
test_06004,0.15651025194033844
test_06005,0.8638711001621093
test_06006,1.5332106329680035e-08
test_06007,4.011573465707955e-05
test_06008,8.535559663934105e-06
test_06009,0.10759817491229588
test_06010,0.04094007951202145
test_06011,0.5611952388211681
test_06012,0.04040195978719577
test_06013,0.8276013639946557
test_06014,0.8281896802873328
test_06015,0.05309340292455919
test_06016,0.00036841878990770925
test_06017,0.3422280764880421
test_06018,0.530275186684977
test_06019,0.00047285731374488725
test_06020,0.2916604256873169
test_06021,0.7177308654567313
test_06022,0.05506027844391054
test_06023,0.5478415444596902
test_06024,0.00011867696883846704
test_06025,0.6114476048924508
test_06026,0.0005456482858610802
test_06027,5.890538481829678e-06
test_06028,0.004159155629359986
test_06029,0.00019911540439800703
test_06030,0.5296023053570605
test_06031,0.5588661479405328
test_06032,0.17733944518527814
test_06033,0.31287997329709205
test_06034,0.5253457447139201
test_06035,0.0004329287063293577
test_06036,0.00019720148275585746
test_06037,0.4605627142239542
test_06038,0.3798360637830325
test_06039,0.4675309463176828
test_06040,0.4483651441758395
test_06041,0.37317836921046316
test_06042,0.6628689250444435
test_06043,0.06062485377015249
test_06044,0.5110471741822473
test_06045,0.32862484041362006
test_06046,6.069290204879612e-07
test_06047,3.0094659201428615e-05
test_06048,0.7442394754493886
test_06049,0.010052029822156737
test_06050,0.35812786921441897
test_06051,0.5223125677815914
test_06052,9.853462124793753e-06
test_06053,0.5434107382305626
test_06054,7.757819928001404e-07
test_06055,0.4197933993149376
test_06056,1.6832626003555312e-05
test_06057,0.00019862429600802614
test_06058,0.013675148473006323
test_06059,7.49183841945983e-05
test_06060,0.7248271874517479
test_06061,6.337156985533005e-05
test_06062,0.01252233662671747
test_06063,0.9173358624213551
test_06064,0.7120642768643852
test_06065,0.24590822250132024
test_06066,0.4270942946403511
test_06067,0.10896605968898987
test_06068,2.328538146334758e-06
test_06069,0.14515240274704513
test_06070,0.41013895411567775
test_06071,0.32675336933916427
test_06072,0.48939232435728985
test_06073,0.5988751236091375
test_06074,0.2413909282674356
test_06075,1.9075926075281377e-05
test_06076,0.4887687575308793
test_06077,0.6060072334413669
test_06078,0.5155322922441102
test_06079,0.9223597793234924
test_06080,0.00010776432739088455
test_06081,0.3992120824212453
test_06082,0.0001376237774836099
test_06083,6.377660249796994e-05
test_06084,0.5628876752980932
test_06085,0.10990550915224617
test_06086,6.997841873334175e-08
test_06087,0.6650200912068756
test_06088,0.00028009010413394467
test_06089,0.4556228889104667
test_06090,0.817193505216804
test_06091,7.1523405929407475e-09
test_06092,0.1255279804596187
test_06093,0.16343098611228776
test_06094,0.9263282804900536
test_06095,0.0038715802993416204
test_06096,0.16889802575701848
test_06097,0.00018396516587158585
test_06098,0.05416698317253272
test_06099,0.8409083736536633
test_06100,0.014884024323659751
test_06101,0.33779782781277884
test_06102,0.006735097072815541
test_06103,0.990832863032506
test_06104,0.3398376907015179
test_06105,0.8347706528066963
test_06106,0.004423617388495746
test_06107,0.479157251447383
test_06108,0.004169914910842106
test_06109,0.14774359408527288
test_06110,0.5502510825914375
test_06111,8.262427166743654e-07
test_06112,6.582317739009302e-05
test_06113,0.532271105226994
test_06114,0.588330132941382
test_06115,0.0003045919270695304
test_06116,0.012176595983376308
test_06117,1.4263860131483258e-06
test_06118,0.507361196844807
test_06119,1.80817817252889e-05
test_06120,0.3898260957921772
test_06121,0.0009060555144909599
test_06122,1.8817089648855172e-05
test_06123,0.11394572447816768
test_06124,0.6420242480447929
test_06125,0.28560152071637845
test_06126,0.43536308828026765
test_06127,0.8563599190486736
test_06128,0.17107768509553273
test_06129,0.026634870683161154
test_06130,0.04318096296498629
test_06131,0.487342132427658
test_06132,0.8883452610504696
test_06133,0.014799408911565674
test_06134,0.00039822891071123503
test_06135,0.0007704705495702218
test_06136,0.00036045372042194
test_06137,0.0044858083402762455
test_06138,0.31077329370390894
test_06139,0.0009171254147675003
test_06140,0.5136027498982612
test_06141,0.4817888925314378
test_06142,7.424283774076158e-06
test_06143,0.027873299597240147
test_06144,0.7769035387301151
test_06145,0.5321626416572357
test_06146,0.16369504238142418
test_06147,0.27329282403106214
test_06148,0.10914862391377644
test_06149,0.05439376268068371
test_06150,0.988130978784278
test_06151,0.4491848028431272
test_06152,0.0003803879031848828
test_06153,0.5341608059771358
test_06154,0.33331694774375137
test_06155,0.5373009928187976
test_06156,0.0260113962697743
test_06157,0.4122387240841758
test_06158,0.4637061902809025
test_06159,0.5130553788186317
test_06160,0.8417913479235954
test_06161,0.41766305250140606
test_06162,0.781650428175514
test_06163,0.0032963172551754762
test_06164,0.34451045304584466
test_06165,0.5927214183230503
test_06166,0.8328803441776969
test_06167,0.5857182212506433
test_06168,0.3153768646189732
test_06169,0.00035529625695868914
test_06170,0.37169415150564794
test_06171,0.6282146532698057
test_06172,0.34767928439170015
test_06173,0.5626006102773168
test_06174,0.10401112545875778
test_06175,1.3629149223889424e-11
test_06176,0.19355956239376337
test_06177,0.823150068161055
test_06178,0.38016346651781313
test_06179,0.5446098293926057
test_06180,2.175384201167886e-07
test_06181,0.4656418103648207
test_06182,3.9516895794292257e-07
test_06183,0.6444348513936149
test_06184,0.03414647483811668
test_06185,0.024746891677795774
test_06186,0.5996103701240687
test_06187,0.43557018024744204
test_06188,1.2495414167976605e-05
test_06189,0.0001814779493546447
test_06190,0.29196102473229196
test_06191,9.343899991134447e-06
test_06192,0.39164897498865503
test_06193,1.1968895433643064e-05
test_06194,0.00020424040552773616
test_06195,5.19966145437601e-05
test_06196,0.45727359130799566
test_06197,0.021415829034114098
test_06198,0.4615212487783822
test_06199,7.52596389930078e-06
test_06200,0.0025987488744691235
test_06201,0.003152008945818335
test_06202,0.40534606694910486
test_06203,0.32453083243000347
test_06204,0.0001439156667868825
test_06205,0.42804547545168115
test_06206,0.07731904982357192
test_06207,0.0010628256401998188
test_06208,2.8661253000770853e-06
test_06209,0.005229985379229539
test_06210,0.5743032557746471
test_06211,0.48646112213281856
test_06212,0.00014990792696239295
test_06213,0.857707555907798
test_06214,0.30299828868948164
test_06215,0.6497275451254719
test_06216,1.574963154513741e-06
test_06217,0.6768509986384327
test_06218,0.7132808101949651
test_06219,0.0003382649805351304
test_06220,0.04158387607982497
test_06221,0.4669945117685327
test_06222,0.06851221284731308
test_06223,0.0005188110356993868
test_06224,0.00049209256887343
test_06225,0.01542254366169111
test_06226,0.010334132074286358
test_06227,0.6206466974366025
test_06228,0.4245629000831703
test_06229,0.00011383430695659253
test_06230,0.5516050461487643
test_06231,0.0002248391505075631
test_06232,0.22084912082079364
test_06233,1.802477411283356e-06
test_06234,0.0005123713650549692
test_06235,0.07441242803694197
test_06236,0.011472877620354493
test_06237,0.3716310809289047
test_06238,0.3240782213417253
test_06239,0.28595517990075586
test_06240,1.868892261019664e-08
test_06241,0.00012965470130740984
test_06242,0.4063259896272398
test_06243,3.4676171005594786e-06
test_06244,4.2282624123456143e-07
test_06245,0.28101339249051716
test_06246,0.9430023425303081
test_06247,0.1949382314937664
test_06248,0.0002448432221117501
test_06249,0.005883936380482611
test_06250,0.8526949889901654
test_06251,0.019504928493464944
test_06252,0.7162966501593847
test_06253,0.3281748380643816
test_06254,0.7528884870041663
test_06255,0.25267158495301256
test_06256,0.33395066515912847
test_06257,0.016921235179274845
test_06258,0.5346263645087455
test_06259,0.8331281941987474
test_06260,0.9221136192678413
test_06261,0.24205084773188226
test_06262,0.678506569835991
test_06263,0.30917646486594846
test_06264,0.5051914498969102
test_06265,0.9088390979049461
test_06266,0.004408064575404074
test_06267,0.15764378074560215
test_06268,7.200520526628155e-05
test_06269,0.6426976515769304
test_06270,0.024884594964274875
test_06271,0.8007540072825982
test_06272,6.817078230032339e-07
test_06273,0.5173228303485718
test_06274,0.671196792972782
test_06275,0.3328539052288316
test_06276,0.3854315084486604
test_06277,0.00023056035420593042
test_06278,1.4268449041549471e-05
test_06279,0.13759414439446346
test_06280,0.7169754772968239
test_06281,0.01176290117944192
test_06282,0.0003622725355283805
test_06283,0.7517004826496794
test_06284,0.5205525296170559
test_06285,0.8267461142915912
test_06286,8.35389529333933e-12
test_06287,0.23558394629230617
test_06288,0.020229205830193116
test_06289,0.012846938891737552
test_06290,0.5426960905791179
test_06291,1.1190634037064243e-06
test_06292,1.1601447647232748e-07
test_06293,0.5129472092077445
test_06294,0.2836573738241164
test_06295,0.4832234856768099
test_06296,0.4566120169081285
test_06297,0.8412260083914342
test_06298,0.9093329588485283
test_06299,0.7033093730884421
test_06300,0.4757784327683168
test_06301,0.5834487604318491
test_06302,0.00020559027957227588
test_06303,2.3192327108543398e-07
test_06304,0.8539221171582617
test_06305,0.004828494335582321
test_06306,0.2745834421331207
test_06307,0.2910966307890976
test_06308,0.623798643057492
test_06309,0.6418173103143188
test_06310,0.43955094660498045
test_06311,0.4755692050451856
test_06312,1.4859014135098387e-05
test_06313,0.5478090339336074
test_06314,0.05999862886406019
test_06315,0.6591547841914136
test_06316,0.5451018476563496
test_06317,0.493392059000345
test_06318,0.032159486749953156
test_06319,0.0022022584679900706
test_06320,0.002135794901796705
test_06321,0.3871562029779276
test_06322,0.2833111524964704
test_06323,0.004301638578482403
test_06324,0.1451074000143466
test_06325,0.00017607449464156907
test_06326,0.0014618498775663034
test_06327,0.17114602773278667
test_06328,3.1228342088777586e-05
test_06329,0.39607961020159593
test_06330,0.006679914652939926
test_06331,0.3590660006116082
test_06332,0.2253071955817618
test_06333,0.7943129288471549
test_06334,0.6443629905817099
test_06335,3.977018569936804e-05
test_06336,0.8103778493673216
test_06337,0.3596610414460886
test_06338,0.7068839999213293
test_06339,0.002816853513694866
test_06340,1.9981916872620786e-05
test_06341,0.6752253739502594
test_06342,0.4521889498672814
test_06343,0.9294473825457812
test_06344,0.00017537930620576214
test_06345,0.5843228610936833
test_06346,0.0006229023926927857
test_06347,0.39983016906775704
test_06348,0.45171629030728105
test_06349,0.000531994369479435
test_06350,0.2853939139357367
test_06351,0.7801445367501353
test_06352,3.4710324713590302e-09
test_06353,1.5719361032848596e-05
test_06354,0.4548231622550839
test_06355,0.00015699762280029135
test_06356,0.6636332516637065
test_06357,1.5478052368642333e-10
test_06358,9.437313708638466e-06
test_06359,0.001990298394226165
test_06360,0.0009202667458753211
test_06361,0.017029766794169062
test_06362,1.1549602363216785e-09
test_06363,0.7116603526035022
test_06364,0.47546708112742514
test_06365,0.24000393498532124
test_06366,0.45283254786734134
test_06367,0.00019245517486381073
test_06368,4.462680574724916e-07
test_06369,0.0001890554132418373
test_06370,0.01226392045049727
test_06371,0.31578858715084634
test_06372,0.04736826848822346
test_06373,2.157641172088106e-05
test_06374,0.4358742502351773
test_06375,0.3263590777534212
test_06376,0.0553824113216832
test_06377,0.3474644361705713
test_06378,0.42227752237105604
test_06379,0.015636867487654492
test_06380,0.7666098584993918
test_06381,2.0633695515628364e-05
test_06382,0.8928454895022434
test_06383,0.5564702903898417
test_06384,0.447973272185437
test_06385,2.3818205534184725e-05
test_06386,0.010142551112081778
test_06387,0.05007816260781875
test_06388,0.7235638999728938
test_06389,0.16206138985563937
test_06390,0.021308382237670183
test_06391,0.3845082702788466
test_06392,0.0003415483404720087
test_06393,0.3721903801084079
test_06394,0.7184510795356472
test_06395,0.001382468276731051
test_06396,0.09555828613528501
test_06397,0.2449784115979477
test_06398,0.12854039613256893
test_06399,7.211137782236298e-05
test_06400,4.857552067756021e-06
test_06401,1.775330959028652e-05
test_06402,0.04891914088719676
test_06403,0.8335684126424283
test_06404,1.2211461038041808e-05
test_06405,0.13476291512276486
test_06406,5.995513891065279e-07
test_06407,0.26379863634118234
test_06408,0.21943154973711962
test_06409,0.24230718240875462
test_06410,0.01399602069623691
test_06411,0.34666371455144035
test_06412,0.00016051266051026012
test_06413,0.3050331430245338
test_06414,0.006886654249597779
test_06415,1.3324720348228846e-06
test_06416,0.00011617040326218014
test_06417,0.00019358977432473026
test_06418,0.3708094735664836
test_06419,2.993464073060012e-08
test_06420,2.2928471699376924e-06
test_06421,0.2785850598759166
test_06422,0.7144213576426472
test_06423,0.9186364647172273
test_06424,0.32952184060586576
test_06425,0.38037241980180914
test_06426,0.00026557817126498384
test_06427,0.3806907254833732
test_06428,0.4521602418873911
test_06429,0.3577963379466772
test_06430,0.6284907776627564
test_06431,0.0006547963197410568
test_06432,0.40781119744611466
test_06433,0.38547053640677614
test_06434,0.1841538955548421
test_06435,0.4505652709424992
test_06436,0.6404766284159935
test_06437,1.4120440719296056e-07
test_06438,0.5752981850234168
test_06439,0.7118092000400598
test_06440,1.583034429434215e-05
test_06441,0.27768130287801335
test_06442,0.00047897869441118846
test_06443,0.5063818337235113
test_06444,1.0470933229753995e-06
test_06445,0.031618009203855706
test_06446,0.43561198275619284
test_06447,0.5141472116678375
test_06448,0.059276598506521144
test_06449,0.4582880948034736
test_06450,0.5351023135037791
test_06451,0.004542010802829633
test_06452,0.21612269206901782
test_06453,0.4836130620989175
test_06454,7.2573796043955545e-06
test_06455,0.6084500162195556
test_06456,0.635755338255125
test_06457,0.007970794494304198
test_06458,6.550638161324464e-08
test_06459,0.585959560331472
test_06460,0.7864091756348253
test_06461,0.6672385130503562
test_06462,2.2621621784217088e-11
test_06463,0.7924789842201816
test_06464,0.008775273468374357
test_06465,0.4568108800039778
test_06466,0.4460545726501072
test_06467,2.450503539930911e-05
test_06468,0.14024011739463538
test_06469,0.0726174177495173
test_06470,0.19182802031149657
test_06471,0.6203531787286708
test_06472,0.5297181415553088
test_06473,0.8501066210038196
test_06474,0.6941490988945263
test_06475,0.08199503052076916
test_06476,0.10030386974392416
test_06477,0.0010868050086026667
test_06478,0.001680009153408044
test_06479,0.7235603277590069
test_06480,0.4562019459302516
test_06481,0.38781375878553515
test_06482,0.6303837302892389
test_06483,0.261292311273131
test_06484,0.15917254802223182
test_06485,3.741999875381155e-08
test_06486,0.640400899142645
test_06487,3.419084265577613e-05
test_06488,0.0004597079129432752
test_06489,3.849329084176468e-05
test_06490,0.009242644092520791
test_06491,0.003625811377549045
test_06492,0.2545885290139783
test_06493,0.09150991076064656
test_06494,0.07150879637025115
test_06495,1.4968992150847035e-05
test_06496,0.0177989691554404
test_06497,0.053612337342139556
test_06498,0.40199246272697764
test_06499,0.18335057367325472
test_06500,0.581983065612076
test_06501,3.225142859056827e-05
test_06502,0.38297154300674036
test_06503,7.290660382676684e-07
test_06504,0.17385723483852994
test_06505,5.313494446789359e-07
test_06506,0.0020368215630948137
test_06507,0.46891063256286275
test_06508,0.889850116112666
test_06509,7.721598525139638e-06
test_06510,0.0003586614850541281
test_06511,0.42686004956718077
test_06512,0.5184096632534949
test_06513,0.4760542121591301
test_06514,0.33880279524707535
test_06515,0.8920227565778026
test_06516,0.0014827522316521857
test_06517,0.001293008869123417
test_06518,0.47585913287095727
test_06519,0.18114530539604368
test_06520,0.0021990203729776755
test_06521,0.8475652245576198
test_06522,0.6633408668532963
test_06523,0.0009899005093447011
test_06524,0.00013464124893235242
test_06525,1.1291982938968428e-08
test_06526,0.22520821588618684
test_06527,0.29269310340694804
test_06528,0.5743195104961631
test_06529,0.1392490516869245
test_06530,0.35982359261011193
test_06531,0.0874972719465023
test_06532,0.07299381382139979
test_06533,0.9370550865349566
test_06534,0.9808455905852996
test_06535,0.7152022848809667
test_06536,0.0028210142197889524
test_06537,1.4221343537515168e-07
test_06538,0.7052325408983867
test_06539,0.9984181941579003
test_06540,0.0013309165119856335
test_06541,3.2129336722883016e-06
test_06542,0.28282816304865577
test_06543,0.26052051203421767
test_06544,0.0005790504609153836
test_06545,0.020945918768365154
test_06546,0.8094949220685016
test_06547,0.9387893059001486
test_06548,0.1559039835270621
test_06549,0.0001819116054358572
test_06550,1.2771183687700018e-06
test_06551,0.0006088055640129101
test_06552,0.5324551179213692
test_06553,0.9673684417766789
test_06554,0.3369063369687665
test_06555,0.10451534941423023
test_06556,0.015438524367693909
test_06557,5.309307761030242e-07
test_06558,0.25078318045718534
test_06559,0.5805628011908477
test_06560,0.7906207373761215
test_06561,0.43526368525105585
test_06562,0.0010023593995228755
test_06563,0.08181590643706367
test_06564,0.5745611842524276
test_06565,0.4462262757956259
test_06566,0.4343150160779559
test_06567,0.1061787502668282
test_06568,0.5515312900588032
test_06569,0.0943238774459103
test_06570,0.6446544630849443
test_06571,0.36786999914369317
test_06572,0.00013712660183206742
test_06573,0.029614880768494316
test_06574,0.43750087821303213
test_06575,0.5398170193069668
test_06576,0.5813123450907857
test_06577,0.38636757300872376
test_06578,4.981160220444176e-08
test_06579,0.0019092899952186414
test_06580,0.7990103751499226
test_06581,1.1967407021204358e-05
test_06582,0.0048612742191309405
test_06583,0.5132598892973829
test_06584,0.0022726331362446276
test_06585,0.2669945316735473
test_06586,0.22007153347713795
test_06587,0.9671825696140564
test_06588,0.5567955749179988
test_06589,0.224804362948598
test_06590,0.1814078186129118
test_06591,0.6118123816348852
test_06592,0.42995159526024956
test_06593,0.9815520370255549
test_06594,0.5032960396288383
test_06595,0.5996141252489386
test_06596,0.0010889188762836497
test_06597,0.4040617313850187
test_06598,0.0030811207549975017
test_06599,0.027944503705962638
test_06600,8.790234216362543e-07
test_06601,2.304743261486777e-06
test_06602,0.2475743199108899
test_06603,0.3714315127311257
test_06604,0.6996897749420947
test_06605,0.2123796563199566
test_06606,2.3015828330365973e-07
test_06607,0.5820847397844541
test_06608,6.807581715548311e-07
test_06609,0.03457304022524483
test_06610,1.0590784819087857e-09
test_06611,0.4708918159885553
test_06612,3.3065341766027585e-08
test_06613,0.05225690482464238
test_06614,1.419703810446696e-05
test_06615,0.18174136836966684
test_06616,0.5577778030827759
test_06617,0.038436085528218644
test_06618,0.10254467629338808
test_06619,0.19844414241594543
test_06620,0.7168895300653388
test_06621,8.133946399125156e-06
test_06622,0.5033169283050621
test_06623,0.4696717615313525
test_06624,0.4608950907238172
test_06625,1.1008030418024327e-07
test_06626,1.0628784038021654e-05
test_06627,4.5896490334248796e-08
test_06628,0.6041279240674179
test_06629,0.5297923165071299
test_06630,0.04598347420102953
test_06631,0.33475301459129964
test_06632,0.06993986933717113
test_06633,0.18619420640757292
test_06634,0.4868928547566128
test_06635,0.350448399125326
test_06636,0.4988172675606095
test_06637,0.7811520092414534
test_06638,0.0006377207899815949
test_06639,0.564655729314175
test_06640,0.5914984887248587
test_06641,0.4307642442840604
test_06642,0.5095072011255316
test_06643,0.7405155807948273
test_06644,0.01771269554427688
test_06645,0.005187090061302178
test_06646,0.5521554334574205
test_06647,0.38712924265011067
test_06648,0.6073523176948092
test_06649,0.5021731566991449
test_06650,0.0010640103194557665
test_06651,5.599756304023539e-05
test_06652,0.37031802435229355
test_06653,0.3431539791744682
test_06654,0.0005844671424962156
test_06655,4.489556788680371e-09
test_06656,0.5199210405379805
test_06657,0.969145130523105
test_06658,0.3677177338248828
test_06659,3.1045213477444523e-06
test_06660,0.33446872777253706
test_06661,0.03775432106115309
test_06662,0.5480891679571852
test_06663,0.0009523645579187757
test_06664,0.0009136372969130853
test_06665,0.003683820641912636
test_06666,0.25869741530508467
test_06667,0.01861218859982442
test_06668,0.7122565646874832
test_06669,7.241744010577907e-06
test_06670,0.3209064787059096
test_06671,0.8293892617264348
test_06672,0.03848863018994913
test_06673,0.5822766374388151
test_06674,0.005887292869748712
test_06675,0.5445946246230388
test_06676,0.6917428481920103
test_06677,0.07822673076673076
test_06678,0.6774357880954235
test_06679,0.5242396944412707
test_06680,0.7553643856951536
test_06681,0.24510270123629052
test_06682,0.515375721258796
test_06683,0.00024178292511395773
test_06684,1.1245625849084378e-08
test_06685,0.00027924774950677093
test_06686,0.00012418196506867413
test_06687,0.5641080598064937
test_06688,0.47077208580120156
test_06689,0.6636562128087456
test_06690,0.7292963963573328
test_06691,0.03793121478301549
test_06692,0.8866062824527388
test_06693,4.460900838040041e-06
test_06694,3.0461422724858334e-05
test_06695,0.005085830844198023
test_06696,0.014629515737555379
test_06697,0.624996432552746
test_06698,0.4197405279670363
test_06699,0.07107326790797781
test_06700,0.001926230954633184
test_06701,0.403968761269429
test_06702,0.6016038300797719
test_06703,0.012641929826654295
test_06704,1.235589334557378e-10
test_06705,0.5061005087137809
test_06706,0.00019114995323437286
test_06707,0.17712737792688152
test_06708,0.5463004148667419
test_06709,0.6024466137293701
test_06710,0.009793948895042677
test_06711,0.00021518592178243598
test_06712,4.805177138667779e-05
test_06713,0.5124895433090889
test_06714,4.325382927409288e-05
test_06715,0.5191680572756813
test_06716,0.9933244002210807
test_06717,0.8783097921506282
test_06718,0.008744683358092684
test_06719,0.00015873549453898283
test_06720,0.001069909950949631
test_06721,0.06130286968339358
test_06722,0.8249319673843898
test_06723,2.0697293182590474e-05
test_06724,0.6986704151925148
test_06725,0.22056587879508657
test_06726,7.841117857528877e-05
test_06727,0.3178766737024476
test_06728,0.010096062321235258
test_06729,5.815511093177508e-05
test_06730,0.0010192189864842703
test_06731,0.49348292460758986
test_06732,3.377481536991474e-09
test_06733,0.32498902863701973
test_06734,0.20058127022366687
test_06735,9.087563476400602e-08
test_06736,0.9580222004317187
test_06737,0.6109561468530627
test_06738,0.44265135082892454
test_06739,0.003298245680783144
test_06740,1.0558972042793326e-06
test_06741,0.9113000936601129
test_06742,0.8936479693261568
test_06743,1.7526625903435083e-05
test_06744,0.648307754906242
test_06745,0.00018981196004009098
test_06746,0.565437202990733
test_06747,0.5281058054737292
test_06748,0.18523611307276994
test_06749,3.573085938989967e-05
test_06750,0.0416138746386609
test_06751,1.709267267834814e-06
test_06752,0.0013327433497719594
test_06753,0.10040110658858087
test_06754,4.668133446468569e-05
test_06755,0.0005406333771503137
test_06756,0.0047294727276836765
test_06757,0.0007616445001894061
test_06758,0.46866885131160146
test_06759,1.2640754361882133e-05
test_06760,0.051679472275248134
test_06761,0.22204935347472757
test_06762,1.3206470696155857e-06
test_06763,0.09960377147457766
test_06764,0.2830774293413509
test_06765,2.0756754975446473e-09
test_06766,0.0031582637915372304
test_06767,0.5040573633329544
test_06768,0.677445648370501
test_06769,7.694913499487395e-05
test_06770,1.0687186324865872e-05
test_06771,0.2743011205301015
test_06772,3.4331742595484944e-06
test_06773,0.3076176146801112
test_06774,0.7627478454926295
test_06775,0.17678551351098978
test_06776,0.6104980799148638
test_06777,0.003473978196427421
test_06778,0.0030122302979171188
test_06779,1.7012798193988948e-05
test_06780,0.9001781520137353
test_06781,0.7598915224766998
test_06782,0.004306634210482013
test_06783,0.006148825192715251
test_06784,0.0031604296348488655
test_06785,0.0013112298638420466
test_06786,0.024203576754767264
test_06787,3.196405966498113e-09
test_06788,3.680528830287593e-05
test_06789,0.5519262899133881
test_06790,0.43621044704168305
test_06791,0.006467551150833978
test_06792,0.25715460592453837
test_06793,0.027425589044197018
test_06794,0.5727417965861723
test_06795,0.0003713770292434606
test_06796,0.5134271246247996
test_06797,2.1745941492069246e-05
test_06798,1.2960264903119048e-05
test_06799,3.601724360912719e-05
test_06800,0.07629635483975565
test_06801,0.24355154433890086
test_06802,2.578980697317725e-10
test_06803,0.0059010189225362
test_06804,0.002739112735379846
test_06805,8.321246410998303e-05
test_06806,0.7600876427108856
test_06807,0.8250549942858347
test_06808,0.4478145599280962
test_06809,0.020480917390306063
test_06810,0.4028338684168892
test_06811,0.6359144951084786
test_06812,3.278150387115485e-05
test_06813,0.000730380014825292
test_06814,0.9521227068085293
test_06815,0.2938084517926306
test_06816,0.00016375306951552053
test_06817,0.2345937962094409
test_06818,0.08525226091331765
test_06819,0.16226711703132277
test_06820,2.7255667897479245e-05
test_06821,0.013265094305211686
test_06822,0.022689413700557704
test_06823,8.587760006278655e-05
test_06824,0.0010401517172712383
test_06825,0.2754536173463945
test_06826,0.005308521350566156
test_06827,0.38566239056322976
test_06828,0.781151932998832
test_06829,0.7536441850594028
test_06830,0.5355922412984669
test_06831,0.5495875936014528
test_06832,0.0006579299548247141
test_06833,0.40097968515218674
test_06834,0.061975503313937655
test_06835,0.4463017920907177
test_06836,0.015351807325265289
test_06837,0.2842667698009137
test_06838,0.5354372175695096
test_06839,0.4845423503313738
test_06840,0.35697833343265345
test_06841,0.2026559457487453
test_06842,0.4081700423493561
test_06843,8.7276208494971e-06
test_06844,0.12548317506678136
test_06845,1.659819782707774e-11
test_06846,0.8897890390672084
test_06847,0.8034431384770316
test_06848,0.1420070640156069
test_06849,0.03548316717071438
test_06850,0.41044811000666065
test_06851,0.19390044920457833
test_06852,0.5549298494012027
test_06853,1.9725393313957665e-08
test_06854,7.2168519041732186e-06
test_06855,9.999152399642231e-09
test_06856,0.000462415577537735
test_06857,0.662277894853049
test_06858,0.013401443892139568
test_06859,0.5236607941729299
test_06860,0.6673628992699303
test_06861,0.49317593096858187
test_06862,7.420813603502635e-05
test_06863,0.02894047504845169
test_06864,1.846237635393993e-06
test_06865,2.217869227602951e-06
test_06866,0.05696303242338197
test_06867,0.37694309784948715
test_06868,4.719868643827339e-05
test_06869,0.29646577821997044
test_06870,0.7632861542841309
test_06871,0.46458239439043864
test_06872,7.619237123674686e-05
test_06873,0.002125151718660962
test_06874,0.9769492966290374
test_06875,0.46012458255991096
test_06876,0.11111597849802284
test_06877,1.0902345503314897e-06
test_06878,0.4456836253369151
test_06879,0.6405609854134645
test_06880,0.4852178283646966
test_06881,0.00031747598935774374
test_06882,3.4456428014365746e-06
test_06883,0.385884793543636
test_06884,0.12350334322360917
test_06885,1.5054081049511412e-05
test_06886,0.15290060213647674
test_06887,0.16221642204927056
test_06888,0.2508556114807645
test_06889,0.4079992305935927
test_06890,0.07866474816018224
test_06891,0.5146379191133249
test_06892,3.9981900730090315e-07
test_06893,0.31061911306310386
test_06894,0.04427351367957729
test_06895,4.695988855898803e-05
test_06896,0.0003881717898504919
test_06897,0.00020013257370979834
test_06898,0.00010896989448704115
test_06899,0.45638864224196
test_06900,0.4420015258846831
test_06901,0.6179316958121682
test_06902,0.8781248367901999
test_06903,0.013020907938523651
test_06904,0.8536624677803827
test_06905,0.3782783918527195
test_06906,0.0003330586019415157
test_06907,0.47759329913030213
test_06908,0.9216155093056567
test_06909,0.22631594636483945
test_06910,1.0294307107350076e-06
test_06911,0.13613535841475025
test_06912,0.002067861801860867
test_06913,0.382751791465756
test_06914,6.73674981934755e-05
test_06915,0.6599155641977088
test_06916,0.9621568418930541
test_06917,0.34530174152319293
test_06918,0.6233298240489448
test_06919,7.150087438344462e-06
test_06920,0.3558063406488667
test_06921,0.22421318935256188
test_06922,0.46427020286407483
test_06923,0.1712218462531116
test_06924,0.09678130626941131
test_06925,0.014465654673006164
test_06926,0.0005382108043146532
test_06927,0.5270450766345236
test_06928,0.10341364597823618
test_06929,0.5045784432321836
test_06930,0.9389118869931082
test_06931,1.49292341672443e-05
test_06932,1.2069657243353562e-06
test_06933,0.4213088650872589
test_06934,0.0015415701895562528
test_06935,0.38340756336996573
test_06936,0.018331873273333372
test_06937,0.0024615161759878102
test_06938,5.678369518233498e-07
test_06939,0.6725825452630887
test_06940,0.8551398833126027
test_06941,0.6283894060245382
test_06942,0.054967718259764764
test_06943,7.472622803623931e-05
test_06944,0.46820685991362404
test_06945,0.01855531079609179
test_06946,0.390301421926917
test_06947,0.5820561036708292
test_06948,0.47789944907863263
test_06949,3.663886983156817e-06
test_06950,0.8301679597328214
test_06951,0.3926515016438535
test_06952,0.7545509459994815
test_06953,0.45102322832370956
test_06954,0.0014923541513196799
test_06955,0.0004096677705781705
test_06956,0.4908241401492668
test_06957,0.5538981419814248
test_06958,0.4660082832138945
test_06959,0.35420718675591634
test_06960,0.012124868839427044
test_06961,0.8943344271569651
test_06962,0.10626802481294928
test_06963,0.25429241388135887
test_06964,6.666600827814512e-06
test_06965,0.7190032612559868
test_06966,0.46900659389642396
test_06967,0.4922349054406237
test_06968,0.05505460037851771
test_06969,2.910133402781874e-10
test_06970,0.7250703907665969
test_06971,2.9738732915745666e-09
test_06972,0.15306324785790182
test_06973,3.3300401770673964e-05
test_06974,0.10353169864670105
test_06975,3.499116983180949e-06
test_06976,0.37165080303310544
test_06977,7.474824892153268e-07
test_06978,0.17596711445860716
test_06979,0.7734441728040281
test_06980,0.8221332979975277
test_06981,0.9203708341760896
test_06982,0.00027165230821102397
test_06983,0.482449525926563
test_06984,0.5225181219554064
test_06985,0.13460719131226345
test_06986,0.02528568462119966
test_06987,0.854559074109304
test_06988,0.4744241243515763
test_06989,0.7985079389223779
test_06990,0.5251355719818188
test_06991,0.9339261392125945
test_06992,0.20311165298451028
test_06993,0.7503392002198053
test_06994,0.5094366016585772
test_06995,0.0014097436677080822
test_06996,0.0013614824261202025
test_06997,4.53253597073278e-05
test_06998,0.3508369678344994
test_06999,0.4065768612693135
test_07000,0.5040910826895872
test_07001,0.002482288533946654
test_07002,0.7180341580112753
test_07003,0.5148527861429206
test_07004,0.2631977761135858
test_07005,0.0023985562277490536
test_07006,0.005329556735128943
test_07007,0.0004230461246216805
test_07008,0.3804685753917338
test_07009,0.7733270558303321
test_07010,8.147049083984383e-05
test_07011,0.45694782033128023
test_07012,0.30719313941157245
test_07013,0.012509898904329629
test_07014,1.0298690109964187e-09
test_07015,0.7592063655210756
test_07016,0.01778618473054157
test_07017,0.6560791826874411
test_07018,0.5695500936218187
test_07019,0.7987265361546649
test_07020,0.8324957440552827
test_07021,0.553676758168622
test_07022,9.2673106258371e-06
test_07023,0.0434356311271545
test_07024,0.8243017281431936
test_07025,0.47038826397284184
test_07026,0.8015964904561879
test_07027,0.010066355587316918
test_07028,0.6614237265582668
test_07029,0.2680048615497402
test_07030,0.009083173154938307
test_07031,0.03474002713783461
test_07032,0.4810121443823922
test_07033,0.46742982683045725
test_07034,5.92864170357919e-07
test_07035,3.0774905714289247e-11
test_07036,0.5962215073596884
test_07037,0.5131999890476188
test_07038,0.007688868288464848
test_07039,0.006146372802506069
test_07040,0.07090169580591882
test_07041,0.6660188614908531
test_07042,6.278857489962342e-06
test_07043,0.6325373216198134
test_07044,0.923822889042229
test_07045,0.0017035721386904614
test_07046,0.7113968237707053
test_07047,0.42609298767845255
test_07048,0.2392363476685098
test_07049,0.09541845369773629
test_07050,0.44846822732714253
test_07051,0.09412555752049083
test_07052,0.008738332334379453
test_07053,0.7938160043038411
test_07054,4.047386667255583e-05
test_07055,0.71509082851498
test_07056,0.5008984982766078
test_07057,2.1072171187054435e-08
test_07058,0.09508808345924
test_07059,0.01606917066544158
test_07060,0.6543403248817845
test_07061,0.08973817873073389
test_07062,0.12029385762245653
test_07063,0.00023116857140712669
test_07064,1.3892678930568794e-06
test_07065,2.0023858088368749e-07
test_07066,6.250053932171452e-06
test_07067,0.9285718734385452
test_07068,0.324659412947101
test_07069,0.9466064125345116
test_07070,0.32109722670211427
test_07071,0.4209002620874064
test_07072,0.03412115747030896
test_07073,0.2446512790045721
test_07074,0.0005295252382514777
test_07075,7.127199129365324e-05
test_07076,0.5495542892164615
test_07077,0.018614769973029032
test_07078,0.7873748747403246
test_07079,0.9870129129473529
test_07080,0.2384105567108846
test_07081,0.04967958583150153
test_07082,0.7639762995015319
test_07083,0.0003631880174614694
test_07084,0.26548757441154747
test_07085,0.37505297035505575
test_07086,0.01973850745773797
test_07087,0.3640379653421346
test_07088,0.0038498828585568586
test_07089,0.002589830685521562
test_07090,0.21392767705016652
test_07091,4.6289279257710265e-11
test_07092,0.8596931420463373
test_07093,0.032194434605696945
test_07094,0.8983977915118493
test_07095,0.12270136948310094
test_07096,0.930997989255433
test_07097,0.13530432363990041
test_07098,0.3514473538378803
test_07099,0.399990815622924
test_07100,0.32053502526209326
test_07101,0.8182740073968335
test_07102,2.113588777222992e-06
test_07103,0.5223068480932194
test_07104,0.0025615288758953857
test_07105,0.1283634126532574
test_07106,1.457572205493942e-05
test_07107,3.747938897698662e-05
test_07108,0.19358060955124073
test_07109,0.01151798575759956
test_07110,0.009239131367753919
test_07111,0.23782319984961411
test_07112,0.19115552061046548
test_07113,0.4365074291616496
test_07114,0.33009287245376523
test_07115,0.7113324120441493
test_07116,0.2805543363759129
test_07117,0.017724709283810307
test_07118,0.004798205319788669
test_07119,0.22838971268403502
test_07120,3.0888958361474455e-05
test_07121,0.4548959879620632
test_07122,0.7864179294947431
test_07123,0.6348787484543823
test_07124,0.9061346932327508
test_07125,3.0805325939728342e-06
test_07126,0.6555654522130236
test_07127,0.4367226258642112
test_07128,0.00013354348569367204
test_07129,0.425524653073502
test_07130,4.4957728096211404e-06
test_07131,0.023629659573433413
test_07132,2.3376340417301034e-06
test_07133,0.0464982600380968
test_07134,0.48807747535195806
test_07135,0.15028873361245687
test_07136,6.855755760605257e-08
test_07137,0.30998229864921134
test_07138,0.4104007129771371
test_07139,0.24293179672525228
test_07140,0.0967655788158626
test_07141,0.2644197816504792
test_07142,0.06724586759281366
test_07143,0.0003018002153507628
test_07144,0.4759551336917022
test_07145,0.16750619275898065
test_07146,0.6725466686063211
test_07147,0.06365212303376097
test_07148,0.5255007426208389
test_07149,7.098117297169272e-05
test_07150,0.34795574213572716
test_07151,4.927387136103963e-06
test_07152,0.005717537301639849
test_07153,0.0022283288550860726
test_07154,0.8614284043281629
test_07155,7.110310265431627e-07
test_07156,0.17658242417270864
test_07157,3.140432204146071e-07
test_07158,9.22106550841431e-07
test_07159,8.379220602518748e-06
test_07160,0.00017829707596745886
test_07161,0.06282279780346675
test_07162,0.7077598164102016
test_07163,0.2892055394820181
test_07164,0.3881255016537469
test_07165,0.06653760225249372
test_07166,0.5313309216138357
test_07167,0.38845426478724
test_07168,0.6577776818396077
test_07169,0.1924793942654995
test_07170,0.5283183995895855
test_07171,0.5444843371903783
test_07172,0.884725885071002
test_07173,0.00032078960453362263
test_07174,0.08957844029862924
test_07175,1.6756753932728538e-07
test_07176,0.00016145393693160534
test_07177,0.5523322084306747
test_07178,0.012918563931126151
test_07179,0.00013802582596621982
test_07180,0.2453588976489759
test_07181,0.4974101182060071
test_07182,0.38045916684074177
test_07183,0.002532911574784161
test_07184,0.8421486703863648
test_07185,0.0001768479000030023
test_07186,0.28946385393177254
test_07187,0.22799487931453308
test_07188,0.617097803708183
test_07189,0.00017769296606889875
test_07190,0.39036360785012164
test_07191,0.000324570797611572
test_07192,1.7730643660358294e-05
test_07193,0.2351204676210543
test_07194,0.6179261584923993
test_07195,0.8090055897940323
test_07196,0.003348359478930735
test_07197,5.656079240532216e-10
test_07198,0.0007400425107667978
test_07199,0.6910973568501926
test_07200,0.453207287273329
test_07201,3.742033490587282e-07
test_07202,0.04839591114398913
test_07203,0.844862425366369
test_07204,0.31732521660656454
test_07205,2.0064325234944455e-07
test_07206,0.002010213700012453
test_07207,0.0009972189805578752
test_07208,4.247489416556563e-06
test_07209,0.0004730912852126361
test_07210,0.03025439067176369
test_07211,0.5520793035331927
test_07212,0.000688434182764903
test_07213,0.49671674005780403
test_07214,0.0021745998343068516
test_07215,0.7848014853912255
test_07216,0.8502657476567189
test_07217,6.237059020538174e-06
test_07218,0.08297830063860397
test_07219,0.1413234996428381
test_07220,0.36553654099169697
test_07221,0.047865601764415434
test_07222,0.3364423854957576
test_07223,0.005451287201285346
test_07224,0.5943663371537881
test_07225,0.7679673684586705
test_07226,0.5058791291583157
test_07227,5.5360262195457733e-05
test_07228,0.659527511683884
test_07229,0.25575760034144296
test_07230,0.0063157424089661
test_07231,0.0007801396532935333
test_07232,0.4120515054889473
test_07233,0.775426221285541
test_07234,0.4942895795969001
test_07235,0.09262537851796994
test_07236,0.5860431147574108
test_07237,4.3537897671409645e-05
test_07238,0.006122545835673526
test_07239,0.48613637696247125
test_07240,0.7707642249054487
test_07241,0.019360932884921328
test_07242,3.1602945257681335e-06
test_07243,0.07508829282024096
test_07244,0.0015238824765028691
test_07245,3.963245754437971e-05
test_07246,0.48404449838976527
test_07247,0.00022038111627381747
test_07248,1.7597049388481716e-08
test_07249,4.619058372280966e-06
test_07250,7.020368117570267e-06
test_07251,0.018502057998510187
test_07252,0.5297777395341338
test_07253,0.0001722209020173105
test_07254,0.2985730628566496
test_07255,1.2274955369801651e-05
test_07256,0.45099388664827633
test_07257,0.0027219654150614342
test_07258,0.0002795272793007548
test_07259,0.32341255904228716
test_07260,0.01396146229942059
test_07261,0.0002173585706821529
test_07262,4.2623125031813734e-05
test_07263,0.9636250416264495
test_07264,1.4937066839456394e-06
test_07265,0.20691241093631774
test_07266,3.063316310579799e-08
test_07267,0.47288110715312254
test_07268,0.8032582723342988
test_07269,0.35785404945236826
test_07270,0.0003026785753016994
test_07271,0.5809485412278532
test_07272,0.034531133131157216
test_07273,0.3669131726981601
test_07274,0.15433501635583666
test_07275,0.0015196844794692415
test_07276,0.49220606281012336
test_07277,0.5405919559967153
test_07278,0.001447037671159655
test_07279,9.22801694518449e-06
test_07280,0.0004939622792741549
test_07281,0.01721206363365764
test_07282,2.644106380160607e-06
test_07283,0.0002712477236083564
test_07284,2.182770245127208e-08
test_07285,6.373694698774424e-10
test_07286,0.3397763092081998
test_07287,0.05565673032139584
test_07288,0.04453282307902391
test_07289,0.5280448287898848
test_07290,0.6710617361697072
test_07291,0.0008228833873694477
test_07292,0.5147140331882885
test_07293,0.1441677952448732
test_07294,0.7835079974337003
test_07295,7.385925370085913e-06
test_07296,0.4885352258788182
test_07297,1.8002402517830228e-10
test_07298,0.022628255578967124
test_07299,0.2094712283509755
test_07300,0.2917059932998245
test_07301,0.0010336128486999044
test_07302,2.9265729366390565e-05
test_07303,0.001451556394584317
test_07304,0.09008546442827893
test_07305,0.5559619722358579
test_07306,0.15566759819828646
test_07307,0.19129304414790196
test_07308,0.28641218801018375
test_07309,0.20741738816732982
test_07310,1.4399247643349689e-05
test_07311,0.24584406455038654
test_07312,0.031135448669228235
test_07313,0.5421827150655537
test_07314,0.21573979769965704
test_07315,0.0007692435001287079
test_07316,0.07019233518096915
test_07317,0.5080731606016898
test_07318,0.0314410784226582
test_07319,5.784049012341569e-06
test_07320,0.5137023849223366
test_07321,0.159605163960303
test_07322,0.0010422099603800024
test_07323,0.0441987069656531
test_07324,0.8158227376111264
test_07325,0.0002503777178373191
test_07326,0.9566487860008178
test_07327,0.3884597135017729
test_07328,0.8499640281258619
test_07329,0.11071717455015909
test_07330,0.41998284794043816
test_07331,0.5876631047020172
test_07332,0.5301025533878112
test_07333,0.011249451181632262
test_07334,0.6132804963015314
test_07335,0.35694751780396605
test_07336,4.050195667658989e-06
test_07337,0.2750499857371635
test_07338,0.011239668754763836
test_07339,0.0008511962793104073
test_07340,1.367783791468986e-05
test_07341,0.07753941155763132
test_07342,0.12648077676810435
test_07343,0.07705525731772489
test_07344,0.00016350615833497835
test_07345,0.07290935764729227
test_07346,0.04293506736296751
test_07347,7.34518404430872e-07
test_07348,0.038816866871364875
test_07349,0.538908310707168
test_07350,0.508757183374415
test_07351,8.948811403103276e-06
test_07352,0.3469163127342592
test_07353,0.43811307611905637
test_07354,0.0059749966711051435
test_07355,0.7059005800918943
test_07356,0.8830281215901171
test_07357,0.6983526124780417
test_07358,0.5663261450617014
test_07359,0.0001230469057061085
test_07360,0.2498778244248733
test_07361,0.5093277162904212
test_07362,3.859306281019462e-06
test_07363,0.2626309662616645
test_07364,0.3970338047605031
test_07365,0.5433258275376722
test_07366,0.32758839029226633
test_07367,0.1807072901709621
test_07368,0.8479569594863678
test_07369,0.38949467646773395
test_07370,0.1674540116402071
test_07371,0.9331335360588292
test_07372,0.2941453409675035
test_07373,0.0004215076449218858
test_07374,0.41351943764701715
test_07375,0.5356421817347147
test_07376,0.3761213209056964
test_07377,0.001431120128128202
test_07378,0.0001013961021267866
test_07379,0.6689389757207858
test_07380,0.06128384801586743
test_07381,0.1189438528119145
test_07382,0.042853158045512166
test_07383,0.6761916055765559
test_07384,0.5588073549272307
test_07385,7.991115059088543e-08
test_07386,0.00036308200019622105
test_07387,0.0023806189276821075
test_07388,0.01213334798938872
test_07389,0.0008257876612379308
test_07390,0.7538037836083928
test_07391,1.0241317730492828e-10
test_07392,0.9246208107670011
test_07393,0.58011733379755
test_07394,0.5311223615480519
test_07395,0.45292191545531435
test_07396,0.16866035977200083
test_07397,0.5218240206794443
test_07398,0.006701655299976872
test_07399,0.054208309167871595
test_07400,0.8404685894400241
test_07401,0.32734555041904495
test_07402,3.278605064933782e-07
test_07403,0.02064356288504172
test_07404,0.006554089495671955
test_07405,0.003124455314742631
test_07406,0.07571782269263702
test_07407,0.4656812592876057
test_07408,0.03149809829513456
test_07409,0.26642912950237724
test_07410,0.0009117809662623858
test_07411,0.5034910930585897
test_07412,0.34197445746358207
test_07413,0.5406244800716989
test_07414,5.297639388376281e-06
test_07415,0.0011940374593908758
test_07416,7.381712156245213e-06
test_07417,0.30618574621158784
test_07418,0.03126785760838714
test_07419,0.020355895184190325
test_07420,2.2288723336481506e-05
test_07421,4.348543853893206e-06
test_07422,0.12424232500032896
test_07423,0.9750972950108313
test_07424,8.953503761719838e-06
test_07425,0.6627806546360291
test_07426,0.7917638581587293
test_07427,0.0003118419004512758
test_07428,0.009646607695965712
test_07429,0.06305983440971454
test_07430,0.5185079701833356
test_07431,0.9093161575590152
test_07432,0.6937762943063601
test_07433,0.49161588140326745
test_07434,0.12883736829940373
test_07435,0.03160259016921539
test_07436,1.8827661697670471e-07
test_07437,0.00012258851328592388
test_07438,0.6002121264489041
test_07439,0.31152403106801624
test_07440,0.2180273204911177
test_07441,0.1498033018411251
test_07442,0.01531637356652332
test_07443,8.481828925277485e-05
test_07444,3.3341536131435348e-06
test_07445,0.5616517725756217
test_07446,0.11318732572785144
test_07447,0.01727186638831239
test_07448,6.506153890197872e-11
test_07449,0.0019876111950386842
test_07450,0.8252552098824619
test_07451,0.2658316281439883
test_07452,8.196756407214778e-05
test_07453,0.002048738371752638
test_07454,0.5070799429078716
test_07455,0.15982427139742134
test_07456,8.077721788234755e-08
test_07457,0.3100963389728592
test_07458,0.9105158427913435
test_07459,0.01961057670560032
test_07460,0.5971428964037186
test_07461,0.0009940064094713734
test_07462,0.8195966114737424
test_07463,0.08002355065320059
test_07464,0.4452414469391369
test_07465,0.7078319867405715
test_07466,0.00641163177850514
test_07467,0.0046351303508069
test_07468,7.3822407930172425e-06
test_07469,0.1884596301497816
test_07470,0.5761594734805114
test_07471,0.10213714638462577
test_07472,0.533520559287748
test_07473,0.11964103341425507
test_07474,3.5610667475340766e-05
test_07475,0.0026438047252853227
test_07476,0.24503892088421428
test_07477,0.012589805053537784
test_07478,0.8892490030899298
test_07479,0.20042874739585406
test_07480,0.3017083507554312
test_07481,0.5250735358475552
test_07482,3.3695260189389024e-06
test_07483,0.5590501030118628
test_07484,0.706125824999538
test_07485,0.11375092632201418
test_07486,0.005550780001170698
test_07487,0.20629031266865683
test_07488,3.979384772692468e-05
test_07489,0.7687665332404217
test_07490,0.4850951137083662
test_07491,0.00019811672999274575
test_07492,0.2297124940814392
test_07493,0.034289940063021766
test_07494,0.23097835374233555
test_07495,0.8788342620948727
test_07496,0.5294176370215324
test_07497,0.33575401907568425
test_07498,0.4914819610978785
test_07499,2.320148063045341e-06
test_07500,0.5726212522811701
test_07501,0.39269918940513887
test_07502,0.5431043084685565
test_07503,0.00024439921158974677
test_07504,0.718098351343114
test_07505,0.6036917677318573
test_07506,0.19779689067091333
test_07507,0.7646986957426728
test_07508,0.0030472218438240065
test_07509,0.48789624656523484
test_07510,0.45751794675104657
test_07511,0.6279969717105511
test_07512,0.1310839013906589
test_07513,0.4159175108229409
test_07514,0.5248114332504349
test_07515,0.5984866246275781
test_07516,0.00330174693743969
test_07517,0.5517031349018893
test_07518,0.24668711302556265
test_07519,3.3804107597758296e-05
test_07520,0.6576329135666088
test_07521,0.20200006756589783
test_07522,0.8244183586027237
test_07523,0.0006714902667605841
test_07524,0.32638121623650884
test_07525,0.5440311404465877
test_07526,0.011762836004794145
test_07527,0.6535838052705369
test_07528,0.5507291072360867
test_07529,0.4663602082602594
test_07530,0.926535349800867
test_07531,0.37166255615617894
test_07532,0.5996234671228732
test_07533,0.22461519084543505
test_07534,0.5424700234609955
test_07535,0.7802908145040928
test_07536,0.6003358091352274
test_07537,0.3302605148974778
test_07538,0.3993712666116812
test_07539,0.5093051123346233
test_07540,0.15726019943577646
test_07541,0.36491544509619367
test_07542,4.0879326921036906e-05
test_07543,0.33272434306435744
test_07544,0.5585424674999793
test_07545,0.7607607243944746
test_07546,0.0006569875912008762
test_07547,3.729060901702528e-05
test_07548,0.00011142387834793103
test_07549,3.698483414799694e-05
test_07550,0.007030205337750613
test_07551,0.006465696032791445
test_07552,0.4275355277545333
test_07553,0.9974710882301382
test_07554,1.252363634102741e-06
test_07555,0.20126072759013397
test_07556,0.05363336420798012
test_07557,0.23767590139703992
test_07558,0.41316239086388684
test_07559,0.0001234183252303809
test_07560,8.900403193130461e-06
test_07561,1.719108755498487e-06
test_07562,0.2558787528280908
test_07563,0.719576484546906
test_07564,0.5023253696790008
test_07565,0.8531131307561666
test_07566,0.006555636191828197
test_07567,2.7817931134675144e-06
test_07568,2.902040735184591e-05
test_07569,0.0001288587253714625
test_07570,2.6317605705899576e-05
test_07571,0.9607545599775962
test_07572,0.00021554600364650814
test_07573,0.0012232294750098962
test_07574,1.1944025451617826e-05
test_07575,0.057599722137734476
test_07576,0.5400616843046331
test_07577,1.5854941865877479e-06
test_07578,1.6514795925762033e-07
test_07579,0.4135306197622116
test_07580,0.180073822302353
test_07581,3.541359319070379e-06
test_07582,2.0163558325481656e-05
test_07583,0.2594329676494192
test_07584,0.7094467900162343
test_07585,0.7441650561135231
test_07586,0.8001595309781432
test_07587,0.004592599410864495
test_07588,0.8850930142353413
test_07589,6.741854788946886e-06
test_07590,0.9500664721897772
test_07591,0.3787134409379072
test_07592,8.352625617316118e-07
test_07593,0.5416189759426696
test_07594,0.02583795007898295
test_07595,2.4452465996427615e-05
test_07596,0.0022456869452628678
test_07597,0.3618383996436945
test_07598,0.005993233114380444
test_07599,0.6602004009040844
test_07600,0.13699133369012995
test_07601,4.7125444250563336e-07
test_07602,0.07891956565233005
test_07603,0.5597808023495733
test_07604,0.013416753700366116
test_07605,1.63208204236673e-05
test_07606,0.19268932118624998
test_07607,0.07203348122031704
test_07608,0.47718909880775456
test_07609,0.00032488119667697745
test_07610,0.3804307399337416
test_07611,0.31147869320728316
test_07612,6.369315749414562e-07
test_07613,0.0007864567003280209
test_07614,2.7799689181969557e-06
test_07615,0.6731459537898689
test_07616,0.5653806086017042
test_07617,0.5055633319500656
test_07618,0.6722653240611185
test_07619,0.4845718805458138
test_07620,0.2374371729235356
test_07621,0.004334856486916839
test_07622,0.23386988184693677
test_07623,2.0172282189571728e-08
test_07624,0.01717727479664422
test_07625,5.332825935064134e-07
test_07626,0.0002878600812273069
test_07627,0.0013727941227142915
test_07628,1.5673798984657343e-05
test_07629,0.028283805719317663
test_07630,0.27984366988548115
test_07631,4.781583414316487e-05
test_07632,0.40548628392560326
test_07633,0.5243176619674248
test_07634,1.072032171370697e-06
test_07635,0.20609085893861892
test_07636,0.21167654423550467
test_07637,0.567093157749698
test_07638,0.9356355887619855
test_07639,0.007062741557814146
test_07640,0.0017508210022673398
test_07641,0.6987704354561751
test_07642,0.4961151560340131
test_07643,0.5568855135889956
test_07644,7.288403250932989e-05
test_07645,4.626900153934019e-06
test_07646,0.017562989046195448
test_07647,0.0443755457570971
test_07648,9.647759271048928e-05
test_07649,0.54289243572876
test_07650,0.7325021838485158
test_07651,0.07737544989240192
test_07652,0.00039264177427561774
test_07653,0.5827373526599144
test_07654,0.7205249469475482
test_07655,0.6883743678315657
test_07656,3.8120548427728436e-05
test_07657,0.4747532923946319
test_07658,0.0002292457746411766
test_07659,0.0013011294719190239
test_07660,0.3102839543505972
test_07661,0.004988250829124078
test_07662,0.0034066932905976936
test_07663,0.10831383735535698
test_07664,8.073818007490204e-05
test_07665,0.2640256868245091
test_07666,0.6084972683006642
test_07667,0.9015883636213123
test_07668,0.42259700127477734
test_07669,4.9463068860099105e-05
test_07670,0.23707166044430567
test_07671,3.180523816494189e-05
test_07672,0.5609277532127687
test_07673,6.0906768192526323e-05
test_07674,0.3744073048814181
test_07675,0.023125296236105066
test_07676,0.7430829347705076
test_07677,0.0007024696093860779
test_07678,0.6417793160729885
test_07679,0.0038620123017991106
test_07680,6.491313935470047e-05
test_07681,0.3493163763129502
test_07682,0.5124232084907197
test_07683,0.7156387008366544
test_07684,0.6265244300485405
test_07685,0.7999925141454104
test_07686,0.3953951667343014
test_07687,0.499932349744908
test_07688,0.23709020228075625
test_07689,0.0002214097874141132
test_07690,5.3890885149445e-05
test_07691,0.14149501391581448
test_07692,0.0002965930574695345
test_07693,0.05243753716267098
test_07694,0.638673670206994
test_07695,0.3480007212642535
test_07696,0.0013167502589031086
test_07697,0.4445069573299061
test_07698,0.0005753006129537403
test_07699,0.0009900565248859735
test_07700,0.002184459167781619
test_07701,0.700531066326647
test_07702,0.04752438497469275
test_07703,2.4469907992916686e-05
test_07704,0.0003928410741547718
test_07705,0.31455579499086883
test_07706,0.38919984869844293
test_07707,0.22575163844042453
test_07708,0.9772562774445075
test_07709,0.47423339274836884
test_07710,0.591530337880829
test_07711,8.050147040706703e-05
test_07712,5.133337077771106e-11
test_07713,0.12743524888563842
test_07714,0.18604135915208223
test_07715,0.0001448012801354046
test_07716,0.3121068166647485
test_07717,0.05107558147513843
test_07718,0.5178207136663632
test_07719,0.47872671675039874
test_07720,0.6567086929289351
test_07721,0.3116801843037
test_07722,0.4339479638450431
test_07723,0.12019036260390673
test_07724,0.0007503956813320654
test_07725,9.956429546298936e-05
test_07726,0.03416520197177553
test_07727,0.6178701179648343
test_07728,0.4244898531036744
test_07729,0.6193269335293538
test_07730,0.5225767897198099
test_07731,0.25273732013078065
test_07732,0.30783933465687713
test_07733,0.0012925192684639368
test_07734,0.5754952737448695
test_07735,0.37869950242169814
test_07736,0.04654468120916308
test_07737,0.251206300837162
test_07738,0.44780852202166543
test_07739,0.0852866395623582
test_07740,0.34694058459189825
test_07741,0.3681454051962682
test_07742,0.49510578039145464
test_07743,7.366800650782786e-05
test_07744,0.483237888292192
test_07745,0.5494238224782697
test_07746,7.173054483566059e-06
test_07747,0.007912469081551098
test_07748,1.3662971298540278e-06
test_07749,0.2426420192389012
test_07750,0.6424236584881187
test_07751,6.834594857909475e-05
test_07752,0.409780252961602
test_07753,0.006703360456812512
test_07754,0.00017290639261861523
test_07755,0.5338435643493384
test_07756,0.5448091191283448
test_07757,0.0010041325173293155
test_07758,0.003368131664447898
test_07759,0.8017117985758514
test_07760,0.4384873961316188
test_07761,0.1936790607313148
test_07762,0.6714892404929322
test_07763,0.9114980448987214
test_07764,0.2622865239174169
test_07765,1.6359653425254798e-08
test_07766,0.8745042605268336
test_07767,2.3484903304881526e-06
test_07768,0.7484871097768379
test_07769,0.5012814357486288
test_07770,0.799749764881082
test_07771,0.0005719427463351366
test_07772,0.6570010937623577
test_07773,0.8994148465742062
test_07774,0.5258265277933423
test_07775,0.507672734098309
test_07776,0.030120505486911413
test_07777,0.9342857926958271
test_07778,3.773783566923014e-08
test_07779,2.481341021225214e-06
test_07780,0.5123158358123112
test_07781,0.00034632662583490543
test_07782,0.14667380113003717
test_07783,0.37125850482339195
test_07784,0.44450534285311255
test_07785,0.522371986820706
test_07786,0.08891635110754789
test_07787,0.307332199946142
test_07788,0.9668541281605273
test_07789,0.004638504001604556
test_07790,0.8591450428672839
test_07791,0.13481392297625
test_07792,0.6543089835390502
test_07793,0.2715794405710274
test_07794,0.4395612289514974
test_07795,0.0116908751479558
test_07796,0.23132047974266884
test_07797,0.7894222218795323
test_07798,1.8526160332003594e-06
test_07799,5.1310443838650696e-05
test_07800,0.00016237478857904922
test_07801,0.25276563720922246
test_07802,0.24520143870864727
test_07803,0.6234937916621099
test_07804,0.6829247872505306
test_07805,0.00018035716799249922
test_07806,0.5046711602296402
test_07807,5.5933911874285534e-05
test_07808,0.8753481107268928
test_07809,0.08478528408506295
test_07810,2.916221542846954e-05
test_07811,0.3888727465586526
test_07812,0.12385782559735686
test_07813,0.6502054378181173
test_07814,0.8745493741091537
test_07815,0.5140553642142273
test_07816,2.742939360554379e-05
test_07817,0.23273111207535635
test_07818,0.23026672279272925
test_07819,0.7116112256610009
test_07820,0.0007914044228792974
test_07821,0.5021256204212348
test_07822,0.034616116253756275
test_07823,0.31202727353242804
test_07824,0.5800017997115005
test_07825,0.0005558232497683035
test_07826,0.004886647510799513
test_07827,0.0006658468926433643
test_07828,0.800058421792304
test_07829,0.3156061813712749
test_07830,0.41242160645246245
test_07831,0.8193181272243857
test_07832,0.04660249671537702
test_07833,0.4662878822129066
test_07834,0.593981814718759
test_07835,0.0010903266092117318
test_07836,0.5406759613118438
test_07837,0.7921979856341504
test_07838,0.25533142526960007
test_07839,0.9317823452861074
test_07840,0.0014239206268534784
test_07841,0.6775763960673596
test_07842,0.694762101800357
test_07843,0.24234725919161834
test_07844,0.050309923201150075
test_07845,0.9362432504126601
test_07846,0.2842836104015978
test_07847,3.126878701610444e-06
test_07848,0.12362383332090136
test_07849,0.7212402011252156
test_07850,0.6857209358925515
test_07851,0.8262831336384734
test_07852,0.007476344320754891
test_07853,0.011093950899472228
test_07854,0.007610917170068653
test_07855,0.5452236201035525
test_07856,0.3662505349618991
test_07857,0.001310096351027378
test_07858,0.08997539337045199
test_07859,0.0011248588389357035
test_07860,0.28004850593006897
test_07861,0.4471795458363049
test_07862,0.3969591612465879
test_07863,0.5687406532250191
test_07864,0.5043239058814486
test_07865,0.9117049063218662
test_07866,0.45135441844703966
test_07867,0.8621464867760315
test_07868,2.006989004465555e-08
test_07869,4.475822423246507e-05
test_07870,0.6776090838701126
test_07871,0.13663272668835336
test_07872,0.001401142772664852
test_07873,8.251241762685631e-08
test_07874,4.269608437675377e-06
test_07875,7.159393865705964e-06
test_07876,0.3077487771674531
test_07877,0.4052620898645407
test_07878,4.904155822909648e-06
test_07879,6.11325252921368e-07
test_07880,0.04818383676789482
test_07881,0.14064104228253635
test_07882,1.143785950827446e-06
test_07883,0.5793470079261772
test_07884,0.48649470566083164
test_07885,0.3030702233977247
test_07886,0.14082629822301573
test_07887,0.00031377350655177665
test_07888,0.16477497076382336
test_07889,0.5754791789663828
test_07890,0.5130087175672442
test_07891,0.4630622028006542
test_07892,0.5823572491684165
test_07893,1.8371227701702312e-05
test_07894,0.025914352095752206
test_07895,2.4984777531006427e-05
test_07896,0.20323280643288666
test_07897,0.17803673811167012
test_07898,0.5232217987590162
test_07899,0.6924558753863823
test_07900,1.963340359168407e-08
test_07901,0.0529851051075606
test_07902,0.6047210997740575
test_07903,0.9600780164584556
test_07904,0.3338496170977961
test_07905,0.30837810838942503
test_07906,1.1092446417575685e-07
test_07907,0.6683880891493492
test_07908,0.5781149569342934
test_07909,0.5260610479090132
test_07910,0.00017138320757222785
test_07911,0.001616954912213424
test_07912,0.22023085099649609
test_07913,3.7493736109207496e-06
test_07914,0.4099293116546712
test_07915,0.04935292581004088
test_07916,0.3991029528131644
test_07917,5.894437260247993e-11
test_07918,0.27792446790974396
test_07919,0.8802670343715094
test_07920,0.12121005349776207
test_07921,0.5108394012380959
test_07922,0.0011993958003607152
test_07923,0.5198538571093394
test_07924,0.00010356330833762634
test_07925,0.037222281981808936
test_07926,0.8761404286461919
test_07927,0.0653100378929389
test_07928,0.28225840439001715
test_07929,0.416340208128622
test_07930,0.04003587122740047
test_07931,0.11869017580478222
test_07932,0.020530051085273372
test_07933,0.637677228673654
test_07934,3.544985074960768e-05
test_07935,0.0061941560734128254
test_07936,0.000654204073627835
test_07937,0.6050224176326052
test_07938,1.79460527854369e-05
test_07939,0.4284202679976376
test_07940,1.4885820515583498e-08
test_07941,0.4870134273069575
test_07942,0.17558499841023414
test_07943,0.39099205255591385
test_07944,0.20468733455723678
test_07945,0.4517699460333426
test_07946,0.552903911317116
test_07947,0.6064693565148545
test_07948,4.520732828397588e-05
test_07949,0.36588687795159425
test_07950,7.458363652484894e-05
test_07951,1.982356966097851e-06
test_07952,0.08115033800153829
test_07953,0.0006258163836529101
test_07954,0.5437945214719948
test_07955,0.39967775016188056
test_07956,0.19217086694025926
test_07957,0.29757943861754543
test_07958,0.7172571056244549
test_07959,0.9882736235256955
test_07960,0.01537401247379084
test_07961,0.8255067591116615
test_07962,0.00088941507611014
test_07963,0.19575625647612818
test_07964,0.177966150776114
test_07965,0.358408475984909
test_07966,0.23336160240768827
test_07967,2.9186054997880257e-06
test_07968,0.3376103177333457
test_07969,0.1689275274678448
test_07970,0.00029602423029107656
test_07971,0.0003136509032677572
test_07972,0.45863303959075347
test_07973,0.0001750054493362612
test_07974,0.7628377412705231
test_07975,1.1764967454709264e-06
test_07976,0.4730183412583235
test_07977,0.0024040556003984575
test_07978,0.48157552490272554
test_07979,0.32055972330355986
test_07980,1.1700797807482277e-05
test_07981,0.05115924868767867
test_07982,3.07493857174164e-05
test_07983,4.159541259054666e-05
test_07984,0.8504938924049862
test_07985,0.0667471755696896
test_07986,7.321945053156091e-09
test_07987,0.4209337903878175
test_07988,0.6801480949879161
test_07989,0.5028485988328247
test_07990,0.0006380158099035774
test_07991,0.5446069930714145
test_07992,0.30317188853064125
test_07993,0.9983115631591315
test_07994,0.40793329724537497
test_07995,0.5985642631517268
test_07996,0.25658831918331193
test_07997,0.0038353982502613575
test_07998,0.0027457138531465303
test_07999,0.9843271185081695
test_08000,0.15201598512089987
test_08001,0.16971769858981933
test_08002,0.33381142427266136
test_08003,1.3843702071940822e-07
test_08004,0.26428838104662905
test_08005,6.438670863205336e-11
test_08006,0.33788734191569375
test_08007,0.001970572106938395
test_08008,0.2924317024321839
test_08009,3.613240049676292e-07
test_08010,0.5270321650282891
test_08011,0.39500419743398035
test_08012,9.032468156247656e-12
test_08013,0.5873454753212555
test_08014,0.3473374122570124
test_08015,0.13312875110186553
test_08016,0.0032566695192905986
test_08017,9.695739444784562e-06
test_08018,2.894414571220476e-06
test_08019,0.4079589213550472
test_08020,0.6845617874694454
test_08021,0.0004262349393920976
test_08022,2.185838475886138e-07
test_08023,6.1605520649655676e-09
test_08024,0.8130269864808394
test_08025,0.9194930636614316
test_08026,0.6270589425183276
test_08027,3.872409470725451e-06
test_08028,1.1552388711006033e-08
test_08029,6.413399597215526e-06
test_08030,0.5393697013657504
test_08031,0.1354998226831021
test_08032,0.18161785671631053
test_08033,0.7518398801464987
test_08034,0.0037040156924254422
test_08035,0.2697771157643285
test_08036,0.8076813468865829
test_08037,0.46894286634227506
test_08038,0.0006565065488760386
test_08039,5.626847940666499e-06
test_08040,0.02605870472977965
test_08041,4.928785031300506e-10
test_08042,0.9279951146496517
test_08043,0.0012439765920078869
test_08044,0.5912463306581208
test_08045,0.36185367308461486
test_08046,0.48587153653067217
test_08047,0.02458086861402959
test_08048,5.5047942930578e-08
test_08049,0.00036144249879480896
test_08050,0.009758747344177468
test_08051,0.10801670213731418
test_08052,0.3283205323811341
test_08053,0.19185348523269302
test_08054,0.011622589719750004
test_08055,0.49231126202548864
test_08056,1.9830646428067133e-05
test_08057,1.5192832851019227e-06
test_08058,1.976656427929346e-06
test_08059,0.20234323034471197
test_08060,0.001099884803378091
test_08061,0.22418021328308754
test_08062,0.6183037465993592
test_08063,0.5085143327324483
test_08064,0.5467553982885643
test_08065,0.004338901199868362
test_08066,0.5115579832087523
test_08067,0.00014603659120250337
test_08068,0.027278442393398532
test_08069,0.06578446815374452
test_08070,0.7366786518328888
test_08071,1.3110643492669312e-06
test_08072,0.9657793194221015
test_08073,0.7170897582149353
test_08074,0.7810799568831914
test_08075,1.8392870303076374e-05
test_08076,0.02423773065970218
test_08077,0.5531089554577092
test_08078,0.00010490852687939338
test_08079,0.5535186676760944
test_08080,0.10237698226333224
test_08081,0.09671526741170315
test_08082,0.6818148804196182
test_08083,0.8075880300805576
test_08084,0.1874608778816626
test_08085,0.000293449450691353
test_08086,0.36563262036702526
test_08087,0.439624358320148
test_08088,0.15205395742385228
test_08089,0.7700769519862833
test_08090,0.00014211646734672522
test_08091,0.06653890417587376
test_08092,0.03415364924950638
test_08093,6.464188564560603e-08
test_08094,0.07733390677745561
test_08095,0.21094219663884892
test_08096,9.218838038948075e-06
test_08097,0.38363643630445765
test_08098,1.0179271698270655e-08
test_08099,0.0015415674437332166
test_08100,0.6845597925870108
test_08101,0.2029799946348713
test_08102,4.42720299752376e-06
test_08103,0.0030803044037043515
test_08104,2.515829680529921e-05
test_08105,0.04140901229664646
test_08106,3.195357677295536e-05
test_08107,0.0021819486851397257
test_08108,0.03333184632660594
test_08109,0.33967874745537274
test_08110,0.6883508611547243
test_08111,0.6443824250502228
test_08112,5.617765638449762e-07
test_08113,1.416836687925625e-06
test_08114,0.44464458348911945
test_08115,0.24863397220016242
test_08116,0.19858517733155281
test_08117,8.351443665822199e-05
test_08118,0.043787738418333805
test_08119,4.774011441487953e-05
test_08120,0.15355929803999957
test_08121,0.8255814599159159
test_08122,0.681118759841777
test_08123,0.00045260904661419425
test_08124,0.0009082412338921771
test_08125,0.002946130747849099
test_08126,0.0057082248924045
test_08127,7.234647727395922e-06
test_08128,0.009982609592149841
test_08129,5.381943720861609e-06
test_08130,0.0012167540920662268
test_08131,0.0015230834980914383
test_08132,0.4584611247505219
test_08133,0.1749476864081192
test_08134,0.29059924363754264
test_08135,0.7092042276617474
test_08136,0.26907704281624856
test_08137,0.19620029333222153
test_08138,0.0004886110093398534
test_08139,0.668635196990466
test_08140,0.487527946691299
test_08141,0.25347515948716604
test_08142,4.327267530715423e-11
test_08143,0.2763661700291591
test_08144,0.35309332665011817
test_08145,0.7428164648595096
test_08146,0.5670554072897168
test_08147,0.0032615531338973276
test_08148,0.509643598410185
test_08149,3.6160404497730213e-07
test_08150,0.08058421406531228
test_08151,5.723321615376921e-05
test_08152,0.6630299660432232
test_08153,0.003132610821588002
test_08154,5.0906943065293335e-06
test_08155,0.3102180472020463
test_08156,0.08292878655337968
test_08157,7.692009349112672e-07
test_08158,0.0918899173302161
test_08159,0.12810150972694362
test_08160,0.16496788544805213
test_08161,0.8625550712537251
test_08162,0.40542655078605433
test_08163,0.0003207644746394493
test_08164,4.954858429361698e-06
test_08165,0.5531426762816869
test_08166,0.0022516660718340776
test_08167,1.0667031786457751e-05
test_08168,0.4236674498721728
test_08169,6.275753869017985e-05
test_08170,3.8467235638899685e-05
test_08171,6.294165966246703e-05
test_08172,0.00045160617516603046
test_08173,0.020169625951183306
test_08174,1.4366345779920916e-08
test_08175,0.004761587812643965
test_08176,0.1474388652929042
test_08177,0.2132295223984197
test_08178,4.5352060921062705e-05
test_08179,0.18525060911643068
test_08180,0.00997906772745542
test_08181,0.08646702217131645
test_08182,0.6506441101630553
test_08183,0.0007176817873450837
test_08184,0.5770920108706602
test_08185,0.3745832418423057
test_08186,1.5379615787451955e-06
test_08187,0.002558564695748006
test_08188,0.35551705128698274
test_08189,0.8330829180585755
test_08190,0.0004077075250401822
test_08191,0.6327441322631657
test_08192,0.4052195798684037
test_08193,0.5968925445805944
test_08194,0.22626117750989788
test_08195,0.020050014920398346
test_08196,0.0003137026881206793
test_08197,2.9432488473014396e-05
test_08198,0.8745321514207641
test_08199,1.8944250509599132e-05
test_08200,0.45595888298528675
test_08201,0.03087015261787209
test_08202,6.682269312085343e-05
test_08203,0.8726041286207447
test_08204,7.346518353251922e-05
test_08205,0.49174771591517147
test_08206,0.6350232716645521
test_08207,0.0007866640065155936
test_08208,0.2956106304117957
test_08209,0.36740749868195877
test_08210,0.3547458634191907
test_08211,0.5445764096025755
test_08212,0.00026740996907307014
test_08213,0.0018820137544916147
test_08214,0.657537205236457
test_08215,0.6427397849721319
test_08216,0.015237255770504162
test_08217,0.001587769758814302
test_08218,0.3759311882771039
test_08219,0.8751116108072463
test_08220,0.41783012330712926
test_08221,0.00015988762270768413
test_08222,0.447001929062877
test_08223,0.3937890719135658
test_08224,0.00010558145880285478
test_08225,1.460575733494188e-08
test_08226,0.0039797700605389555
test_08227,0.47205979591416564
test_08228,0.0806660290330218
test_08229,0.014156142704913487
test_08230,0.18910467532802755
test_08231,0.045751935457083
test_08232,0.38397769295295364
test_08233,0.0008297820266317909
test_08234,0.4776861475992609
test_08235,6.413086492174256e-09
test_08236,0.11803780949140172
test_08237,0.12470316135927319
test_08238,0.3123410924466887
test_08239,0.8532901795587727
test_08240,0.9151707003636208
test_08241,0.716959665407155
test_08242,0.0006755613769655682
test_08243,0.01301026800238097
test_08244,0.22362366115785348
test_08245,6.004723573269667e-05
test_08246,0.0016117478338901453
test_08247,0.9054039837651382
test_08248,0.455656564333741
test_08249,0.6851632742350737
test_08250,0.22027184502051067
test_08251,0.3000142921711722
test_08252,0.66639785854913
test_08253,0.2447942470350453
test_08254,6.25054953735214e-08
test_08255,1.889606751184625e-05
test_08256,8.298288965030519e-06
test_08257,0.2778253753329792
test_08258,0.6987578526514499
test_08259,0.7854916255812846
test_08260,0.48384664905672936
test_08261,9.090765516355706e-07
test_08262,0.3670716116292843
test_08263,0.8024568538571889
test_08264,0.3486435889693016
test_08265,0.15086212018278838
test_08266,0.00013163560471260254
test_08267,0.9158807329968262
test_08268,0.7564354534578515
test_08269,0.14309770809177622
test_08270,0.0020670678432711245
test_08271,0.0010166336810987584
test_08272,0.5808426471147256
test_08273,0.6942904355025653
test_08274,0.3637526160862693
test_08275,0.37572297947886757
test_08276,0.35160942583412774
test_08277,0.8314930456993204
test_08278,5.491731307071265e-05
test_08279,0.04701536151231474
test_08280,0.2496623782133608
test_08281,0.16862619256413305
test_08282,0.944433012192364
test_08283,0.7492085236039068
test_08284,0.40085973796130725
test_08285,0.8812473639849556
test_08286,4.825845432506792e-07
test_08287,0.34485159227062606
test_08288,0.15592898736646674
test_08289,0.6171029635907604
test_08290,0.3201348409612815
test_08291,0.16050070861985422
test_08292,0.026917285089652212
test_08293,0.7304474838455868
test_08294,0.804297932934931
test_08295,1.223936028555076e-09
test_08296,0.5605752379448998
test_08297,0.8695795488569507
test_08298,0.1095895121872252
test_08299,1.0835518505043235e-06
test_08300,2.7925041840131382e-08
test_08301,0.5572735371368441
test_08302,0.0004204893489501514
test_08303,1.9607641529135628e-05
test_08304,0.06614994157064263
test_08305,0.6394516886506841
test_08306,0.0005154919225196956
test_08307,0.7538074490036334
test_08308,0.05672121293647599
test_08309,0.8645630126837711
test_08310,0.2766379553066011
test_08311,0.5934232991753231
test_08312,0.6392858127876851
test_08313,0.0001459380133998066
test_08314,0.009110554969166127
test_08315,0.40934017058864947
test_08316,0.9036149583064016
test_08317,0.830321396559903
test_08318,0.15725024032199808
test_08319,0.42304933524418964
test_08320,0.011019009861067566
test_08321,0.1187754740852233
test_08322,0.3454311394882774
test_08323,0.02565050011018185
test_08324,0.48089230097902175
test_08325,0.6980204655427814
test_08326,0.6151344121495197
test_08327,0.0008523946164977408
test_08328,0.5098476144721696
test_08329,1.0376962067579952e-06
test_08330,0.7675305903704115
test_08331,0.4707078930064058
test_08332,0.13606297268882014
test_08333,0.35287402195309014
test_08334,0.6535120933386435
test_08335,0.015144462302861119
test_08336,0.34508297578873603
test_08337,1.5213995065051444e-05
test_08338,0.00011143418548817459
test_08339,5.632434646303656e-06
test_08340,2.5280060628201893e-05
test_08341,0.4771087846484846
test_08342,0.6923055866975754
test_08343,0.6698495081866483
test_08344,0.0013542346371433563
test_08345,0.8786926556459258
test_08346,0.5846717625822485
test_08347,1.9758323664594065e-05
test_08348,0.8951087240978864
test_08349,0.015004046933050135
test_08350,0.005945246941439796
test_08351,0.742590791155471
test_08352,0.754381663313589
test_08353,0.8785231882947956
test_08354,0.17412029143942154
test_08355,0.5083880437475929
test_08356,0.6797537504359403
test_08357,5.864434940448239e-10
test_08358,0.9886516356987121
test_08359,0.2861031578414471
test_08360,0.33298596906244315
test_08361,0.5758333212806845
test_08362,0.01590375913372444
test_08363,0.9669503330964407
test_08364,0.00013621185306548418
test_08365,7.3333830685463896e-06
test_08366,0.17314552393031712
test_08367,0.013992235216094643
test_08368,0.7478817110419556
test_08369,1.0610415995030286e-05
test_08370,0.8286958488532183
test_08371,0.20021814579348712
test_08372,0.0021906867125055843
test_08373,0.8078802407372161
test_08374,0.5490481533840734
test_08375,0.16179770926559858
test_08376,0.5490822896907311
test_08377,0.8753102372520918
test_08378,0.563396421903148
test_08379,0.7711158863048672
test_08380,0.5157077112982262
test_08381,0.3644898447780916
test_08382,4.497413502806383e-05
test_08383,0.0014583750151552467
test_08384,0.0833656332076666
test_08385,4.374765438230138e-05
test_08386,0.5927719549680235
test_08387,0.00011492494612036521
test_08388,0.1758881687764777
test_08389,0.614623739022754
test_08390,0.6334393402412474
test_08391,0.0034254606708106544
test_08392,0.676414984337872
test_08393,0.14847307613286925
test_08394,4.145261894534745e-06
test_08395,0.4781165461969918
test_08396,0.5875795514978287
test_08397,4.4163732392630006e-05
test_08398,3.0933714340366e-10
test_08399,0.26472607036429496
test_08400,0.030941974623146004
test_08401,0.001049318605809217
test_08402,0.3125350118322368
test_08403,0.3438914658277654
test_08404,0.22485289064135047
test_08405,0.8276051091523775
test_08406,0.00023452498457639085
test_08407,0.9120808989767099
test_08408,3.720648764746785e-05
test_08409,0.10759087673427616
test_08410,0.47302651832008075
test_08411,0.7067926665605004
test_08412,2.0288708939217853e-05
test_08413,0.00020554266844314
test_08414,0.21151507398157915
test_08415,0.17133336481486183
test_08416,0.0008621793939502095
test_08417,0.4048282961930785
test_08418,0.4546871726611367
test_08419,0.360493183460958
test_08420,0.22160413862903638
test_08421,2.4317241094522183e-08
test_08422,0.11209048733816293
test_08423,0.9662009655121303
test_08424,0.4777365251586349
test_08425,3.955456673381216e-08
test_08426,0.6310988309919006
test_08427,0.6951251905640381
test_08428,0.2407207908552084
test_08429,0.0010174749474258398
test_08430,0.5991643372706205
test_08431,0.7650014135216582
test_08432,0.44951513438760793
test_08433,0.6966535306386661
test_08434,0.9436571055929992
test_08435,0.6913599306252073
test_08436,0.24992389472012108
test_08437,0.0006195982818008356
test_08438,5.0626515282058314e-05
test_08439,0.0072356075568765325
test_08440,0.24896552969311497
test_08441,0.026349797359481824
test_08442,0.7978272775405268
test_08443,0.24222359834112167
test_08444,0.00018958531636683828
test_08445,0.0057139418467922086
test_08446,5.6392058215317005e-05
test_08447,4.502512862659683e-07
test_08448,0.06712964757045844
test_08449,0.6639982024523479
test_08450,0.0003982585344861651
test_08451,0.0010672728197838768
test_08452,0.0001526725363601539
test_08453,0.21946868786762586
test_08454,0.4279428310417481
test_08455,0.03080260398641474
test_08456,0.8112964515791726
test_08457,0.6854971792756999
test_08458,0.017950133750752276
test_08459,0.40807881590369793
test_08460,0.7929998463490566
test_08461,0.36412529316234776
test_08462,0.5108904771631754
test_08463,0.0018497283909423904
test_08464,0.8944735354682765
test_08465,0.7949461865716537
test_08466,0.5937280118941884
test_08467,0.3343623949018346
test_08468,2.1103303688269127e-05
test_08469,0.5312194621364562
test_08470,0.07517707604379438
test_08471,0.23626719058845302
test_08472,0.5775389179302077
test_08473,0.32175796355925823
test_08474,0.002947752669441796
test_08475,0.46072743045554126
test_08476,0.9638636555147951
test_08477,0.5975332183926937
test_08478,0.6410473897612962
test_08479,0.002521737350123938
test_08480,0.00036545375384415465
test_08481,0.6058315586332492
test_08482,0.9888473462639004
test_08483,0.5508162296657255
test_08484,0.01584567823829219
test_08485,0.7202417159475808
test_08486,0.579269315247725
test_08487,2.8691173995492368e-05
test_08488,0.4598168830661711
test_08489,0.29349250574950203
test_08490,0.6092139067104082
test_08491,0.8131260548377562
test_08492,0.5590412056260188
test_08493,0.5825803728612137
test_08494,0.6629077900402177
test_08495,0.1877875347367249
test_08496,0.5548182229385983
test_08497,0.0007117133753544189
test_08498,0.004396991952511854
test_08499,4.807033398265531e-07
test_08500,0.003614024612455879
test_08501,7.492825509143045e-05
test_08502,1.5626923305062677e-05
test_08503,0.01116665326183075
test_08504,0.009631711396273591
test_08505,0.4727085616228273
test_08506,0.21525818058786034
test_08507,2.9875682551719655e-08
test_08508,0.8746470411164641
test_08509,0.3988726494838168
test_08510,0.0005758044568979245
test_08511,0.0954334889584789
test_08512,0.9569040372503317
test_08513,8.55699399601379e-05
test_08514,0.3816400417254571
test_08515,0.7582363326743009
test_08516,0.5923067235255245
test_08517,0.9671401001260352
test_08518,0.5230928558267123
test_08519,0.004064206008630542
test_08520,0.004233499207050348
test_08521,0.00012332806799934075
test_08522,7.338357860518657e-06
test_08523,1.0781110809277589e-05
test_08524,0.4806957450687535
test_08525,0.3362027573742472
test_08526,0.5446206966633064
test_08527,1.7058774840460983e-07
test_08528,0.011055474735337939
test_08529,0.7583288441184007
test_08530,3.9011181035856397e-07
test_08531,0.0017393452448418816
test_08532,0.6069483808473739
test_08533,0.4388613850956966
test_08534,0.7853187661838057
test_08535,0.03798854455871717
test_08536,0.07357485305357082
test_08537,0.246525583773537
test_08538,0.5070287604625773
test_08539,0.3723869119814975
test_08540,0.6557973269622098
test_08541,9.669106041243766e-08
test_08542,0.00030187234681874724
test_08543,0.03592538934032712
test_08544,0.0029864893803217578
test_08545,0.12638300048197043
test_08546,0.0010017374307374938
test_08547,0.7577930365998553
test_08548,0.0035577139593342432
test_08549,0.28010818857416114
test_08550,0.0008436755908198743
test_08551,0.819485351741135
test_08552,0.3904315972204257
test_08553,0.5087628251364376
test_08554,0.32634164275466654
test_08555,0.018802741879802017
test_08556,5.81049470983988e-06
test_08557,0.43387330484362535
test_08558,0.00021923055603317922
test_08559,0.0013788179100042376
test_08560,0.00031621358366624796
test_08561,0.0010717211262434357
test_08562,0.00017200438965639245
test_08563,0.6460528464880051
test_08564,0.11349881058153323
test_08565,0.8685209221995926
test_08566,0.00022339883326416636
test_08567,0.10100853645008685
test_08568,2.013528810799716e-06
test_08569,0.0013355460008492499
test_08570,0.3934743986747194
test_08571,0.27715037782259394
test_08572,0.003961476918014077
test_08573,0.001316411486415746
test_08574,0.001651154120827534
test_08575,0.0279790612796337
test_08576,0.4158446074670292
test_08577,0.8633114405304014
test_08578,1.3730668933504786e-07
test_08579,0.7014619947892999
test_08580,0.8149934901607562
test_08581,0.6896430772897848
test_08582,0.43944559429182906
test_08583,0.5373272218408841
test_08584,0.00999768744104954
test_08585,1.8949499073591994e-05
test_08586,0.00021323450352528185
test_08587,0.4018923267910313
test_08588,0.5045267372232809
test_08589,0.3426571182152883
test_08590,1.893249359704061e-05
test_08591,0.10588306708587616
test_08592,0.001354790510298157
test_08593,0.007477395839115757
test_08594,0.3619744056713773
test_08595,0.023751189246124328
test_08596,0.20786099100423175
test_08597,0.668173732455317
test_08598,0.586354147786818
test_08599,0.7461731485205143
test_08600,0.0025369131756143378
test_08601,0.49003747816674526
test_08602,2.6478394133438547e-06
test_08603,0.4395216674121589
test_08604,1.0469260554279869e-07
test_08605,3.3572995468583716e-06
test_08606,7.70293965887092e-05
test_08607,0.0017867188733863737
test_08608,0.5259743640890037
test_08609,2.5980803332264332e-05
test_08610,0.8137968972418432
test_08611,0.11951843468167098
test_08612,0.07833898325083397
test_08613,0.10474650131073748
test_08614,0.5031787426912891
test_08615,0.08793038751872681
test_08616,0.01836877585488453
test_08617,0.5376547155556886
test_08618,7.718853596676024e-08
test_08619,0.4679177760971362
test_08620,0.5285305468397326
test_08621,0.670622125229802
test_08622,0.004188985793348703
test_08623,0.7618250376204794
test_08624,2.1251813161036416e-07
test_08625,3.1848314293281156e-05
test_08626,9.409551312741171e-07
test_08627,0.011459126510776487
test_08628,0.04510702636267765
test_08629,0.6525680802062256
test_08630,0.31890345834851513
test_08631,0.6730709375240226
test_08632,3.7300538802723113e-07
test_08633,0.6948092487085774
test_08634,0.0006411279707338222
test_08635,0.446652286842138
test_08636,0.5737182770992948
test_08637,0.005054260626182001
test_08638,0.830098961402512
test_08639,0.0018603238014211934
test_08640,0.43446866075844953
test_08641,0.0011302066921043566
test_08642,0.002044855033851123
test_08643,6.882104773717242e-08
test_08644,3.0186293906526807e-06
test_08645,0.007839648420914364
test_08646,4.030903042984331e-05
test_08647,0.49535043963986136
test_08648,1.4311074626145657e-06
test_08649,0.7162605063994024
test_08650,0.3845324333800826
test_08651,0.0014543638773008003
test_08652,0.2887991695616004
test_08653,0.26512763579065446
test_08654,1.1029878725063944e-05
test_08655,0.012153901535122958
test_08656,5.779428932294372e-05
test_08657,0.00019638441250907363
test_08658,5.103257018118523e-07
test_08659,0.15751907553420855
test_08660,0.8327174442667538
test_08661,0.004716427053389357
test_08662,0.07136889542334376
test_08663,3.1197591108059286e-07
test_08664,2.658868230807722e-06
test_08665,0.1923811921014001
test_08666,0.5414279785681977
test_08667,2.516309584144809e-09
test_08668,0.0043116438245182544
test_08669,0.004662515387613524
test_08670,0.26294458848531815
test_08671,0.35991948272287694
test_08672,0.27548241907532744
test_08673,0.23406844610157304
test_08674,0.8545053854614537
test_08675,2.1697361356025454e-06
test_08676,5.769197934135339e-06
test_08677,0.7535135924425823
test_08678,0.5429163336520892
test_08679,0.40135330036799216
test_08680,0.6310701360885962
test_08681,0.12358333440803086
test_08682,0.0010921642456808503
test_08683,0.5299569410107783
test_08684,0.3354908309711278
test_08685,0.0029510216791313543
test_08686,0.6701766440020261
test_08687,0.18848274955957056
test_08688,0.4237590158404507
test_08689,0.13935503354675408
test_08690,0.4972428967654579
test_08691,4.6946334507409005e-06
test_08692,1.5143889368804816e-07
test_08693,0.35234973335871655
test_08694,7.753341566367064e-06
test_08695,0.23862246510565963
test_08696,0.14386006641688154
test_08697,3.777083445455353e-05
test_08698,0.004355610546207423
test_08699,4.6614068893319195e-05
test_08700,0.6115701519223311
test_08701,0.5640946221046931
test_08702,0.3279119666196142
test_08703,0.2893271170128965
test_08704,0.40944752097112075
test_08705,0.3988141383174793
test_08706,2.6508602752764257e-08
test_08707,0.38517269124639975
test_08708,0.5518950707200508
test_08709,1.914983047754579e-05
test_08710,1.9340963230933732e-06
test_08711,0.26716364205752974
test_08712,0.13586321331373113
test_08713,1.53413304726475e-08
test_08714,0.7691447268409075
test_08715,1.639703332032469e-05
test_08716,0.6402583730343259
test_08717,0.1575801177376401
test_08718,0.37205400625339663
test_08719,0.012564862512942272
test_08720,7.4983499697129935e-06
test_08721,0.0010930952153157163
test_08722,0.6204440083138216
test_08723,0.749538719916312
test_08724,0.8917993154164864
test_08725,0.5255153582547624
test_08726,0.6967389939599309
test_08727,0.6730908853655725
test_08728,0.39250922068443933
test_08729,0.0496077392568672
test_08730,0.136562924206851
test_08731,0.6169371642373702
test_08732,0.006517785254666268
test_08733,0.020533777024236012
test_08734,0.03843926452380777
test_08735,3.66883162709951e-05
test_08736,0.9750140127071133
test_08737,0.0004578913951316406
test_08738,0.005511035745244106
test_08739,0.42728339750557354
test_08740,1.7882907020925458e-06
test_08741,0.4203510588042007
test_08742,0.5301308182598918
test_08743,0.7144749038128918
test_08744,0.7236644216032271
test_08745,0.5038035462179596
test_08746,0.6149492385841349
test_08747,0.565814705686516
test_08748,0.8628676149423804
test_08749,1.5064704083742759e-05
test_08750,0.013236472457878927
test_08751,0.09553082356580546
test_08752,0.6704938851397279
test_08753,0.3655750926270236
test_08754,0.6838587075400274
test_08755,0.0003104866966159139
test_08756,0.18572898374265637
test_08757,0.7562494814080988
test_08758,0.47505587673421273
test_08759,0.7343786213525627
test_08760,0.0032319820537366818
test_08761,0.3389250426962769
test_08762,0.7629331721961242
test_08763,4.154706362628029e-06
test_08764,0.00048020816141465907
test_08765,0.45446600506568663
test_08766,0.00012843722136586083
test_08767,0.007896049705726082
test_08768,0.058020539910779066
test_08769,0.9391806720450914
test_08770,5.821266250279128e-08
test_08771,0.01664431842642952
test_08772,0.23453821329403635
test_08773,0.4358947796883732
test_08774,8.562913392821165e-09
test_08775,0.4426431359776442
test_08776,0.03676778105299799
test_08777,9.408521748031481e-05
test_08778,0.5633764106813237
test_08779,0.7383340761883262
test_08780,0.5051138311004181
test_08781,0.529961624888961
test_08782,0.8125380449080972
test_08783,0.4619218518017074
test_08784,0.5929456836147401
test_08785,0.6061531588551159
test_08786,0.10650579927890313
test_08787,0.5779298045891025
test_08788,0.5637998384940729
test_08789,0.4425468608894077
test_08790,0.44861388464987767
test_08791,0.3899886843609306
test_08792,9.952843997387977e-07
test_08793,0.40056014475083923
test_08794,0.6281728981354664
test_08795,6.073635324178431e-05
test_08796,0.6289641540976487
test_08797,0.3676275125358493
test_08798,0.31378555855407536
test_08799,0.6462211433985028
test_08800,0.6492174063082843
test_08801,1.6264323328586146e-05
test_08802,0.3422908402534206
test_08803,0.06157595437452459
test_08804,1.4462005214028668e-05
test_08805,0.0023033131031853496
test_08806,0.030282715198855635
test_08807,0.2192055286746677
test_08808,0.04714403186416953
test_08809,4.440017224399871e-07
test_08810,0.01728111495830728
test_08811,0.9157628373555481
test_08812,1.1233150735767044e-05
test_08813,3.424625570041146e-08
test_08814,0.03257772563810435
test_08815,0.07004024804543643
test_08816,2.8556966744607665e-09
test_08817,0.8951461228259999
test_08818,6.8192232675908865e-06
test_08819,3.605485657696658e-06
test_08820,3.9758352968102585e-07
test_08821,0.6576383789479431
test_08822,0.3070410561146374
test_08823,3.1589240443326175e-06
test_08824,0.5009667177211524
test_08825,0.12882854430594876
test_08826,0.6920713795375213
test_08827,0.1328543960197625
test_08828,0.0015869769088069552
test_08829,1.6100995634069057e-05
test_08830,0.393017641684596
test_08831,1.2017583724795177e-06
test_08832,0.03808615421764007
test_08833,1.044895191751149e-06
test_08834,0.4964216815349288
test_08835,0.08599453270432052
test_08836,0.6367555925737777
test_08837,3.984986536763607e-05
test_08838,0.04274517755401215
test_08839,0.22147587824129616
test_08840,0.3523511500089384
test_08841,0.7323098002921395
test_08842,0.024731147872829626
test_08843,0.5466120356642179
test_08844,0.012480906905041358
test_08845,0.00010927206483975299
test_08846,0.014192111076024874
test_08847,0.5259935849356946
test_08848,6.857885027428662e-06
test_08849,0.007473230342465064
test_08850,0.8034852728437886
test_08851,0.10087032566630047
test_08852,0.1776323819092386
test_08853,0.7941807100626664
test_08854,0.6818632067578554
test_08855,0.6056731844481302
test_08856,0.7819233250737622
test_08857,2.8086757277370025e-08
test_08858,0.8338968983451636
test_08859,0.0004904418873219688
test_08860,0.621901221005354
test_08861,0.0037398834324272063
test_08862,6.188239053800205e-10
test_08863,0.45058433777178103
test_08864,2.5336694820482643e-05
test_08865,0.0954944966128612
test_08866,0.013869477094863953
test_08867,0.2948520708010449
test_08868,0.008821442836923835
test_08869,0.0011427669933076726
test_08870,0.1734589100136227
test_08871,0.9662395023981823
test_08872,0.12881117848920273
test_08873,0.6129691514572501
test_08874,0.2380215146892826
test_08875,0.8288710452719096
test_08876,0.5498555344311291
test_08877,0.00010021362421796478
test_08878,3.952631582247755e-11
test_08879,0.1371900373881334
test_08880,0.32872377940616737
test_08881,0.8681335534892798
test_08882,0.2969913949006756
test_08883,0.02545612576586927
test_08884,0.2120496214810388
test_08885,0.5356428473118419
test_08886,0.07514657056848897
test_08887,0.29420580216337106
test_08888,0.001008232445320424
test_08889,1.3617016990117248e-06
test_08890,0.8038726029499805
test_08891,0.0013112155136841587
test_08892,0.1220573292428679
test_08893,0.11800214330503007
test_08894,0.5031186646069226
test_08895,7.899711286046518e-05
test_08896,0.6345158016571968
test_08897,3.0326928522798755e-08
test_08898,0.2180424738600298
test_08899,0.719069863794056
test_08900,0.8309629892061119
test_08901,0.00023947435155284734
test_08902,0.27079198110342295
test_08903,0.6542626364615246
test_08904,0.9698274387139254
test_08905,0.2802675864384658
test_08906,0.5238015239755971
test_08907,0.0005532772631576436
test_08908,0.8730574097222622
test_08909,0.41727530425615217
test_08910,3.5467642074481948e-09
test_08911,0.34850300499273656
test_08912,0.474670595179604
test_08913,0.21532518931269354
test_08914,2.631757887863981e-05
test_08915,0.6031985310413069
test_08916,5.647253160101798e-06
test_08917,0.1747413906373627
test_08918,0.5963072684144061
test_08919,0.3183083131249236
test_08920,0.45016413927391224
test_08921,0.0003334717434389759
test_08922,0.007947191503217248
test_08923,0.004140661330077199
test_08924,6.19954314888553e-07
test_08925,0.20627011273842388
test_08926,1.6348107184398574e-05
test_08927,0.4328195448518185
test_08928,0.23432850698878585
test_08929,0.5571396707750909
test_08930,0.0018513008565572964
test_08931,0.0038345629101393997
test_08932,0.00015995652983747503
test_08933,0.2427890337937082
test_08934,0.495452956231506
test_08935,0.3181431197407941
test_08936,0.7521005456089255
test_08937,0.7337804753148716
test_08938,0.7606105955808242
test_08939,0.00012842802518528147
test_08940,0.33887565207449816
test_08941,0.39202329390639706
test_08942,0.823673425951764
test_08943,0.00010890579759237739
test_08944,0.8442918840586834
test_08945,0.29459726938470815
test_08946,0.3058607366207896
test_08947,0.00013201979185492658
test_08948,0.016505278541442316
test_08949,0.0001419675651919812
test_08950,4.137411197023988e-05
test_08951,0.23551663415371726
test_08952,0.5982450323594828
test_08953,0.8635062137165517
test_08954,0.0077987279611485645
test_08955,0.552748931154681
test_08956,0.5138648254239901
test_08957,0.17015057977032985
test_08958,0.0006920913261504752
test_08959,3.18957326748645e-06
test_08960,0.5998719743147102
test_08961,2.9422749344238173e-06
test_08962,0.6255925570803605
test_08963,0.005865643410253011
test_08964,0.0007696775177398299
test_08965,0.00017346678184449835
test_08966,0.22900847267602173
test_08967,8.969213339454378e-05
test_08968,0.13238307918055506
test_08969,0.0003378354452707381
test_08970,0.6466345427368531
test_08971,0.4631877457361378
test_08972,0.4360217074418036
test_08973,0.6214540854297599
test_08974,0.3571094021883334
test_08975,0.5769456185298372
test_08976,0.20899712157730635
test_08977,0.07551429468182905
test_08978,0.36935696672269114
test_08979,0.0002209723392487624
test_08980,0.5204327931470388
test_08981,0.5842065530786795
test_08982,0.0027201949819231136
test_08983,0.731953491170836
test_08984,3.342934497647936e-05
test_08985,0.04014792983405081
test_08986,0.8986376712938711
test_08987,0.3933670468198601
test_08988,0.5190109656042747
test_08989,0.5796173227139768
test_08990,0.01275614732304527
test_08991,9.14943771860649e-05
test_08992,0.001541167390284591
test_08993,0.48344424927508367
test_08994,0.5713163103589759
test_08995,0.048153025163068505
test_08996,1.0301471708272233e-06
test_08997,6.518212216691835e-07
test_08998,1.374242340790935e-06
test_08999,0.00032279733971768003
test_09000,0.8229687374028565
test_09001,0.4622777057660065
test_09002,0.5202451178111376
test_09003,0.7068753234398946
test_09004,0.5300801206862505
test_09005,0.7260583077134299
test_09006,0.8764577946893536
test_09007,0.35919774865779125
test_09008,0.22041688075432883
test_09009,0.19613709938234344
test_09010,0.6315241996778731
test_09011,3.3202543781821063e-06
test_09012,0.3009591786322742
test_09013,0.6531085744985906
test_09014,0.041482446038527486
test_09015,0.4841468238255593
test_09016,0.004625035777422753
test_09017,0.4190948268384653
test_09018,0.735635331719222
test_09019,0.37401048014031113
test_09020,7.8963849953523e-06
test_09021,0.54955631093255
test_09022,0.8555464261260465
test_09023,0.0008394639035415461
test_09024,0.23112518489106146
test_09025,0.8342134981784813
test_09026,0.7347554196284669
test_09027,0.005501525149463903
test_09028,0.00021759351469164114
test_09029,0.7346799432424186
test_09030,6.117578930139865e-07
test_09031,0.24449345255895544
test_09032,0.5638130040564302
test_09033,0.7353176822359196
test_09034,0.06631058725205193
test_09035,0.48977295006258237
test_09036,0.09270505028645028
test_09037,0.6246242064561495
test_09038,1.7814547560643856e-05
test_09039,0.0007635876957283294
test_09040,0.7966906434541778
test_09041,0.018004383979269175
test_09042,0.5778579574677007
test_09043,0.17134435565097136
test_09044,1.2907954405078228e-05
test_09045,4.937470903224907e-06
test_09046,0.3242282339111844
test_09047,0.40519926064408207
test_09048,0.004466908859440815
test_09049,0.001950045478536713
test_09050,0.001424564335743147
test_09051,0.7366126027355336
test_09052,1.850745534353508e-05
test_09053,0.001807593429466324
test_09054,0.2798636749898471
test_09055,0.5102983176708134
test_09056,0.0011966777665232719
test_09057,0.005387551516760355
test_09058,3.9782967934772325e-05
test_09059,0.000857004496697852
test_09060,9.558175789617005e-07
test_09061,3.3640312943548154e-06
test_09062,1.5621124352592553e-06
test_09063,0.3953291733009434
test_09064,0.2956670367434304
test_09065,1.684996099150145e-05
test_09066,0.544013518382508
test_09067,0.24845318341909742
test_09068,0.05110611114196375
test_09069,0.1666964878152376
test_09070,0.0003929034261482569
test_09071,0.6910151237522653
test_09072,0.00012750931965879882
test_09073,0.9752805191746698
test_09074,0.521905400263309
test_09075,0.21700652181185048
test_09076,5.456821895271584e-07
test_09077,0.48418310625534383
test_09078,6.3497685348142385e-06
test_09079,0.3966347297500194
test_09080,0.45455158078737296
test_09081,0.5214258259483405
test_09082,1.7501408049108473e-05
test_09083,0.7580759804045649
test_09084,0.38718255175439203
test_09085,0.000522494228691747
test_09086,0.2933264165836629
test_09087,0.2687934802948291
test_09088,2.1665253408739634e-05
test_09089,0.9505350684122202
test_09090,0.00024087168897860036
test_09091,0.6249313998907652
test_09092,0.005601138271803712
test_09093,0.092835041842651
test_09094,0.00024022662498548753
test_09095,0.7607793004338227
test_09096,0.09975800374390967
test_09097,0.002580039141609425
test_09098,0.5131071691189891
test_09099,0.5212764153873204
test_09100,0.27167494676351955
test_09101,0.36237457383793686
test_09102,5.6469952576466285e-08
test_09103,0.6243384654258269
test_09104,0.0001061179186604318
test_09105,0.5269834007576971
test_09106,0.050675242315925545
test_09107,0.11168110649401553
test_09108,0.7869332316004869
test_09109,0.2521477089320751
test_09110,0.1353116139381087
test_09111,0.0013048352695475746
test_09112,0.6016812059304194
test_09113,0.40624794461423214
test_09114,0.8271578080155413
test_09115,0.38883337255042993
test_09116,0.5425706365034804
test_09117,0.00015426476891896633
test_09118,3.4486402256379878e-06
test_09119,0.11764165613990749
test_09120,0.6492948962328672
test_09121,0.5646326595284008
test_09122,0.5659810324972019
test_09123,1.537374849044957e-10
test_09124,0.4039042121891
test_09125,0.0032791462527894943
test_09126,0.4752880395146131
test_09127,0.5846757309503917
test_09128,0.34429167149214807
test_09129,1.6397353233103435e-07
test_09130,0.11415777640163347
test_09131,0.0827264638379573
test_09132,0.5036422899958949
test_09133,0.0005999844242152161
test_09134,0.09562096223764291
test_09135,0.0002726769707127533
test_09136,0.00044880986717733015
test_09137,0.00553641934573874
test_09138,0.010872084322333385
test_09139,0.6388312932430054
test_09140,0.0002541092184648558
test_09141,0.9611161551255307
test_09142,0.4853536660475649
test_09143,0.005202589378699945
test_09144,0.5798358191850954
test_09145,0.43534203999979965
test_09146,0.00012371108520997095
test_09147,0.4877938451930895
test_09148,0.16683412008726795
test_09149,7.12076170591984e-05
test_09150,0.12250289728187659
test_09151,0.00030849144659168663
test_09152,0.038082671849674926
test_09153,0.5373473681822698
test_09154,0.00010255269738192706
test_09155,0.39593023401724103
test_09156,0.3730329097097526
test_09157,0.31467316876265955
test_09158,0.0003872632963153433
test_09159,0.0013055690867371146
test_09160,3.1479233229095706e-05
test_09161,0.7945462741517139
test_09162,0.0006084868470297443
test_09163,0.00024964174468767393
test_09164,0.9678724251003927
test_09165,0.00014649590927333665
test_09166,0.00021489312057382704
test_09167,0.0010790591359876416
test_09168,0.0004606649270392311
test_09169,0.5581016163222358
test_09170,0.45835145309719344
test_09171,0.0034182139739324284
test_09172,0.43133545277411883
test_09173,0.001483330392998524
test_09174,0.44330518207948694
test_09175,2.659086878357202e-05
test_09176,0.31346324423328153
test_09177,0.3484689823528043
test_09178,0.6176768740712459
test_09179,0.733672449273517
test_09180,0.18425791043109666
test_09181,0.4870429300092091
test_09182,3.4351373005056708e-06
test_09183,0.5889198892848393
test_09184,4.6805425088310344e-09
test_09185,0.8573631821893796
test_09186,0.7209302596855379
test_09187,0.6789294323288433
test_09188,0.1115784257408132
test_09189,0.20248676973732474
test_09190,0.6647658816807902
test_09191,0.005595244274121663
test_09192,1.14998522447092e-06
test_09193,0.4979646181768145
test_09194,0.5546665292349642
test_09195,0.9683115043381941
test_09196,0.4028736336380899
test_09197,0.5173365438028372
test_09198,0.6341305083567282
test_09199,0.6979981272365948
test_09200,4.746716923612701e-08
test_09201,0.6059183364345704
test_09202,0.5193315943152168
test_09203,0.6709729672499197
test_09204,0.5282324460631054
test_09205,0.6938580166102862
test_09206,0.0003026954636833714
test_09207,0.06407704757335977
test_09208,0.12313872884360294
test_09209,0.02949635246897085
test_09210,0.5956615338365034
test_09211,0.664282166529879
test_09212,0.4507340403887778
test_09213,0.7553699205701774
test_09214,0.7659188349016977
test_09215,0.5368102859352127
test_09216,0.0003179420524652428
test_09217,0.8626549181346259
test_09218,3.952186714761488e-05
test_09219,1.4447332776348061e-08
test_09220,0.0001350784637432934
test_09221,3.448717371140397e-05
test_09222,0.005974070407639654
test_09223,0.0014673244729043332
test_09224,0.00013853025021810398
test_09225,0.9747603022798982
test_09226,0.12391198153812742
test_09227,0.3809356953746436
test_09228,2.4301924646240765e-07
test_09229,0.001941725047887704
test_09230,0.5995354487315409
test_09231,0.387166625064554
test_09232,0.11692609709236593
test_09233,0.5692015467646936
test_09234,0.0031615727467475866
test_09235,0.13375426633838378
test_09236,0.4368493269692403
test_09237,0.15288521258011584
test_09238,2.108169915071118e-07
test_09239,0.2799397213026369
test_09240,0.39524738359430434
test_09241,0.0033561110519538537
test_09242,0.000617791716326625
test_09243,0.7674891884773132
test_09244,0.5971058471922404
test_09245,0.5165002704314241
test_09246,0.9307985332593113
test_09247,0.14816161620115947
test_09248,0.3883056845529383
test_09249,0.7568362824833441
test_09250,6.603510270100444e-05
test_09251,0.4103052552648933
test_09252,0.07503157766331124
test_09253,0.508848465395833
test_09254,0.7471236163325806
test_09255,0.6377833785683766
test_09256,0.000305614169709855
test_09257,0.70682364509715
test_09258,0.05088012175205411
test_09259,5.179739184393291e-07
test_09260,0.16162739376880533
test_09261,0.0001341854450798659
test_09262,0.0014922265586776089
test_09263,0.7811917763523036
test_09264,0.4557551000651676
test_09265,0.36437897644423617
test_09266,0.7570708983269145
test_09267,0.38041435449902566
test_09268,0.7202234637678885
test_09269,0.00040770809627703583
test_09270,0.26331811010378714
test_09271,1.9218640888339815e-08
test_09272,0.07947850413150553
test_09273,0.407234987047736
test_09274,0.4771939904536571
test_09275,0.7155220529272829
test_09276,0.4522739077808053
test_09277,0.7115615772244234
test_09278,0.6877033046668666
test_09279,0.045545929090846565
test_09280,1.1898648017710227e-10
test_09281,0.0001256386753764769
test_09282,0.5811877216966445
test_09283,0.15703313661703577
test_09284,0.1494268603104091
test_09285,0.001328766802302874
test_09286,0.481919397822105
test_09287,0.0022251393632044107
test_09288,0.6982188821719346
test_09289,0.021889891313537607
test_09290,0.1357694778312565
test_09291,0.006847170619298982
test_09292,0.696561266692047
test_09293,0.13098247655225292
test_09294,0.0005627076793314084
test_09295,0.0020308071290899596
test_09296,7.111288976183718e-10
test_09297,0.6176474158455033
test_09298,0.7996621956565769
test_09299,1.7643894498826083e-07
test_09300,0.4805319013510858
test_09301,1.7551003410115017e-05
test_09302,0.5755849113754964
test_09303,0.05035455228065391
test_09304,0.19366200742842843
test_09305,0.6053782617033033
test_09306,0.00012267510333331723
test_09307,0.62553988094976
test_09308,0.45776798319035833
test_09309,0.6692206433610615
test_09310,0.6009876258131183
test_09311,0.004831645620237537
test_09312,3.5548077604006386e-06
test_09313,0.2706454041522819
test_09314,0.0223684735421564
test_09315,0.04363322758700806
test_09316,0.42205093720894
test_09317,0.30858131587835447
test_09318,0.15276869750073516
test_09319,0.6573226846719984
test_09320,0.000931356674590639
test_09321,0.5872653303064057
test_09322,0.8569715565281492
test_09323,6.310762737289352e-10
test_09324,0.5608287006310179
test_09325,0.00013848039893238386
test_09326,0.008793448290731571
test_09327,3.7116397912234705e-05
test_09328,2.065077118778192e-05
test_09329,0.0031434960216085383
test_09330,0.33574423783999363
test_09331,0.0023832891286493783
test_09332,0.21460510844679034
test_09333,0.5474722258256383
test_09334,0.0002942749474726685
test_09335,0.5011027901571968
test_09336,0.4802029801112514
test_09337,0.32255620324694584
test_09338,0.44037065146902915
test_09339,0.11867062367166532
test_09340,0.0005218741444540079
test_09341,7.015939292805334e-05
test_09342,0.4991655640013762
test_09343,0.571417194881291
test_09344,0.47410943017009266
test_09345,0.00729233441747102
test_09346,0.6633530940695608
test_09347,0.00029641394980116576
test_09348,0.4744270355238594
test_09349,0.001994194985284514
test_09350,3.5863091041542164e-07
test_09351,0.20056461981040144
test_09352,0.4637033165603868
test_09353,1.6654136930886958e-05
test_09354,0.6298019694938091
test_09355,3.694317855181871e-06
test_09356,0.06481464339274362
test_09357,0.0020371458712991333
test_09358,0.47621511389766136
test_09359,0.6771308665778005
test_09360,0.004245346228402197
test_09361,0.434010156211461
test_09362,4.0042864829828716e-05
test_09363,0.2167875346160045
test_09364,1.8373495308020244e-06
test_09365,0.025851411361863544
test_09366,6.2167989346513904e-06
test_09367,0.547641171969385
test_09368,0.03958473352441842
test_09369,0.002296230678718085
test_09370,0.11911585403195363
test_09371,0.06923716243114593
test_09372,0.5389809325980625
test_09373,0.01503828221032984
test_09374,0.9524544334896937
test_09375,0.514867474713621
test_09376,6.048026072353816e-06
test_09377,0.03606702545220539
test_09378,0.6917075609731163
test_09379,0.0005411475362789672
test_09380,0.5621773437980366
test_09381,3.889153322763649e-06
test_09382,0.6871276987990551
test_09383,8.7840174620712e-05
test_09384,0.219019067379934
test_09385,8.155857923807533e-07
test_09386,0.41915349049653206
test_09387,0.00031020379710207326
test_09388,0.41215172991853244
test_09389,0.08558832591254528
test_09390,0.5469083867069103
test_09391,0.30695585086099775
test_09392,0.3415318321947529
test_09393,0.03910351993116995
test_09394,0.0035856025369947727
test_09395,5.8007145292735385e-05
test_09396,0.5609236170266237
test_09397,0.6243886978573085
test_09398,0.46845883769873947
test_09399,1.3907739447000193e-05
test_09400,0.6484559851197866
test_09401,0.00023488294640004335
test_09402,0.04240952696860141
test_09403,0.028989460195776234
test_09404,0.5160607971961462
test_09405,0.6703607677356321
test_09406,3.394581554234588e-06
test_09407,0.980926137198993
test_09408,0.5637071971641688
test_09409,0.23112151091094454
test_09410,0.0002877651955376553
test_09411,0.43698761205491404
test_09412,1.1119113227065078e-05
test_09413,2.0534094392320677e-07
test_09414,0.45057037624875457
test_09415,0.43927228557056314
test_09416,0.9075537263588539
test_09417,0.18063875989056954
test_09418,0.6093452770859578
test_09419,0.6296594844196438
test_09420,7.281328001665178e-08
test_09421,6.876673609752755e-07
test_09422,0.06756729847246945
test_09423,0.9597000858009502
test_09424,0.953787382470768
test_09425,0.17604047028986672
test_09426,0.2859353122674018
test_09427,0.17173442601358396
test_09428,2.5948982496593027e-05
test_09429,0.6521919748975442
test_09430,0.11783582671897995
test_09431,0.09479704969325982
test_09432,0.7123225663630761
test_09433,0.6155664225184673
test_09434,6.126646860855001e-07
test_09435,0.01992186016098929
test_09436,1.4272965362157346e-06
test_09437,0.08856786191554704
test_09438,0.8016983123930386
test_09439,0.30116256857486495
test_09440,0.8093939388756801
test_09441,0.8169348351185187
test_09442,0.0001899197457465761
test_09443,0.73273446415012
test_09444,2.4730557424160366e-06
test_09445,0.8254059037654121
test_09446,0.05258700778901793
test_09447,0.6443589134621909
test_09448,0.5113135902338277
test_09449,0.0018644031413022862
test_09450,0.6517985647661277
test_09451,0.00023049116374576487
test_09452,0.6964411177139344
test_09453,0.006109859686896732
test_09454,0.08763015062548259
test_09455,9.082584075454147e-07
test_09456,0.9072000808976309
test_09457,0.07557068672490354
test_09458,0.44573611407664976
test_09459,0.0012253171854025283
test_09460,0.49449741403596914
test_09461,0.7767413489585299
test_09462,0.07786616722476788
test_09463,0.2427003892107738
test_09464,0.7041603808291925
test_09465,0.3756371282657852
test_09466,0.5539425228375192
test_09467,3.4083437053826193e-06
test_09468,0.0016895377537522504
test_09469,0.26365952045538793
test_09470,0.0012394316737448056
test_09471,0.2917932439065202
test_09472,0.31067758475267104
test_09473,6.266065466273589e-07
test_09474,0.05192569911316078
test_09475,0.9013555556855734
test_09476,0.33502136790810655
test_09477,0.05485096979064926
test_09478,0.05013320033088913
test_09479,0.6279649049888651
test_09480,0.40572797308196723
test_09481,1.082931539398057e-06
test_09482,0.16933165556289084
test_09483,0.5696793507374304
test_09484,0.9386787595853561
test_09485,0.0024838331594296353
test_09486,0.16431384210537198
test_09487,0.08843960063006348
test_09488,0.36843433051900176
test_09489,0.00023181902584918341
test_09490,0.4024142102860912
test_09491,0.04739031867652941
test_09492,1.4429086431942295e-05
test_09493,0.4319447209678613
test_09494,0.41354459294433893
test_09495,0.6261858912929507
test_09496,1.2898129040621319e-05
test_09497,0.37581677265121527
test_09498,0.7270886569818504
test_09499,0.4933719494248943
test_09500,0.0002820457883709108
test_09501,0.8559500405711129
test_09502,0.06716425787731722
test_09503,2.2571805298541588e-07
test_09504,0.14444289710537764
test_09505,0.40739047310032755
test_09506,0.588900543271204
test_09507,0.6671397484616345
test_09508,0.6422363956160786
test_09509,0.01241850687303249
test_09510,0.018223375092099633
test_09511,1.040354687146227e-05
test_09512,0.5266812191810476
test_09513,0.05707795580274221
test_09514,0.5291837973061957
test_09515,0.15771978753172067
test_09516,9.751097183536013e-06
test_09517,0.0594284480957536
test_09518,0.00011232371741452884
test_09519,0.5853217377236419
test_09520,0.39830397913379045
test_09521,2.1624588348839577e-07
test_09522,0.27619233778092456
test_09523,0.5201224135548445
test_09524,0.13384169262734175
test_09525,0.7468305749427115
test_09526,0.5682502599645631
test_09527,2.6862916143272547e-05
test_09528,0.4841354407859118
test_09529,0.4868714403553471
test_09530,0.5335623110016702
test_09531,0.00041357379333280123
test_09532,0.0015422316829004322
test_09533,0.3099521501398875
test_09534,0.4944656395290245
test_09535,0.6256184071789646
test_09536,0.00024468569439718447
test_09537,0.7033571130602309
test_09538,0.4736624385282493
test_09539,0.003980494945408465
test_09540,0.0026367894021917
test_09541,0.0007307398275422564
test_09542,3.4704134115552677e-06
test_09543,5.60901312506422e-06
test_09544,0.5368132958538101
test_09545,0.2713502448761285
test_09546,0.17953626639434192
test_09547,8.343141696404138e-09
test_09548,0.5667165763892605
test_09549,0.2870624687455213
test_09550,0.010553747422159483
test_09551,9.156026590048728e-05
test_09552,0.21700738786222085
test_09553,0.5455750640073186
test_09554,0.009597557858813926
test_09555,1.2378010130394957e-06
test_09556,0.011514166520709737
test_09557,0.622063442327285
test_09558,0.5857098612947679
test_09559,0.5736111177542463
test_09560,0.009434829880293996
test_09561,0.0007666234408897125
test_09562,0.276082382782009
test_09563,3.722891361617361e-07
test_09564,0.9108362764834905
test_09565,0.5668636906742666
test_09566,0.34260341449915604
test_09567,0.6272594448788777
test_09568,0.5256025050495088
test_09569,0.21485329160310818
test_09570,6.493011358744307e-05
test_09571,0.00012084220327412276
test_09572,0.00031069361832477085
test_09573,0.3765875426280157
test_09574,1.2136913628247963e-05
test_09575,0.5940185711630354
test_09576,0.27578465085111614
test_09577,0.004324616542174568
test_09578,0.08534865029355523
test_09579,0.6348916776464654
test_09580,0.6453020993105654
test_09581,0.8891365168501449
test_09582,0.5375332224970357
test_09583,0.012183574035922575
test_09584,0.00347084537093714
test_09585,0.5508785813539271
test_09586,0.6811337981029284
test_09587,5.369948169514948e-07
test_09588,0.5633612831185285
test_09589,2.9945920668438655e-05
test_09590,0.20223857318550695
test_09591,0.07428130144691741
test_09592,0.6423470619398103
test_09593,0.5122461171810364
test_09594,0.9970002077403753
test_09595,8.43129747019197e-05
test_09596,0.019748061132156408
test_09597,0.7718842220406147
test_09598,0.7646033720916118
test_09599,0.2628866263291491
test_09600,0.540160413710743
test_09601,0.13276738374107952
test_09602,0.0029128857747971835
test_09603,0.5396447870718428
test_09604,0.17309178717901935
test_09605,0.1389186843672
test_09606,0.018848242863097057
test_09607,0.6210375246121438
test_09608,0.14115373859359515
test_09609,0.0019424472407618093
test_09610,0.6326663387581577
test_09611,9.451861091096174e-06
test_09612,0.6508663567557222
test_09613,0.024462978980059124
test_09614,0.516808398058559
test_09615,5.636666030639372e-08
test_09616,4.6254726775559894e-05
test_09617,0.000223879926625361
test_09618,0.500634601583676
test_09619,0.0003011201213007698
test_09620,7.189999519647017e-05
test_09621,0.019847954553318014
test_09622,1.291825816207941e-07
test_09623,0.8532064531289524
test_09624,0.12696898697842138
test_09625,0.17353470574936503
test_09626,0.9513651935797794
test_09627,2.471207273361857e-06
test_09628,0.5613971691751555
test_09629,0.8189041208675404
test_09630,5.309015368996684e-05
test_09631,0.1784490386477109
test_09632,0.3864799288183915
test_09633,0.8830715148732036
test_09634,0.0009533466113802713
test_09635,0.181125682226825
test_09636,8.876777109987098e-05
test_09637,0.29922971482846333
test_09638,1.1734332424079398e-05
test_09639,0.00023665955901867007
test_09640,0.22988969392273811
test_09641,0.0004415274854513409
test_09642,6.477452552892709e-07
test_09643,0.003435601322774593
test_09644,8.917508466444707e-06
test_09645,0.39652525938743954
test_09646,0.07538803750518712
test_09647,0.0003819491244717384
test_09648,0.3317840389709381
test_09649,0.4782671531740565
test_09650,0.6323720134921625
test_09651,5.025279129329603e-06
test_09652,0.0016894085892944465
test_09653,0.6352471592099384
test_09654,0.3855505796441152
test_09655,0.3866397010026831
test_09656,0.050609268765036367
test_09657,5.194449512072492e-07
test_09658,0.1764873328490325
test_09659,0.49401565324924734
test_09660,0.0849977299574654
test_09661,0.9463182287364101
test_09662,0.3659777989111392
test_09663,0.0068572397840158785
test_09664,0.3823727329555708
test_09665,3.579197018515555e-08
test_09666,0.2634183953413398
test_09667,0.01975790561071441
test_09668,0.3617034373652441
test_09669,0.011710516973051326
test_09670,0.3941731920788424
test_09671,0.5433702379791759
test_09672,0.45055380646764304
test_09673,0.7435280539817469
test_09674,0.0021647959133589737
test_09675,0.3594142312981293
test_09676,0.00020804139353751785
test_09677,0.535669882313523
test_09678,0.301163098233518
test_09679,0.44714398202656586
test_09680,0.23199514580682623
test_09681,0.8036033847176381
test_09682,0.26712319080021796
test_09683,2.1633292511529705e-05
test_09684,0.5164560863792802
test_09685,0.6903850422200312
test_09686,0.054504439084825516
test_09687,0.5381943876014956
test_09688,0.5333465131132366
test_09689,1.6931759871281716e-05
test_09690,0.03490157595864332
test_09691,7.4245297448368255e-06
test_09692,0.0009740522706184614
test_09693,0.3911006643447938
test_09694,0.5324589156145523
test_09695,0.5411881728455294
test_09696,0.5129405925689179
test_09697,0.5227668325104883
test_09698,0.7731997605229196
test_09699,0.4600307810519423
test_09700,8.454899768342844e-06
test_09701,0.2286126225062267
test_09702,0.34472657325928613
test_09703,0.26607112700776775
test_09704,0.8644936319520531
test_09705,0.00014170420219266301
test_09706,0.051345015127250114
test_09707,0.8214326156463592
test_09708,0.03624605814596098
test_09709,0.39688644886890373
test_09710,0.5974371192837209
test_09711,0.8765337914998237
test_09712,0.2527530111368211
test_09713,0.14235913035085312
test_09714,0.5230863601284885
test_09715,3.0667379875795394e-05
test_09716,0.0005584904679540503
test_09717,0.0023896501462702673
test_09718,1.3205521400125948e-05
test_09719,0.00013038796342778667
test_09720,0.0003228706218866199
test_09721,0.19174460074995356
test_09722,1.6074425699930237e-07
test_09723,0.0019228476277506677
test_09724,0.00012615652193699448
test_09725,0.49177264942462523
test_09726,0.009483562938551461
test_09727,2.0123845712877628e-05
test_09728,0.29968880008849014
test_09729,0.3744584699613119
test_09730,0.9220918402216304
test_09731,0.003487029598641274
test_09732,0.9754474036508104
test_09733,0.7943449823401194
test_09734,0.0005394385932860778
test_09735,1.4030975656006318e-06
test_09736,0.07359495366659945
test_09737,0.4185974101755947
test_09738,0.6171148169190989
test_09739,0.5544934639351257
test_09740,0.10747906658686834
test_09741,0.07962617748980601
test_09742,0.6729873330852093
test_09743,3.2997218631195305e-07
test_09744,7.132414427171958e-11
test_09745,0.8503399196589805
test_09746,0.3937082231713021
test_09747,0.4151978352826811
test_09748,0.19375430190059975
test_09749,1.546171548649379e-05
test_09750,0.5413104228143456
test_09751,0.007050353109601751
test_09752,0.6046557032233871
test_09753,0.09240037190553615
test_09754,3.825748054816087e-10
test_09755,0.4451466021983192
test_09756,0.39744409400467157
test_09757,0.00045543469923287354
test_09758,0.5374797600202756
test_09759,1.4927065684559903e-05
test_09760,0.0004793066431438699
test_09761,0.020088810340350483
test_09762,0.000708213550376453
test_09763,0.6841544359724157
test_09764,0.7165902272359107
test_09765,1.3352492746293626e-06
test_09766,1.5219501686081884e-05
test_09767,0.0007308172457696665
test_09768,0.9531958499801527
test_09769,7.366160526896921e-05
test_09770,0.3288947101333555
test_09771,0.0005197742407037436
test_09772,0.5906759337207739
test_09773,0.6717343961837956
test_09774,0.4488610855289095
test_09775,0.5643266882723509
test_09776,0.6701564910498634
test_09777,0.4326297752402709
test_09778,0.22779254939812224
test_09779,0.009369051043270519
test_09780,0.0002686048496505016
test_09781,0.0025454205419153234
test_09782,0.002477043844936584
test_09783,0.0002152709218811368
test_09784,0.0013325639278892129
test_09785,0.28272809226096696
test_09786,0.018610133528551356
test_09787,0.8171284799157851
test_09788,0.7846112888511776
test_09789,0.5770604871419672
test_09790,0.13095228904568537
test_09791,0.7325365194552355
test_09792,0.3733196072875362
test_09793,0.6875142458200275
test_09794,0.11601769712700476
test_09795,0.43715275363010153
test_09796,0.3741096487837789
test_09797,1.1609274862956026e-06
test_09798,0.6350203109840163
test_09799,3.4206652013257124e-05
test_09800,0.8318946438371939
test_09801,0.001557266121280599
test_09802,2.8713679751009923e-08
test_09803,0.0003687439575666005
test_09804,0.34866391018139037
test_09805,3.81840037564992e-09
test_09806,0.9433608294274318
test_09807,0.5652602831119982
test_09808,0.33557203871634983
test_09809,9.883187028325459e-05
test_09810,0.0497584200727835
test_09811,0.2801552364954965
test_09812,0.6297517745407862
test_09813,0.9418439929166723
test_09814,0.1964358290928483
test_09815,0.7330876589644554
test_09816,0.34473864098958495
test_09817,0.4212244603460823
test_09818,1.376110286745958e-05
test_09819,0.010907477199642948
test_09820,0.46494210985353324
test_09821,0.005911254962821585
test_09822,0.8114242050892296
test_09823,0.0007994028958880827
test_09824,0.49585338507341703
test_09825,0.009582896207245041
test_09826,0.9765952803657866
test_09827,7.125800098166608e-08
test_09828,1.4319596898585461e-05
test_09829,0.37308517063147784
test_09830,0.00011085308403847064
test_09831,1.3439649329347874e-09
test_09832,0.22258354411335632
test_09833,0.5348580493073936
test_09834,0.3738745589590623
test_09835,3.625696595502001e-05
test_09836,0.25910141544694804
test_09837,4.041598173567196e-07
test_09838,0.8415076750589655
test_09839,0.5834650343845452
test_09840,0.03390928611382174
test_09841,0.01572225034822224
test_09842,0.00031588627272310585
test_09843,2.3231436672573065e-06
test_09844,0.0002181617518706483
test_09845,1.7593008114819556e-05
test_09846,0.898948492874346
test_09847,0.6651465224081141
test_09848,0.6655944069333345
test_09849,0.010097863199774787
test_09850,0.9094200329286659
test_09851,0.7967060813463157
test_09852,0.7401152554756917
test_09853,0.6957699024945757
test_09854,0.051216809878391605
test_09855,0.6599921724814534
test_09856,0.30330694021195165
test_09857,0.06689626673370154
test_09858,5.467413342003226e-05
test_09859,0.8059422693691465
test_09860,0.5638211869506335
test_09861,0.4241316712790079
test_09862,0.5171140628651854
test_09863,0.8451439119043813
test_09864,0.2946058754475283
test_09865,0.4689424072037109
test_09866,0.5909448315238032
test_09867,0.1869575831746093
test_09868,4.4823911076876236e-06
test_09869,0.26765017864650376
test_09870,0.0002588920594016453
test_09871,0.021792745348600442
test_09872,0.24441462656987203
test_09873,2.2711159020478544e-05
test_09874,0.5724763524673477
test_09875,0.0007786235351064394
test_09876,0.7550900966388336
test_09877,0.427329831433859
test_09878,0.09634029274915418
test_09879,0.4238370141994748
test_09880,0.14704628205222794
test_09881,5.084759803208481e-05
test_09882,0.7938585885476624
test_09883,0.1553319286865896
test_09884,0.00042597139126509013
test_09885,3.3566966464028474e-07
test_09886,0.8929285639643817
test_09887,0.7628917158733147
test_09888,0.16186996183651406
test_09889,0.45911477814604595
test_09890,0.000549687646433948
test_09891,0.006117008986485222
test_09892,0.6674905666761839
test_09893,0.4716497117305489
test_09894,0.00034683299547611326
test_09895,0.0021682635290820413
test_09896,2.0849716014564037e-07
test_09897,0.000994927753719255
test_09898,3.5235914017577686e-05
test_09899,0.00022170457419250404
test_09900,0.2364465718370314
test_09901,0.348177555075361
test_09902,0.733932275733204
test_09903,0.014576553928408571
test_09904,9.212956979403505e-07
test_09905,0.7703370041491399
test_09906,0.0009359826141118486
test_09907,0.601720475027733
test_09908,0.013374213133542829
test_09909,0.36118428157334737
test_09910,2.5809894007039115e-08
test_09911,0.00016744349864742088
test_09912,0.3250875293853229
test_09913,5.726380896329744e-05
test_09914,0.18159937259052378
test_09915,3.023257906958539e-06
test_09916,0.0025540238826641808
test_09917,0.013199195298424124
test_09918,0.5358725272110761
test_09919,0.2613144767927363
test_09920,0.11680283202473503
test_09921,0.7133977126452109
test_09922,2.132003385934551e-07
test_09923,0.017194968770413287
test_09924,0.738757142093792
test_09925,0.9847719344398728
test_09926,0.0069914371798991265
test_09927,0.1240233445875897
test_09928,0.009886773478910411
test_09929,0.0023374156253239465
test_09930,0.6228019612243632
test_09931,1.5772172877219182e-06
test_09932,0.0011505656281364845
test_09933,0.09085105441550033
test_09934,0.43831505605338617
test_09935,0.4015000646886798
test_09936,1.1853988411726543e-09
test_09937,0.0011698906905385465
test_09938,0.9554742681641495
test_09939,0.37254561809010117
test_09940,0.40674328575059904
test_09941,0.40342476490717166
test_09942,0.5151383194502136
test_09943,0.5653715077438933
test_09944,5.711035511273469e-06
test_09945,3.1314441370561293e-05
test_09946,0.19614046583868294
test_09947,0.7188446231919825
test_09948,0.3076550283456559
test_09949,0.4827041273240516
test_09950,8.600788993247408e-06
test_09951,0.5238703961234775
test_09952,0.5689870889123061
test_09953,0.40246891423140363
test_09954,1.5698223005441857e-07
test_09955,3.170593493572779e-09
test_09956,8.719693454079431e-07
test_09957,0.6734385663913769
test_09958,0.7758445906043413
test_09959,0.043437158073911
test_09960,1.5285234294586933e-05
test_09961,0.3132608115161393
test_09962,0.005161224986014862
test_09963,0.5634263550929042
test_09964,0.08125134973852267
test_09965,0.00034429282600092044
test_09966,0.5573797125790588
test_09967,0.52967724098471
test_09968,0.29014319174325137
test_09969,0.6860013843864952
test_09970,0.5507908660772615
test_09971,3.02036394218275e-07
test_09972,3.6960411779177738e-06
test_09973,0.26672474898418613
test_09974,0.8771624002055235
test_09975,0.3705278621875045
test_09976,0.596608673796773
test_09977,0.0014692001184786856
test_09978,0.1809488932525073
test_09979,0.639135595855913
test_09980,0.5343917800814149
test_09981,0.5949517432773371
test_09982,0.03972903278026769
test_09983,0.4740513816409107
test_09984,0.30722336447764825
test_09985,7.803837622396911e-07
test_09986,0.21777909811759727
test_09987,0.42629244027683266
test_09988,0.024939527522952854
test_09989,1.0984300103737679e-07
test_09990,0.5591502411401473
test_09991,9.368441253539024e-07
test_09992,0.7656810035784701
test_09993,0.20152503999667165
test_09994,0.5811655421004978
test_09995,0.006489431569048307
test_09996,0.18559884454524464
test_09997,2.2414099645596532e-05
test_09998,0.8405697588982985
test_09999,0.8181403419023954
test_10000,0.7041832105089132
test_10001,0.650562274311122
test_10002,0.6825067140964594
test_10003,0.001211989558792852
test_10004,0.7493214069291225
test_10005,0.39342014369733913
test_10006,0.7195788645468457
test_10007,0.5212757098615208
test_10008,0.7148216498156518
test_10009,1.386388277076477e-08
test_10010,0.9672530647658102
test_10011,0.8480432124848266
test_10012,0.48504768855203756
test_10013,0.5005420928048931
test_10014,0.24863267930692207
test_10015,0.0012458591170687516
test_10016,0.00022903880648422544
test_10017,1.1970577320515066e-07
test_10018,0.2591488671465197
test_10019,0.7446050071783561
test_10020,0.481025719350504
test_10021,0.004102425743895555
test_10022,5.816459641844001e-05
test_10023,1.1519093483269448e-05
test_10024,0.7529478147273063
test_10025,0.1681243083138794
test_10026,0.3273940314693872
test_10027,2.4834223704400644e-06
test_10028,3.7869500617764433e-06
test_10029,0.5628371194118031
test_10030,0.6065165742538334
test_10031,0.3464147233631279
test_10032,0.057790375935528264
test_10033,1.24523210247478e-10
test_10034,0.05280039422171961
test_10035,0.2677235155002399
test_10036,0.9927680463983931
test_10037,0.9222242908593482
test_10038,2.3489551866655382e-05
test_10039,0.48232946533595017
test_10040,0.00882120886878945
test_10041,0.673150346651849
test_10042,0.004096379992222582
test_10043,0.555594017973023
test_10044,0.3265629477276416
test_10045,0.0026864948215494042
test_10046,2.3715663782164758e-05
test_10047,5.668808559289611e-06
test_10048,0.06296834815600133
test_10049,0.0006182412594517217
test_10050,0.48124050697423537
test_10051,0.2672358774376562
test_10052,5.733920088317624e-05
test_10053,0.6810477286254709
test_10054,4.6382525570607304e-07
test_10055,0.0028687094295071864
test_10056,0.00016610186534568412
test_10057,1.6069150224773148e-07
test_10058,0.7070021092032635
test_10059,0.6214643812083798
test_10060,0.6244691433672694
test_10061,0.049711070400422885
test_10062,0.36218735503529254
test_10063,0.961815382219761
test_10064,0.2947394404433252
test_10065,0.39952856909719575
test_10066,3.375812492503911e-08
test_10067,0.236873029378427
test_10068,0.41997035044609604
test_10069,0.15412760234941292
test_10070,1.729660264513037e-05
test_10071,0.3599817502291904
test_10072,0.14193513023108495
test_10073,0.7156428497463755
test_10074,0.008336924851288771
test_10075,0.4835108292560343
test_10076,1.379632602688931e-05
test_10077,0.011016349590696958
test_10078,0.013790111911408352
test_10079,0.10820810518494636
test_10080,0.31520752277104364
test_10081,0.4337630423243293
test_10082,0.9511810251990607
test_10083,1.9862804027414106e-07
test_10084,0.3856446483117664
test_10085,0.2401716109799024
test_10086,0.5633071367617295
test_10087,0.6381654193337996
test_10088,0.010840515459320249
test_10089,0.8157848537658088
test_10090,6.332607586061688e-07
test_10091,2.1176987956735461e-07
test_10092,1.6189790061537515e-06
test_10093,1.1196603755481388e-09
test_10094,0.00022145695403544947
test_10095,0.7413215015409083
test_10096,0.01638514595058834
test_10097,0.09972792283340297
test_10098,0.22335309262059874
test_10099,0.34050578951244304
test_10100,2.0152856492497135e-09
test_10101,3.06447161054295e-05
test_10102,2.971842896964969e-06
test_10103,0.17944150705964726
test_10104,7.289497283431894e-05
test_10105,0.825940954547011
test_10106,2.164601976055306e-06
test_10107,1.2132618165348614e-05
test_10108,0.0760685110481679
test_10109,0.00011664114412411519
test_10110,0.07886211022720731
test_10111,0.03261707277703264
test_10112,0.29692992208444585
test_10113,0.1474923710784221
test_10114,0.1431129752156183
test_10115,5.694185387553789e-07
test_10116,3.6642830593236075e-05
test_10117,0.07607682229221285
test_10118,0.0015316505369446702
test_10119,0.675161468026994
test_10120,1.5083353552098031e-06
test_10121,0.22148133259367941
test_10122,5.256630737218025e-06
test_10123,0.000563630153125618
test_10124,0.2694295881580913
test_10125,0.016749594204781986
test_10126,3.767609449679578e-05
test_10127,1.442745718644998e-07
test_10128,3.76967237856249e-05
test_10129,0.55461085772138
test_10130,0.0038918698599419163
test_10131,0.5231714323941772
test_10132,0.2666728397856495
test_10133,9.403257127226267e-06
test_10134,0.49603446969047293
test_10135,0.5474695207673265
test_10136,0.16644028502489566
test_10137,0.002077202812855424
test_10138,0.9040698797511585
test_10139,0.4973266995371421
test_10140,0.4131383005776589
test_10141,0.5425989497264208
test_10142,0.21356180279110945
test_10143,0.24526342106681737
test_10144,0.00012967786300342342
test_10145,0.19865929638529195
test_10146,0.0007335709093355551
test_10147,0.9795153423904573
test_10148,0.43558878078229873
test_10149,0.6430181730675905
test_10150,0.00010856653860173184
test_10151,2.9495120785723447e-07
test_10152,0.18250464476024494
test_10153,0.0009384526136897832
test_10154,0.4100276517797677
test_10155,0.8303897722745966
test_10156,0.8735755888295056
test_10157,0.03051554164874422
test_10158,0.808743214393209
test_10159,0.6190983465075253
test_10160,0.5396577293020561
test_10161,0.40172771548392566
test_10162,0.0024659551442174415
test_10163,0.40141884724880406
test_10164,0.09191904009180624
test_10165,0.3499714663105418
test_10166,0.6841595625691342
test_10167,1.5926253955236326e-05
test_10168,0.5343824800101681
test_10169,0.6509596212488095
test_10170,3.192072831094367e-05
test_10171,0.15310486287106245
test_10172,1.267636582816544e-05
test_10173,0.09642573185149615
test_10174,2.1939575815095775e-07
test_10175,0.03426274287888104
test_10176,0.02041178139678836
test_10177,0.07116874478832404
test_10178,6.870241954486321e-06
test_10179,0.6000066011888314
test_10180,0.042523904598490654
test_10181,0.43357191373608944
test_10182,2.260529360516209e-05
test_10183,0.040869872562722814
test_10184,0.970001739631505
test_10185,0.05349373340839231
test_10186,1.969482034977568e-05
test_10187,0.7520247510096276
test_10188,2.246833139090637e-06
test_10189,0.8156779959173875
test_10190,0.529898908889912
test_10191,0.02283899904645064
test_10192,0.00012137296897330248
test_10193,0.04480503634674815
test_10194,0.42733542491284227
test_10195,0.5205634160229002
test_10196,0.21045007780757924
test_10197,0.26898714097084775
test_10198,0.18742314941398627
test_10199,4.764118660783572e-05
test_10200,0.7056623288994476
test_10201,0.432758457140173
test_10202,0.629329440735107
test_10203,0.6399576382296253
test_10204,0.30332854894036926
test_10205,0.019339973649368646
test_10206,0.028615287933360354
test_10207,0.8101969457484234
test_10208,0.160050936810536
test_10209,0.9640289790212281
test_10210,0.9542642562035236
test_10211,0.17947393045169185
test_10212,0.5210615580040077
test_10213,0.009996734011378848
test_10214,0.0007030242310087554
test_10215,0.11515728191236978
test_10216,0.5941337172401304
test_10217,8.533256381199663e-06
test_10218,0.52779916604656
test_10219,0.9484880705897383
test_10220,0.004889958090866733
test_10221,2.6964184518279167e-05
test_10222,0.004160879689894662
test_10223,0.003181270458060196
test_10224,0.3914683540289687
test_10225,0.17010230314038627
test_10226,0.10616865743382649
test_10227,0.01983143935185533
test_10228,0.627555146373091
test_10229,0.4648219226899286
test_10230,0.15106786511259943
test_10231,0.0020821750254009647
test_10232,0.8247483440661446
test_10233,0.0002891459452413434
test_10234,0.4658929244682552
test_10235,0.3832907460482472
test_10236,0.5508701185320803
test_10237,0.35839059041918825
test_10238,0.2934226162158469
test_10239,0.002691166550986751
test_10240,0.14923681983148865
test_10241,0.009277929399147063
test_10242,0.7424078026471179
test_10243,0.0037877988552251687
test_10244,0.24926517242080207
test_10245,0.7201993692621007
test_10246,0.11780352403636583
test_10247,0.4819354541561815
test_10248,0.48091133899490285
test_10249,0.6431025831723373
test_10250,0.18622163505864436
test_10251,0.7180763945626841
test_10252,0.002453335323793101
test_10253,0.0007239733985117164
test_10254,0.5415115721304501
test_10255,0.1342738535743983
test_10256,6.89549647434534e-08
test_10257,0.7977792811684717
test_10258,0.5733374917621743
test_10259,0.27221502933866243
test_10260,0.8509454111230791
test_10261,0.4556145432045864
test_10262,0.003876530109323674
test_10263,0.9999953849163407
test_10264,0.3297325399237047
test_10265,0.6906791574660971
test_10266,3.499057237070646e-06
test_10267,0.7512647664539429
test_10268,0.004192757177287921
test_10269,0.0005619502900337617
test_10270,0.9916482672095773
test_10271,0.11973711223900214
test_10272,0.5188579339938992
test_10273,1.1286616526456258e-06
test_10274,0.1373873826738571
test_10275,0.06426449729141726
test_10276,2.5228721678909052e-05
test_10277,0.010031655846703442
test_10278,0.07310401907116451
test_10279,0.18232665754731722
test_10280,0.5093249029886742
test_10281,0.008172520712597008
test_10282,0.11050979574119778
test_10283,2.6704103854599754e-07
test_10284,0.5039301245428255
test_10285,1.3914610022665725e-05
test_10286,0.28318416587717216
test_10287,0.007071567379746606
test_10288,1.2507822270131495e-06
test_10289,0.00036660172130680404
test_10290,0.8313360490009978
test_10291,7.02395175268099e-05
test_10292,0.646393670937487
test_10293,0.9604036334757914
test_10294,0.16084570028335965
test_10295,0.6325795572612095
test_10296,1.5661499928300763e-07
test_10297,5.340463489299709e-06
test_10298,0.02195800158856822
test_10299,0.007086504200189193
test_10300,0.3733335329189459
test_10301,4.592924284758636e-05
test_10302,0.8255481913063049
test_10303,0.5021837048258799
test_10304,0.19361071510606934
test_10305,0.17354341406338983
test_10306,0.26733956857534025
test_10307,5.3937931490579583e-08
test_10308,8.351246366027814e-07
test_10309,0.38607322655620313
test_10310,0.17811577868777775
test_10311,0.46695148265474334
test_10312,0.2458222991585925
test_10313,8.020523425094793e-06
test_10314,0.7194309790251189
test_10315,0.47032519448463245
test_10316,0.0006098760974670608
test_10317,0.20567106736311275
test_10318,0.6098222949400613
test_10319,0.0037261077086575348
test_10320,0.9328032158996732
test_10321,0.0010094917675838883
test_10322,0.312649391190821
test_10323,0.0020934580135747705
test_10324,0.007143309410487143
test_10325,0.5791145451071387
test_10326,0.9628603604318905
test_10327,1.1479633550646274e-05
test_10328,0.6575705177519647
test_10329,2.2855086100233887e-05
test_10330,0.2541048054622462
test_10331,0.5559643167617285
test_10332,0.008531718842208018
test_10333,0.631689428089807
test_10334,0.015335110690200318
test_10335,0.5051478796165717
test_10336,4.143198186742811e-06
test_10337,0.25926154092845044
test_10338,0.07531621311022545
test_10339,0.0023658516412175356
test_10340,0.7497110257674425
test_10341,3.994352583041129e-07
test_10342,0.6146335141239876
test_10343,0.3781794535176826
test_10344,0.013321146196220473
test_10345,0.6375569327111367
test_10346,0.0014040801267937455
test_10347,0.4246953586683072
test_10348,0.4861949571265366
test_10349,0.7119550080566008
test_10350,0.3804142353025093
test_10351,0.23630756875615586
test_10352,3.711633913689489e-08
test_10353,0.0035458479149509878
test_10354,0.8519004341373029
test_10355,0.6012126854951528
test_10356,3.4501827572596e-05
test_10357,0.8805293177183767
test_10358,0.3273420529867
test_10359,0.007263718921250785
test_10360,0.08955622476371802
test_10361,0.9865473334022665
test_10362,0.05135655919654056
test_10363,0.0030148090937431597
test_10364,3.440553140336312e-07
test_10365,0.1630647491518547
test_10366,0.26674866538851155
test_10367,0.00045850474527571136
test_10368,0.015540499361700134
test_10369,0.45484048282075373
test_10370,0.2768046406308473
test_10371,0.009472629439082203
test_10372,0.5450353513365321
test_10373,0.9279162049627511
test_10374,0.0005698881980509134
test_10375,0.6665736187432051
test_10376,0.8717697245002386
test_10377,1.8375857084296782e-11
test_10378,0.07729287937788963
test_10379,0.004212232452407078
test_10380,1.718046619339427e-05
test_10381,0.5705604773893139
test_10382,0.9709938526127114
test_10383,0.003393213880982587
test_10384,0.00012600189465565754
test_10385,0.00027811357347286156
test_10386,0.25183374111190354
test_10387,0.6206981482913183
test_10388,2.894688619141179e-11
test_10389,0.28612500321680057
test_10390,2.9324952664322526e-07
test_10391,1.1816513998238787e-06
test_10392,0.13828136753978518
test_10393,0.21631227871649186
test_10394,0.2411073433472794
test_10395,0.6845509393542606
test_10396,0.8062210938690177
test_10397,1.9237369005125726e-07
test_10398,8.356725474713437e-10
test_10399,4.898934401868586e-06
test_10400,0.721600497822851
test_10401,0.3559832084027921
test_10402,7.381924483776811e-05
test_10403,0.4461995341520135
test_10404,0.2184293208437152
test_10405,0.48399459916349274
test_10406,0.6901379518919293
test_10407,0.07305295645180926
test_10408,0.8397549597649593
test_10409,2.9427351012871917e-05
test_10410,0.00040538874159621766
test_10411,0.001936077790736254
test_10412,0.22631079243044705
test_10413,0.2840525579548662
test_10414,2.189370045335653e-11
test_10415,0.03353419984063675
test_10416,0.12993660641904048
test_10417,0.6862609255476032
test_10418,0.40612268406564395
test_10419,0.3018464062540814
test_10420,0.001739357192329812
test_10421,0.27806861985828507
test_10422,0.4008923666223482
test_10423,0.00017038991445141703
test_10424,0.1571027290843342
test_10425,0.5147712863896025
test_10426,0.19130583789448916
test_10427,0.3429105911843034
test_10428,0.00030351316886199925
test_10429,0.5004781906766822
test_10430,0.8303348380699761
test_10431,0.43782052349173145
test_10432,0.36683733575630145
test_10433,7.828212523096477e-05
test_10434,1.5328143315471093e-05
test_10435,0.5671872489635912
test_10436,1.734007647053476e-08
test_10437,0.24160958242121072
test_10438,0.6730805408852771
test_10439,6.510575750175869e-05
test_10440,0.015344108441396595
test_10441,0.2246806824148007
test_10442,0.6159753203045929
test_10443,1.3857517044517975e-05
test_10444,0.6026552175222046
test_10445,0.5456561972970426
test_10446,1.379908793209391e-07
test_10447,0.33151724721168613
test_10448,1.4046631928149532e-06
test_10449,0.11243872586263587
test_10450,0.000594247287515195
test_10451,0.5707045981621904
test_10452,0.19808056191298257
test_10453,0.8581259049282992
test_10454,0.4832973968249552
test_10455,0.8125688696780079
test_10456,0.9507455226786441
test_10457,0.4866603251640317
test_10458,0.4520468206657646
test_10459,0.5352838927089489
test_10460,0.0019083427264312604
test_10461,0.059266537868040085
test_10462,0.0005161528070954467
test_10463,0.25754002808054316
test_10464,0.24452216702691537
test_10465,0.7309712690801569
test_10466,0.0050546066589152346
test_10467,0.003196927274735081
test_10468,0.0005150354476750602
test_10469,0.22665379924738427
test_10470,0.6596244322488694
test_10471,0.0001934149416841023
test_10472,0.0004809403231811403
test_10473,6.64000763828096e-05
test_10474,0.7403597411962479
test_10475,0.7865387606285092
test_10476,0.01751530918875837
test_10477,0.42496857264434434
test_10478,0.39408048263771106
test_10479,0.9133794998839087
test_10480,0.9345219000350712
test_10481,0.0037897722072193656
test_10482,0.004743779023524902
test_10483,0.04924625534068
test_10484,0.4433451459675251
test_10485,0.006803141145261913
test_10486,0.07597322866489822
test_10487,0.4930617248549593
test_10488,0.6353450241580293
test_10489,0.4342534249735301
test_10490,0.020715386581644738
test_10491,0.6988451818126439
test_10492,0.07606325873582673
test_10493,0.7609415494144637
test_10494,2.4106605976379057e-05
test_10495,0.003927300278483971
test_10496,4.2223314728268924e-05
test_10497,0.440073999313742
test_10498,1.3197796874785207e-08
test_10499,6.538420076839962e-05
test_10500,0.4412275988742141
test_10501,0.616571775224092
test_10502,0.0013511232030364718
test_10503,0.9748890126185669
test_10504,0.4110946018831135
test_10505,0.6084769940771648
test_10506,4.37166704456731e-06
test_10507,0.019537033985457464
test_10508,7.548137476710662e-06
test_10509,0.9232413377378855
test_10510,0.561007255096228
test_10511,0.39918825127625895
test_10512,0.0010940771098383935
test_10513,0.010624167126846015
test_10514,0.7206483640016216
test_10515,0.4257488233044485
test_10516,0.016405769160699944
test_10517,0.00043617842526711965
test_10518,0.1286893592854994
test_10519,4.3416075403647585e-06
test_10520,7.396791360856579e-07
test_10521,0.0028377014700145886
test_10522,4.9540321844689574e-05
test_10523,0.0014288329803312581
test_10524,0.3790974701338604
test_10525,0.8344334408320253
test_10526,0.8922971006261944
test_10527,9.311114745911748e-05
test_10528,0.7278211760791576
test_10529,0.25415620910440506
test_10530,0.0007655122570602225
test_10531,0.6433021088587746
test_10532,0.39181683252056626
test_10533,0.9872468787987473
test_10534,0.00023798638255516133
test_10535,0.3125923304285249
test_10536,4.602899683244618e-05
test_10537,0.580592160155795
test_10538,0.236170552982029
test_10539,5.2727462357418775e-05
test_10540,0.048555586281668624
test_10541,0.45692960340408145
test_10542,0.00025361858590933987
test_10543,0.3024933593168163
test_10544,0.0010797408806323332
test_10545,0.3187477528893365
test_10546,0.4935005738377892
test_10547,0.7888413247697835
test_10548,0.3581460016304568
test_10549,0.6267780749068785
test_10550,0.0017130112218582494
test_10551,0.025042979670389393
test_10552,0.6638828432864856
test_10553,4.565085341469506e-07
test_10554,0.5892205693068934
test_10555,0.8932021705823988
test_10556,0.5424683472723468
test_10557,5.2754853649821095e-05
test_10558,0.635848457510292
test_10559,0.9157254015437643
test_10560,0.8941737294007244
test_10561,0.0002606786158822043
test_10562,0.9497479415256653
test_10563,0.24146239899942115
test_10564,0.9367414041492743
test_10565,0.4273474519300536
test_10566,2.9142025575388534e-06
test_10567,0.3318806552093297
test_10568,1.4744926662499461e-09
test_10569,0.5124339970317432
test_10570,0.5750474549318377
test_10571,0.020887362134721744
test_10572,0.899140791425219
test_10573,0.3097347263866025
test_10574,0.0033624420147431544
test_10575,0.011698533499534204
test_10576,0.6414773494638609
test_10577,0.6806781933704695
test_10578,0.028572183977844685
test_10579,0.3758714055640797
test_10580,0.8399172069917655
test_10581,0.6473139997762297
test_10582,0.5623680280114357
test_10583,0.7444149452187155
test_10584,0.4895488830168435
test_10585,0.05378919734012735
test_10586,0.0059020625171503065
test_10587,0.6545597631703973
test_10588,0.15622359430433277
test_10589,0.3964246602312093
test_10590,0.00046071503631434747
test_10591,0.1909403992541607
test_10592,0.17750384915090578
test_10593,0.8495289906141015
test_10594,0.05586496652250936
test_10595,0.7448055603343611
test_10596,0.7694184701866916
test_10597,0.13619393945201017
test_10598,0.6084698289487984
test_10599,0.20409895432243194
test_10600,3.1153473326304954e-05
test_10601,0.5140005592725219
test_10602,2.340259155645651e-06
test_10603,1.3856216035034006e-09
test_10604,0.6645679781318168
test_10605,0.8229870645305081
test_10606,0.9339099310243203
test_10607,0.36375499296354635
test_10608,1.9374006611583468e-05
test_10609,9.572595529473761e-05
test_10610,0.5759160175227909
test_10611,0.0013299682353779558
test_10612,0.2822644966923583
test_10613,0.4444979744824283
test_10614,0.06385684396857286
test_10615,0.0011603753712060914
test_10616,0.8240354855638842
test_10617,0.5316750495716179
test_10618,0.9187524265068694
test_10619,0.023212647183206234
test_10620,0.8554753805716467
test_10621,0.8879724762079149
test_10622,1.0207807785604564e-05
test_10623,0.004264264186598359
test_10624,6.207841253623449e-06
test_10625,0.33250108329688927
test_10626,0.23445529059485293
test_10627,0.24450801583543696
test_10628,0.6129182810852647
test_10629,0.0013342590529578742
test_10630,0.0001293595130274613
test_10631,0.0004874075880101042
test_10632,3.94353123707754e-06
test_10633,0.0010853852388897872
test_10634,0.8660165432060497
test_10635,0.5610255476427194
test_10636,0.4098806114252702
test_10637,0.0004041708435461454
test_10638,0.012590609775085018
test_10639,0.0008548009208818039
test_10640,0.025584514068041513
test_10641,0.5588420686077256
test_10642,0.23769707398030335
test_10643,0.35397959193796635
test_10644,0.813387828097462
test_10645,4.799393483845391e-05
test_10646,0.36276564673394773
test_10647,4.5200785121380616e-05
test_10648,0.00039219901431166446
test_10649,0.7897003882742996
test_10650,0.28939112916572285
test_10651,0.43301969317919387
test_10652,0.020913090643673225
test_10653,0.36220446485411273
test_10654,0.0002857764538198015
test_10655,1.0545195271136943e-08
test_10656,0.16075278725461867
test_10657,0.557847696829087
test_10658,2.6095377078115977e-08
test_10659,1.3581064759882684e-07
test_10660,0.009023503350577135
test_10661,0.486966387914579
test_10662,0.4306926034006917
test_10663,0.16820931546317483
test_10664,0.5649328189179537
test_10665,0.36285698067851446
test_10666,0.014003948330880214
test_10667,6.720460189302969e-06
test_10668,0.007952265917883807
test_10669,0.7904319861441463
test_10670,1.2445163837816532e-05
test_10671,0.3990055038898197
test_10672,0.33503604456238134
test_10673,0.5908886328540619
test_10674,3.240598426913848e-06
test_10675,0.5663141891762064
test_10676,0.8763436999656224
test_10677,0.6072604846972839
test_10678,0.6217640457798811
test_10679,0.5726623240476895
test_10680,0.575914360294014
test_10681,0.9925380784211651
test_10682,0.2697348880682891
test_10683,0.5908879243754616
test_10684,0.46283005081674394
test_10685,8.296987517472539e-05
test_10686,4.098645577030077e-05
test_10687,0.6812267297845808
test_10688,0.9083567213226774
test_10689,0.5270259712560069
test_10690,1.2121534934562848e-08
test_10691,0.3558657948317332
test_10692,0.422001278036895
test_10693,0.03180590550631152
test_10694,0.6106346493992663
test_10695,0.9909096398336565
test_10696,0.00012423301672099255
test_10697,3.891553783978266e-07
test_10698,0.0009286077339442924
test_10699,0.03198172263839202
test_10700,2.7095503217450654e-05
test_10701,0.40610396969855045
test_10702,0.4881209491189042
test_10703,0.0030198221340009997
test_10704,0.057010593012842614
test_10705,0.35640949105647773
test_10706,2.504480276202951e-05
test_10707,0.7904890609548185
test_10708,0.0005310236798628744
test_10709,0.4245320399392992
test_10710,0.2955308415037394
test_10711,0.9559617337939736
test_10712,0.6317648382650702
test_10713,0.07088126328922044
test_10714,0.002096920917599925
test_10715,0.6186780729657018
test_10716,0.4256255155265079
test_10717,0.9311850210991485
test_10718,0.5044828750347412
test_10719,4.884466054602429e-05
test_10720,0.869733327391801
test_10721,0.07994051245527777
test_10722,0.6214931306365149
test_10723,0.00015425160128867212
test_10724,0.04547236267004931
test_10725,0.4959740625752549
test_10726,0.00017934724028952843
test_10727,0.00012874365661510982
test_10728,0.34972340599435886
test_10729,0.278419277557392
test_10730,3.445298598373985e-06
test_10731,0.2166597694935705
test_10732,0.5852420658543419
test_10733,0.20770921868998335
test_10734,0.00040353309434473935
test_10735,0.006087758380288372
test_10736,0.25007183475738415
test_10737,0.0006289111995670394
test_10738,1.3279667218542324e-07
test_10739,0.6174814710938179
test_10740,0.7776666391233347
test_10741,0.00020676175690972134
test_10742,0.5137359817794209
test_10743,0.09784336955457439
test_10744,3.9057697192439804e-07
test_10745,0.36179268627176037
test_10746,2.118816701077949e-05
test_10747,3.4677281635953174e-07
test_10748,0.8232269201227752
test_10749,5.150260130806413e-06
test_10750,0.6421474987982134
test_10751,0.5700198244340807
test_10752,0.3636847599850732
test_10753,3.0621473926134676e-11
test_10754,2.024898474081292e-07
test_10755,0.24264701866025526
test_10756,0.4194526377538803
test_10757,0.1424285935740495
test_10758,8.250219858331254e-08
test_10759,0.1495661558546893
test_10760,1.3727457010577572e-07
test_10761,4.798696729490666e-07
test_10762,0.06932920169033593
test_10763,0.764052148556244
test_10764,1.9223683160634232e-05
test_10765,1.8804299061595047e-06
test_10766,0.21187405376872354
test_10767,0.4341098686575983
test_10768,0.4976554135917634
test_10769,1.7057700533459376e-05
test_10770,7.184438957370129e-07
test_10771,0.9019204273801792
test_10772,0.33604685885190383
test_10773,0.0007005838814627112
test_10774,0.39463438768797554
test_10775,0.4707416522767889
test_10776,0.0008383857679033518
test_10777,0.23452922868560674
test_10778,0.843884118262657
test_10779,0.4113133232875683
test_10780,5.039661237955749e-09
test_10781,8.36642665614879e-05
test_10782,0.17553116202612198
test_10783,0.0026878225295544713
test_10784,0.02576871774738524
test_10785,0.12613510297584862
test_10786,0.6793474388734141
test_10787,0.3765829936470787
test_10788,0.16911156192300386
test_10789,0.04358994908570696
test_10790,1.2893238877958577e-05
test_10791,0.05473064774212871
test_10792,0.3984160596438364
test_10793,0.471510556712255
test_10794,0.00013742256225147652
test_10795,0.29824508116836895
test_10796,0.6164832449761036
test_10797,0.4726142678061451
test_10798,0.7521106780984428
test_10799,0.47326874972252236
test_10800,0.6702574343718085
test_10801,9.900451045355715e-05
test_10802,1.7103789254458513e-05
test_10803,0.4550806418995181
test_10804,0.6260228198392996
test_10805,0.968136668639065
test_10806,0.4511059153122103
test_10807,0.7348910482841341
test_10808,2.872466548781599e-06
test_10809,0.016034394785858917
test_10810,0.047091809988022246
test_10811,0.08998040155843359
test_10812,3.892731000203457e-06
test_10813,0.0024591200196038246
test_10814,0.4451070178569784
test_10815,0.7841825699655461
test_10816,0.5923931775346671
test_10817,7.314205869657503e-07
test_10818,0.8005701439074419
test_10819,0.004135867921039611
test_10820,2.902651392673078e-07
test_10821,0.4057090436553495
test_10822,0.4321978172809201
test_10823,0.0004154365407170797
test_10824,9.665665691826524e-06
test_10825,0.386493306124777
test_10826,0.005539125949289899
test_10827,0.2202541730963263
test_10828,0.527112818300117
test_10829,0.28112526010109135
test_10830,0.5512918680530683
test_10831,0.648555670367453
test_10832,0.5521958332223492
test_10833,0.07689089550681401
test_10834,0.6906223553477595
test_10835,0.3638961350384995
test_10836,3.7656994110429097e-07
test_10837,0.3267704017513157
test_10838,3.4355277669767748e-06
test_10839,0.06123047459746284
test_10840,0.051535561235362654
test_10841,2.613450358413808e-10
test_10842,0.482077322184233
test_10843,0.29732256860453304
test_10844,0.49704664614896127
test_10845,0.0006326239385150091
test_10846,0.5083291982235575
test_10847,0.44794286021230034
test_10848,0.46523626794968265
test_10849,5.46012157830558e-05
test_10850,4.113399054984032e-06
test_10851,0.00019143557716664553
test_10852,3.505969357614516e-05
test_10853,0.0010823787511440432
test_10854,0.00032078674412120854
test_10855,0.5575915919390593
test_10856,3.2478625452160652e-06
test_10857,0.021132841074183808
test_10858,0.1703321440691388
test_10859,0.2956232063244759
test_10860,0.5359399751660248
test_10861,0.17010650341324632
test_10862,0.2012696587811334
test_10863,0.0008860261646889413
test_10864,0.8855583374548032
test_10865,0.7394504648089768
test_10866,0.6462488743884015
test_10867,4.692192039781369e-05
test_10868,1.7326514258096725e-05
test_10869,0.7832042870804699
test_10870,0.3263955303229705
test_10871,0.0002907643534987208
test_10872,0.8041551435151265
test_10873,1.2249952044335925e-05
test_10874,0.05124844167101814
test_10875,0.5078090173465061
test_10876,0.7058393869106578
test_10877,0.0001716659804050199
test_10878,0.236548839001481
test_10879,0.0018709150650880926
test_10880,0.33095321956776963
test_10881,0.0003377815712012967
test_10882,1.3673233060688774e-06
test_10883,0.29583084784751673
test_10884,0.0009860813979356237
test_10885,0.003445383358338131
test_10886,0.38532038833382204
test_10887,0.31586642194236475
test_10888,0.0006264132586324834
test_10889,0.00012749132070500696
test_10890,0.5433874500633095
test_10891,0.5735268965184045
test_10892,0.6820628836790461
test_10893,0.9479841920529514
test_10894,0.39303585761286575
test_10895,0.09977559377199081
test_10896,0.01018039462516632
test_10897,0.26550714826604116
test_10898,4.4259646385474894e-05
test_10899,0.6830785784123281
test_10900,0.0027391927933292297
test_10901,0.9365402600549082
test_10902,0.49910073319922277
test_10903,0.8817111892032033
test_10904,0.3790370952618461
test_10905,0.03341740741823865
test_10906,0.0001916533469020528
test_10907,0.26264869666602675
test_10908,0.2060021041005686
test_10909,0.4854935474573608
test_10910,0.014310527897485579
test_10911,3.949547092824256e-07
test_10912,0.9939309691642676
test_10913,0.7885078765545455
test_10914,0.28547826762555856
test_10915,0.6112387551136331
test_10916,0.03312190138032858
test_10917,0.9214157733540861
test_10918,0.5446633160217381
test_10919,0.4868482631950975
test_10920,1.125118397627133e-10
test_10921,0.0002087885535590012
test_10922,0.2559407779162817
test_10923,0.0003745153554668188
test_10924,0.7267343547569889
test_10925,1.8528591986913012e-06
test_10926,0.41492971888188823
test_10927,0.0581058795597374
test_10928,0.3087342224610027
test_10929,0.07260555718810906
test_10930,0.5815690095067403
test_10931,0.002960593876746037
test_10932,4.1165400768846674e-05
test_10933,0.4857611407727699
test_10934,0.648612381992983
test_10935,8.549778074311826e-06
test_10936,0.5962416768386678
test_10937,0.4445197807614886
test_10938,7.317431319592672e-07
test_10939,0.15652074486651416
test_10940,3.944936727487549e-05
test_10941,0.3724680696110185
test_10942,0.3697403001488318
test_10943,0.005825941340843533
test_10944,4.2226370702169304e-05
test_10945,0.6722676086335613
test_10946,0.33342492452680245
test_10947,3.832271626004288e-06
test_10948,0.6885569951766657
test_10949,0.5752025730035776
test_10950,0.5640071004539847
test_10951,0.03330251527704441
test_10952,0.20392567478875154
test_10953,0.5453030104742961
test_10954,0.21933111498852637
test_10955,1.518715751812052e-05
test_10956,2.2376772630933723e-07
test_10957,0.6919274418583315
test_10958,0.470403719504675
test_10959,0.5853051232739509
test_10960,5.686472646547474e-06
test_10961,0.5566989187299393
test_10962,0.5782900724647205
test_10963,0.0013608879635233796
test_10964,0.5518464754228078
test_10965,0.2176755849565986
test_10966,0.5863051216075822
test_10967,0.3293201911547745
test_10968,2.652566383398958e-07
test_10969,0.5974691834781177
test_10970,0.4418945732945622
test_10971,0.4041588756259529
test_10972,0.6237906065620882
test_10973,0.26622223168559833
test_10974,0.4800797784526447
test_10975,0.46902446790023133
test_10976,0.9764463480330531
test_10977,0.7578970326703804
test_10978,0.019171831008422555
test_10979,6.59501402397232e-08
test_10980,0.0010166018462590002
test_10981,0.47081060323203644
test_10982,2.8424215087801124e-06
test_10983,0.3597986876318097
test_10984,0.5030403017531101
test_10985,0.0005718659806416584
test_10986,0.33486211514857095
test_10987,0.8311005656598095
test_10988,2.2675152955007715e-05
test_10989,1.6068088464727862e-05
test_10990,0.10099921651239656
test_10991,0.30717084796040933
test_10992,0.8503535732192559
test_10993,0.014736667332515087
test_10994,0.6376029612203375
test_10995,0.34238344786187913
test_10996,0.7938647035024187
test_10997,0.0028939293246016576
test_10998,0.04258955196245062
test_10999,0.14352827439730398
test_11000,2.491717014476284e-09
test_11001,0.02642042069996491
test_11002,6.242826778522768e-06
test_11003,0.0010326636044760348
test_11004,3.834302761771562e-05
test_11005,0.4300031658541097
test_11006,0.1729412449771997
test_11007,1.586982845313871e-05
test_11008,1.492678723322452e-08
test_11009,0.7536016866411206
test_11010,5.537047677454226e-06
test_11011,0.0005483053883420457
test_11012,0.731540778433021
test_11013,0.5409189244547988
test_11014,2.2560346589997835e-05
test_11015,0.005535856717032678
test_11016,0.28942057351297606
test_11017,0.7075266144580956
test_11018,0.5930996476207854
test_11019,2.7231069789696805e-05
test_11020,2.8188843152835828e-05
test_11021,0.00032345665422418894
test_11022,0.005845896054674766
test_11023,0.0022318140193530074
test_11024,0.08968618962689238
test_11025,0.7161347940681853
test_11026,0.5911423035876298
test_11027,0.741877446391283
test_11028,0.05931256095819888
test_11029,1.2993289242167326e-05
test_11030,9.642812775601945e-07
test_11031,0.01645927676371224
test_11032,0.0006423226993019209
test_11033,0.00023577964183507525
test_11034,0.023200708070457553
test_11035,0.00038684591410356777
test_11036,0.981474943149076
test_11037,0.024501089306566498
test_11038,0.013069091232190574
test_11039,0.6008402828189376
test_11040,0.4818608675812362
test_11041,1.5014109253867887e-07
test_11042,0.010289637337271512
test_11043,0.31330660772143026
test_11044,0.5106452726568783
test_11045,0.3068655633952561
test_11046,2.3494257435918664e-05
test_11047,0.03971993097528445
test_11048,0.33470567891119835
test_11049,0.1991116496280391
test_11050,1.985108389643382e-07
test_11051,0.8832118107779824
test_11052,3.7239142781988385e-07
test_11053,0.0006375656992952133
test_11054,0.6220606843634207
test_11055,0.07361233078425104
test_11056,0.632561315312214
test_11057,1.0415235610601022e-06
test_11058,0.5906918884892699
test_11059,0.4875818654305847
test_11060,0.023982444767933125
test_11061,2.82314754831927e-06
test_11062,0.9611047816828665
test_11063,0.09292494830414247
test_11064,0.5622288065521519
test_11065,0.9190110364960302
test_11066,0.0065523839036144525
test_11067,0.04287416313760582
test_11068,0.03052118548275087
test_11069,0.022248489192255635
test_11070,0.7593924087492773
test_11071,0.7056566858448887
test_11072,0.07774672294609615
test_11073,2.3513382757222076e-05
test_11074,0.4515974913242659
test_11075,4.110310727406217e-08
test_11076,0.8588488951919843
test_11077,0.5492903264011484
test_11078,0.0005542996210968422
test_11079,7.543702924011947e-06
test_11080,3.0690311324670014e-07
test_11081,0.286505541632834
test_11082,0.030658245947516868
test_11083,0.564129479253665
test_11084,2.649016971815974e-09
test_11085,0.5563065071976075
test_11086,0.5758589238408414
test_11087,0.982158758767978
test_11088,1.970889388766916e-05
test_11089,1.709252983413603e-05
test_11090,0.951831039733225
test_11091,4.400859141468498e-05
test_11092,0.37252558345301273
test_11093,0.7267621771042856
test_11094,0.1454508007067733
test_11095,0.8038831398720405
test_11096,5.543914116475091e-07
test_11097,0.02980684457498755
test_11098,0.9031563998489859
test_11099,2.8006310466392672e-05
test_11100,0.0017077316774187902
test_11101,0.3056604648307829
test_11102,0.4348659823769661
test_11103,1.0801307469683788e-05
test_11104,0.015802512204290877
test_11105,0.0003198900789229216
test_11106,6.076747179243901e-06
test_11107,0.4963670393442141
test_11108,0.5612540340669937
test_11109,9.016325605607638e-06
test_11110,1.048032234987229e-08
test_11111,0.28486254805786987
test_11112,0.00016049102597432826
test_11113,8.143022878140737e-07
test_11114,0.9387108261801566
test_11115,0.7382618037871989
test_11116,0.036759934028148346
test_11117,4.446624144215349e-09
test_11118,0.8621390606729101
test_11119,0.7479575143149713
test_11120,0.1591352629580686
test_11121,0.6609425387688366
test_11122,0.012639253258018611
test_11123,0.45805140831316443
test_11124,0.0017750741699347227
test_11125,3.701545402570355e-08
test_11126,0.5518452168519175
test_11127,0.00021181987678875255
test_11128,0.7264957679202181
test_11129,0.11173322873992556
test_11130,0.8141749247974838
test_11131,0.8962912120540252
test_11132,0.0011816431041864965
test_11133,6.285337573440179e-05
test_11134,0.06864767336885952
test_11135,0.12838356271441695
test_11136,0.3731490251066018
test_11137,0.3829229226505817
test_11138,0.8607274493026548
test_11139,0.0016045778136550483
test_11140,2.1896499490395356e-08
test_11141,1.3995453092018385e-05
test_11142,0.5441048358298359
test_11143,6.698479783157645e-07
test_11144,0.47530593465174364
test_11145,0.5520715322630065
test_11146,0.1633446058565882
test_11147,0.7045663264321436
test_11148,0.46552625816156484
test_11149,0.06470042718356855
test_11150,0.7514453070121827
test_11151,0.7560876595165709
test_11152,0.9744486358547174
test_11153,0.0996216859186417
test_11154,0.5811006181538554
test_11155,0.0001624862889493157
test_11156,0.43525319240357363
test_11157,0.370305996205348
test_11158,3.7195376807971786e-05
test_11159,8.63432445761592e-09
test_11160,0.3123250973891786
test_11161,0.49054875377729557
test_11162,0.4972437488882795
test_11163,0.5530631766395284
test_11164,0.00099040645194575
test_11165,0.5984734962052495
test_11166,0.28539266004479225
test_11167,0.5306394019852987
test_11168,0.6589469494148333
test_11169,0.7565003666113286
test_11170,0.00012688358130850998
test_11171,0.4692153589574462
test_11172,0.04403133959028148
test_11173,0.002218829894294344
test_11174,0.06720665485467538
test_11175,0.3745133998089387
test_11176,0.08149620481896466
test_11177,0.029974109553498128
test_11178,0.580777157564978
test_11179,0.36797888477256896
test_11180,0.40474440325317546
test_11181,0.49722351694842576
test_11182,0.17228007213212862
test_11183,0.3149576237333875
test_11184,0.0013012978771961058
test_11185,0.1969938035399701
test_11186,0.20160762801134705
test_11187,0.31948414625283506
test_11188,3.3287318520127525e-05
test_11189,0.14046695527446265
test_11190,3.900091036412583e-06
test_11191,0.5995005524046131
test_11192,0.6644119728509036
test_11193,2.430138420861466e-05
test_11194,0.04324223982737915
test_11195,0.9783592789080534
test_11196,0.7832092146432406
test_11197,0.005326281587483412
test_11198,0.0003846888990863104
test_11199,0.2724962240011773
test_11200,0.1455758083570372
test_11201,0.6432780764122493
test_11202,0.7577562281920532
test_11203,0.8288679760038783
test_11204,0.04700330794941609
test_11205,5.369734684485861e-07
test_11206,0.6338257728714979
test_11207,3.594959668309801e-05
test_11208,0.23743449087137972
test_11209,2.488363992506932e-07
test_11210,0.7674046940891114
test_11211,0.4669159282294312
test_11212,0.35367554449743266
test_11213,0.00713052896001356
test_11214,0.26084155251512764
test_11215,5.799219116491269e-06
test_11216,0.0005750908202504731
test_11217,8.460434359145171e-05
test_11218,0.001019608802001712
test_11219,0.03262037388247479
test_11220,0.37204205736900886
test_11221,0.7076488425163766
test_11222,0.128708899201574
test_11223,8.274795283833602e-06
test_11224,5.679449907837097e-05
test_11225,0.1419793028261573
test_11226,0.02875227082219766
test_11227,0.5321021510377776
test_11228,3.52861005989308e-06
test_11229,7.80582447852643e-05
test_11230,0.0020041497309162253
test_11231,0.02678205704650035
test_11232,0.1967290615520632
test_11233,0.0008240318258731843
test_11234,4.590415168127909e-07
test_11235,0.0032257926814459655
test_11236,0.5237084014650394
test_11237,0.851314229731557
test_11238,0.011363891442395798
test_11239,0.050768751595380045
test_11240,0.036899443742941386
test_11241,8.102755334146031e-07
test_11242,4.730300332601563e-09
test_11243,0.43325337091629407
test_11244,0.1546565062292553
test_11245,0.0002765625306988803
test_11246,0.011388467095698898
test_11247,0.17350243865335685
test_11248,0.561655278359522
test_11249,0.20813012717573437
test_11250,0.00019415518889555588
test_11251,0.00024624295484821187
test_11252,0.29141069270715886
test_11253,0.1937465289700457
test_11254,0.6077326226466998
test_11255,0.8097618787386596
test_11256,0.0005640868561426776
test_11257,0.9216267342674106
test_11258,1.3805045389583751e-06
test_11259,0.019109588099627352
test_11260,0.056266802685616846
test_11261,0.03443503726324164
test_11262,0.8311899541249501
test_11263,0.842598665039666
test_11264,0.00043091005672273795
test_11265,0.04996902705842389
test_11266,0.19444533512135687
test_11267,0.00014448261973272779
test_11268,2.3992169310502453e-05
test_11269,0.013080426735386855
test_11270,0.10546055317622714
test_11271,0.5471682513124034
test_11272,0.0748983888290025
test_11273,0.6563124629715418
test_11274,0.766360445899003
test_11275,0.0006365411002637821
test_11276,0.18616379753165394
test_11277,0.0004724324370932279
test_11278,1.4264821531627986e-07
test_11279,0.009111554658415821
test_11280,0.011686039685256815
test_11281,0.008721456803892151
test_11282,0.07612472669759009
test_11283,0.24067371647638386
test_11284,0.00034630121648184013
test_11285,5.327086666183467e-06
test_11286,1.5207246356178443e-05
test_11287,0.5298186680138972
test_11288,0.005945655869095946
test_11289,0.3620138039526406
test_11290,2.730807527166382e-06
test_11291,0.17852337198896073
test_11292,0.5740375636938688
test_11293,7.32254960290559e-05
test_11294,0.24538353018240386
test_11295,0.0004466211683608537
test_11296,6.083882397875271e-05
test_11297,0.7778559275348967
test_11298,0.0009519235938005331
test_11299,8.197049464777858e-07
test_11300,0.5754225101660828
test_11301,0.7434738512574445
test_11302,0.08220353062808575
test_11303,0.8576419042259275
test_11304,0.7348602851783715
test_11305,0.0807671034787483
test_11306,0.36716944211295693
test_11307,0.013062089903567114
test_11308,0.0723608169765772
test_11309,0.0009244885100750367
test_11310,0.8135096583033368
test_11311,0.30690717991767147
test_11312,0.0011195456668873559
test_11313,1.585361263509278e-08
test_11314,0.5666947953100652
test_11315,0.0047176474405886
test_11316,0.514877182205623
test_11317,2.3984332167311478e-05
test_11318,0.5162128397930289
test_11319,0.03553573697163365
test_11320,0.03322705961179162
test_11321,3.298662581805723e-09
test_11322,0.11847242766986217
test_11323,0.422646046850095
test_11324,1.0329764303030129e-05
test_11325,0.5731945923792026
test_11326,0.24314644663118354
test_11327,3.021973115028899e-07
test_11328,0.37670865111593166
test_11329,0.8463755257295454
test_11330,0.9259595428170097
test_11331,0.7230862576955757
test_11332,0.8833896513639387
test_11333,0.011883294201032868
test_11334,0.5708998230742183
test_11335,0.6263243121120576
test_11336,0.45557292171445957
test_11337,0.24101741792189746
test_11338,0.15145173098839274
test_11339,0.017519550530947805
test_11340,0.008167467418919537
test_11341,0.0005461258269531114
test_11342,1.4767499696758487e-08
test_11343,4.406078376982506e-06
test_11344,0.02494091265331936
test_11345,0.6609664446024153
test_11346,0.12730513515358768
test_11347,0.37288571235395024
test_11348,4.997577973065812e-05
test_11349,0.06079205746564197
test_11350,0.032641333981623145
test_11351,0.4682673086778348
test_11352,0.5485884672826039
test_11353,0.0003969284518333522
test_11354,0.004323267005758176
test_11355,0.449265883740822
test_11356,0.15709229299116545
test_11357,0.2109751595803324
test_11358,0.0003830607581713465
test_11359,0.4340392508470416
test_11360,0.40643783242305714
test_11361,0.0006924707333153509
test_11362,9.0754819956897e-06
test_11363,0.3443587986954626
test_11364,1.290627027728238e-05
test_11365,0.2461889329325886
test_11366,0.010455065037385794
test_11367,0.00347988508340955
test_11368,0.0005430943757127476
test_11369,0.5528073814139695
test_11370,6.4530635817815844e-06
test_11371,0.0011208622605411802
test_11372,0.43353995038686777
test_11373,0.3468421848802042
test_11374,0.7484379924205636
test_11375,0.14092548560934534
test_11376,0.00893754576107344
test_11377,0.0016700217048466067
test_11378,0.33425604164121026
test_11379,0.0002792598445746997
test_11380,0.2846935960838876
test_11381,1.6620938466076164e-06
test_11382,0.4367440116659168
test_11383,0.04271837288379038
test_11384,0.11992769124195012
test_11385,0.0016411377002344852
test_11386,0.00012300709202691813
test_11387,0.8283623762273888
test_11388,9.797369843623993e-05
test_11389,0.7329116770427384
test_11390,0.581370911071659
test_11391,0.43286610711653106
test_11392,0.0004126674705907529
test_11393,0.0005179509274267105
test_11394,0.6710358883956691
test_11395,0.0008138125312708224
test_11396,0.000289116627252685
test_11397,5.444694011451822e-06
test_11398,0.41065595196572646
test_11399,0.41952482239068256
test_11400,0.27620702342022624
test_11401,0.735352868827539
test_11402,0.22873316087881854
test_11403,0.7005788976377745
test_11404,0.8327126250689345
test_11405,0.1812537422589419
test_11406,0.7827697593585407
test_11407,0.14662292083537617
test_11408,0.0005602610178186597
test_11409,0.5318458307227705
test_11410,0.3211258453138792
test_11411,0.3972997554891056
test_11412,3.5718541609071766e-05
test_11413,0.08277935576891761
test_11414,0.33516513904894313
test_11415,0.6334523732638532
test_11416,0.015944461959070535
test_11417,0.3004122003077938
test_11418,0.6928805772466063
test_11419,0.1795802110544877
test_11420,0.5586446327829102
test_11421,0.5044346289366901
test_11422,9.850611611090988e-05
test_11423,1.8600524075787648e-07
test_11424,0.5236540309823449
test_11425,0.00021835744671800612
test_11426,0.0004007623665483891
test_11427,0.0034135928990955736
test_11428,0.3651756999135807
test_11429,0.3625288336754419
test_11430,4.389701420194132e-06
test_11431,0.014095800563922848
test_11432,0.6190582233141105
test_11433,0.01240681735026749
test_11434,6.1721048078138105e-06
test_11435,0.38986167383286147
test_11436,0.6517203795647563
test_11437,0.5078840476817146
test_11438,0.00032562655271939003
test_11439,0.0002539386136592968
test_11440,0.6594037164881452
test_11441,0.0004971282752710569
test_11442,0.0010934539626670774
test_11443,0.43991984076420854
test_11444,0.018438638981241266
test_11445,0.5799113023949909
test_11446,1.9975763620569418e-07
test_11447,4.0250962060561196e-05
test_11448,2.0764875437692647e-05
test_11449,0.0014930857407874293
test_11450,2.5045389955551863e-05
test_11451,0.8495581427729587
test_11452,0.003917685618196463
test_11453,0.5435768986460924
test_11454,1.6372447666058372e-05
test_11455,1.1490833061836955e-08
test_11456,0.001930716515579537
test_11457,0.00035659660706704294
test_11458,0.4568435636756632
test_11459,0.015076947271271946
test_11460,0.07728072088413579
test_11461,0.09657106001879473
test_11462,2.7338156414966365e-06
test_11463,0.412142352381571
test_11464,0.476985141618936
test_11465,0.4241980901658725
test_11466,0.15651238832935832
test_11467,4.131181210345037e-09
test_11468,0.12475399933986725
test_11469,1.648408369476546e-07
test_11470,0.9861714633164438
test_11471,0.8570665622093229
test_11472,0.0001742078264625352
test_11473,0.6262997267679383
test_11474,5.211363324716212e-07
test_11475,0.607164987504359
test_11476,0.2763321829947959
test_11477,0.0002724618998662147
test_11478,0.0003762684789794465
test_11479,0.00020822732241975348
test_11480,0.24235821499871213
test_11481,0.7474604729746472
test_11482,0.4682495768908417
test_11483,5.927378002207532e-08
test_11484,0.23127862983417802
test_11485,9.024247211898498e-06
test_11486,0.0011369472056824855
test_11487,0.3368969217041989
test_11488,0.09728089468634403
test_11489,0.0355297762253506
test_11490,0.8550830726540578
test_11491,1.4822437692718827e-05
test_11492,3.496018759699989e-05
test_11493,0.657513565786649
test_11494,0.9060355761249568
test_11495,0.13823490783991865
test_11496,0.7597735064140644
test_11497,0.5026894669316496
test_11498,0.2832722508998152
test_11499,0.8366581493063956
test_11500,8.861066877586582e-08
test_11501,0.45036323279921486
test_11502,0.1796728348929534
test_11503,0.40715525318209433
test_11504,0.0994018253217362
test_11505,0.1580341157131599
test_11506,0.1430566284636548
test_11507,0.018106305107725547
test_11508,0.5764944180587032
test_11509,0.20735284450859592
test_11510,0.5921962996236084
test_11511,0.1501121261385014
test_11512,0.9395027154802061
test_11513,0.00011810200230098932
test_11514,0.4066088843041666
test_11515,5.311355093481647e-06
test_11516,0.2674543876327617
test_11517,0.008530488001056945
test_11518,0.3811610819107001
test_11519,4.887197802855541e-06
test_11520,1.0754929716461112e-06
test_11521,9.31624118859313e-05
test_11522,4.1912897258309816e-06
test_11523,0.00024701717789726255
test_11524,0.5272775349262904
test_11525,3.128257677562352e-05
test_11526,9.594217696867678e-05
test_11527,0.002025556496467972
test_11528,0.24619569022777338
test_11529,0.4276396036290169
test_11530,0.3214161699266086
test_11531,0.23045838545674602
test_11532,0.29054627739963734
test_11533,0.34746307828363365
test_11534,0.43829548837940663
test_11535,0.3017475604418846
test_11536,0.9982809047874698
test_11537,0.8749033537987367
test_11538,0.12290745329015783
test_11539,0.7836515885631815
test_11540,0.7768857813147579
test_11541,0.13240251470674982
test_11542,0.018603194944355122
test_11543,0.5015248795765218
test_11544,0.00028495852715068175
test_11545,9.135876277386288e-06
test_11546,5.430803903518413e-05
test_11547,8.051316240900412e-08
test_11548,0.589876055696821
test_11549,2.9159662065730124e-06
test_11550,0.018831048457963195
test_11551,0.4276047767845762
test_11552,0.5658805859160854
test_11553,0.8917218043373393
test_11554,0.5144938153414174
test_11555,0.6256084723795626
test_11556,0.5488206033625156
test_11557,0.000295674417896515
test_11558,0.0012878628639176174
test_11559,2.4939052226874023e-05
test_11560,0.2948366121976118
test_11561,3.039479717834132e-07
test_11562,6.464648248292222e-06
test_11563,0.008349913608181886
test_11564,0.000576101663132122
test_11565,0.7063373111596762
test_11566,5.8007317981533054e-08
test_11567,0.00020062398568008595
test_11568,0.8050466386287538
test_11569,0.030646626062020295
test_11570,6.756185466518689e-05
test_11571,0.0002664505056717894
test_11572,0.2820738338555673
test_11573,0.5328384666348023
test_11574,0.5414405217553987
test_11575,0.34338851074769544
test_11576,0.2659898731517643
test_11577,0.48988408158732183
test_11578,0.00012341231860641617
test_11579,0.09051122215533237
test_11580,8.031416734225153e-07
test_11581,0.5417236098733986
test_11582,0.7804985683348968
test_11583,0.1180115065989009
test_11584,0.30834717486084307
test_11585,5.119106074833665e-06
test_11586,0.9345228746749166
test_11587,0.4973760511021678
test_11588,2.2030990265341638e-05
test_11589,8.465502664835101e-08
test_11590,0.7698063715700076
test_11591,0.3816323445361472
test_11592,0.561240023774837
test_11593,0.0008053840583199992
test_11594,6.966151716572553e-08
test_11595,0.0012729256129778272
test_11596,0.4795959397814489
test_11597,0.0002296717413078526
test_11598,3.5530343648339745e-07
test_11599,0.3991790228406319
test_11600,0.0002709398138867966
test_11601,0.8177137167851575
test_11602,0.09692219626700432
test_11603,2.2417778204827078e-07
test_11604,3.5144239570271546e-07
test_11605,0.478752870960585
test_11606,0.3291547539787749
test_11607,0.5277043439339307
test_11608,0.000547194975348015
test_11609,0.8900150656057454
test_11610,0.5720055082784972
test_11611,0.5062087779106272
test_11612,0.5230238007610901
test_11613,0.8112723190824693
test_11614,0.18752742153347285
test_11615,0.1837206520059419
test_11616,0.8885747609085094
test_11617,0.8009700844731731
test_11618,0.6302820628255329
test_11619,3.444084450873149e-05
test_11620,0.2658958550805048
test_11621,0.45875124930331357
test_11622,0.48585246206929794
test_11623,0.18272389447372733
test_11624,0.20359908845982796
test_11625,0.01807879191093294
test_11626,0.0003899180846036092
test_11627,0.0013532957722403875
test_11628,0.3627105221528665
test_11629,0.40221509960192364
test_11630,0.007364925370262193
test_11631,0.6972351741649743
test_11632,0.6815666426619369
test_11633,7.902368005868453e-06
test_11634,0.5520857316502822
test_11635,0.9922019927688851
test_11636,0.8973050007176033
test_11637,1.0987392282156179e-05
test_11638,0.11793356950624505
test_11639,0.0020790652754765966
test_11640,0.0031702524537725032
test_11641,0.6282130154666548
test_11642,0.38322601942722045
test_11643,0.7520660627739728
test_11644,0.9548197696535838
test_11645,0.291914827911219
test_11646,1.111805349072226e-05
test_11647,0.5840276336649588
test_11648,0.0011511163783510944
test_11649,6.659569787600393e-05
test_11650,0.5633515614128963
test_11651,0.8693115326948004
test_11652,1.4677304081802843e-06
test_11653,0.004914114334658919
test_11654,0.48506949044446307
test_11655,0.00041797996113116843
test_11656,1.8704179443226206e-08
test_11657,0.3674561884306997
test_11658,0.00021394132117152095
test_11659,3.3766904581487175e-07
test_11660,0.043681864447450564
test_11661,0.6390463744452559
test_11662,0.7613416090331077
test_11663,0.5053518311437926
test_11664,0.24070198189106845
test_11665,0.1853306103438846
test_11666,0.0012441200340394057
test_11667,1.6576640206174959e-06
test_11668,2.636244554894885e-11
test_11669,0.5218108981328418
test_11670,6.0078352782484116e-05
test_11671,0.535264446306529
test_11672,0.21543012164467645
test_11673,0.0019327973987311937
test_11674,1.3698204337883627e-09
test_11675,1.4940630316143812e-06
test_11676,0.7508407683896309
test_11677,0.056480077583157526
test_11678,0.6193825991303196
test_11679,4.02375734854209e-06
test_11680,0.3200384871356281
test_11681,0.07609043733705338
test_11682,2.194531258407611e-05
test_11683,0.6772950313840976
test_11684,0.38868277903227494
test_11685,0.021400915638649726
test_11686,0.8697144140123932
test_11687,0.0006073426403173301
test_11688,0.01843776264375736
test_11689,0.5463245045881362
test_11690,0.013729903657895936
test_11691,0.0020774622104808536
test_11692,0.30172905427715
test_11693,0.0026470322290097045
test_11694,0.6204261855621965
test_11695,0.08884136491029512
test_11696,0.16020769325033257
test_11697,0.004066585447426554
test_11698,0.016861630157865452
test_11699,0.37252283575212386
test_11700,0.458338180268307
test_11701,0.7491523199456881
test_11702,4.06744072069252e-05
test_11703,0.7388470735164993
test_11704,0.0001409786710977004
test_11705,0.50235436599261
test_11706,7.935343553591059e-06
test_11707,2.231196539379711e-10
test_11708,0.8393198753044098
test_11709,8.878950715678577e-07
test_11710,0.7104403140585376
test_11711,0.6531078518730561
test_11712,0.05771128997346095
test_11713,0.00015480166598800363
test_11714,0.06448980546317219
test_11715,0.0013589798846895176
test_11716,1.94973584365804e-06
test_11717,0.5596121945981377
test_11718,0.0017752642916941028
test_11719,9.747410900393357e-05
test_11720,5.3951503472972845e-05
test_11721,0.0021088662603753775
test_11722,0.5564147899591108
test_11723,0.9540904468155481
test_11724,0.38314897183297
test_11725,0.07044766055473434
test_11726,0.08610333293619708
test_11727,0.8359778163754708
test_11728,0.9375728804015611
test_11729,0.8411256672815676
test_11730,0.5002874846846911
test_11731,0.20710785406601348
test_11732,5.696652647014481e-05
test_11733,0.651256760204692
test_11734,0.006692319364627661
test_11735,0.10830111886246009
test_11736,0.4305951240080679
test_11737,0.4902510933267552
test_11738,0.810444776943532
test_11739,0.6752706846131182
test_11740,0.00022273942145026576
test_11741,0.6891989755382866
test_11742,0.4699090597058655
test_11743,0.8992183381084682
test_11744,0.015434707263619458
test_11745,0.002339754744171329
test_11746,0.0005633283289679834
test_11747,3.5388403528380126e-07
test_11748,1.43168565212208e-06
test_11749,0.012265955021407305
test_11750,0.5356461791573377
test_11751,7.392562851031459e-10
test_11752,0.7165664751215938
test_11753,0.6782572748896721
test_11754,0.24123155450955797
test_11755,0.23296957145099775
test_11756,0.0078571761198783
test_11757,1.90660491665368e-06
test_11758,1.744328690302994e-06
test_11759,0.723141955473482
test_11760,0.5629003924452617
test_11761,0.8870086687668738
test_11762,0.8007659408049468
test_11763,2.392008059434866e-06
test_11764,9.448096937720109e-06
test_11765,0.003572415289115408
test_11766,5.3704207760926674e-08
test_11767,0.001464118633524564
test_11768,4.722763845054396e-07
test_11769,0.8645607223592845
test_11770,0.001783623032631537
test_11771,3.3863807917065454e-05
test_11772,0.49550520778971263
test_11773,0.6258942906829131
test_11774,2.3824267485025754e-06
test_11775,0.6040059208865571
test_11776,0.0013499026853532176
test_11777,0.5387668499682834
test_11778,0.742434549094209
test_11779,0.9835140011963136
test_11780,0.00024526291702884327
test_11781,0.1723278388838967
test_11782,0.0002801044479556983
test_11783,1.3460882764487253e-08
test_11784,0.00023824519620470227
test_11785,0.02338601687088851
test_11786,0.5826457850831721
test_11787,0.3599817575686563
test_11788,0.29463738150646707
test_11789,0.6639915571637204
test_11790,9.62055146031906e-08
test_11791,0.9464989433744466
test_11792,0.022883854169136214
test_11793,0.5941048854793518
test_11794,0.40786530148142147
test_11795,1.4343503426177546e-07
test_11796,0.044721079369729674
test_11797,0.03122191742494825
test_11798,0.76547453437035
test_11799,0.9915305240818455
test_11800,5.823581794485617e-07
test_11801,0.001604887514499108
test_11802,0.3738289627060494
test_11803,3.586270557149624e-05
test_11804,0.3410188868522213
test_11805,0.0007788678622168284
test_11806,0.028641134152960036
test_11807,0.000757169933878128
test_11808,0.00033004936823050594
test_11809,0.00016528474795271387
test_11810,0.5312548448320341
test_11811,0.4978204244330149
test_11812,0.5833418971316575
test_11813,0.10720400676127556
test_11814,0.0008628896637087984
test_11815,0.00032207995534012284
test_11816,2.1436679549752247e-05
test_11817,0.10915416861107813
test_11818,0.15558332922905085
test_11819,0.6300772119423332
test_11820,0.4595126142919875
test_11821,0.7524064765784968
test_11822,0.8890488641569587
test_11823,0.7963747181216662
test_11824,0.00015642478879228762
test_11825,0.5134432361153396
test_11826,0.9644413608779272
test_11827,0.03752254148933411
test_11828,0.8179042873977791
test_11829,1.3607215334142702e-05
test_11830,0.4915462439669582
test_11831,0.220582204910211
test_11832,0.0005267482734355507
test_11833,0.2442385487119051
test_11834,0.3303178804313755
test_11835,0.13947340146975262
test_11836,0.515684829386937
test_11837,0.5761918405989267
test_11838,0.00010366091884040809
test_11839,0.0008477757276084742
test_11840,0.00014992250022317308
test_11841,0.0255803847134684
test_11842,0.6686986823285672
test_11843,0.2023397083873258
test_11844,0.025255148329059663
test_11845,0.3323896671750724
test_11846,0.4344840530215144
test_11847,0.001998015339439547
test_11848,0.0001703758047813076
test_11849,1.2406827755426554e-05
test_11850,0.5033907592896572
test_11851,4.359977668228359e-08
test_11852,0.08548747715920697
test_11853,0.833730799485641
test_11854,0.15685122624015752
test_11855,0.675619343699418
test_11856,0.2977494907533619
test_11857,0.0012779241853743371
test_11858,0.884440311039723
test_11859,0.9675686663027189
test_11860,0.0004952419195728682
test_11861,0.4414834907838509
test_11862,0.42720774815444384
test_11863,0.022722536127047582
test_11864,3.130257705548697e-08
test_11865,0.5602507505483705
test_11866,0.19802057550218
test_11867,0.04007289890102306
test_11868,0.0005461711069153855
test_11869,0.011287692381379498
test_11870,0.7333432777341161
test_11871,0.2828647336885095
test_11872,0.004706308764947949
test_11873,0.8402633836893156
test_11874,0.30784445854558545
test_11875,8.11666341732095e-10
test_11876,0.0499491587749778
test_11877,0.7882243628860567
test_11878,0.7643618828592018
test_11879,0.5815514480972412
test_11880,2.6084269755110993e-05
test_11881,0.002422557501310166
test_11882,0.3958626289026945
test_11883,0.00014196072827319937
test_11884,2.412043253918897e-05
test_11885,0.3958317647027013
test_11886,0.25029412098588705
test_11887,0.13312847169873013
test_11888,0.26877207727535946
test_11889,0.159782226651705
test_11890,2.600849311295664e-07
test_11891,0.18506914245566883
test_11892,0.35614745433551315
test_11893,0.6550357556492735
test_11894,5.445100957800183e-05
test_11895,0.12695974971822915
test_11896,0.7129369779049524
test_11897,0.1100600462655919
test_11898,0.38927711609725896
test_11899,0.46097650450957517
test_11900,1.4073437145655482e-05
test_11901,0.4451542579264625
test_11902,5.550869726961179e-07
test_11903,0.6757146164214929
test_11904,0.00012725153402602096
test_11905,0.006720071701009576
test_11906,1.7819833462266037e-08
test_11907,0.3865376598059192
test_11908,0.10954214762550361
test_11909,0.018693503662622596
test_11910,0.41924228916207806
test_11911,0.05626509421208493
test_11912,0.47524684618299934
test_11913,0.00027331481100461945
test_11914,0.0005223542397580174
test_11915,0.06141717805787045
test_11916,3.5275023494093287e-06
test_11917,0.052867380573013906
test_11918,5.594746914768166e-06
test_11919,0.06545205442930746
test_11920,0.5988494298235653
test_11921,0.10793006181814223
test_11922,9.238424392679149e-10
test_11923,0.6327141527806193
test_11924,0.9211230492434285
test_11925,0.5118392049936243
test_11926,0.24992359762355265
test_11927,0.8805228766148698
test_11928,0.4717057204961557
test_11929,0.31844749628106617
test_11930,0.9442432985376806
test_11931,0.07261451518992613
test_11932,0.08036055012356316
test_11933,0.6386826627621756
test_11934,0.002916510839802834
test_11935,2.5040723820810787e-06
test_11936,0.00027239901485786433
test_11937,1.3517026153636114e-08
test_11938,0.0011848411412884248
test_11939,0.6060638436518477
test_11940,0.0001252416165720752
test_11941,0.830953681815177
test_11942,4.729530282895891e-06
test_11943,1.3553371243271625e-05
test_11944,0.37412117136218437
test_11945,0.0035363186410469634
test_11946,0.5189952673634112
test_11947,3.591595606066114e-06
test_11948,0.5062666602612599
test_11949,0.3991540559023783
test_11950,0.5867666102739544
test_11951,0.4073959114635127
test_11952,0.4640266697587503
test_11953,0.42109172407619666
test_11954,0.24145625803506446
test_11955,0.9596522374982784
test_11956,0.49688160516331203
test_11957,0.7024588327094233
test_11958,0.5113250147164202
test_11959,0.23203677543888832
test_11960,0.5134920280161681
test_11961,0.358966433377218
test_11962,0.3195282003506516
test_11963,1.930807712709648e-08
test_11964,0.7421751377973704
test_11965,0.48257680113437645
test_11966,0.4730502445863848
test_11967,0.8590998276431291
test_11968,0.48832257342665913
test_11969,0.6400930758913728
test_11970,0.0068159779848787905
test_11971,0.6268938269334795
test_11972,0.22337175915528848
test_11973,6.172575493460039e-07
test_11974,0.001602022458773835
test_11975,0.0011465846388355953
test_11976,0.830197627550424
test_11977,3.1714556455142504e-05
test_11978,0.0010719628839611214
test_11979,0.2048217691652417
test_11980,0.17056534137336293
test_11981,0.6234682271616111
test_11982,0.9840190134592651
test_11983,0.4594981011411969
test_11984,2.1819761277757283e-05
test_11985,0.3781070869574402
test_11986,0.05766595889188803
test_11987,0.003109874370033463
test_11988,0.637534620526977
test_11989,0.00013255853149660068
test_11990,0.5948572614067528
test_11991,0.319483083120891
test_11992,0.48947523543113536
test_11993,1.3638425941698362e-05
test_11994,0.6303331234726751
test_11995,0.0834028968850705
test_11996,0.7026874377228886
test_11997,0.7552650746812171
test_11998,9.427659929125365e-06
test_11999,0.0006515383655182759
test_12000,0.9353087174352354
test_12001,0.11590028427660644
test_12002,0.4576974143426942
test_12003,0.7978518942205991
test_12004,0.014407569368596137
test_12005,0.2514921215801282
test_12006,0.5919842591020495
test_12007,0.9520605393460088
test_12008,0.473904953900642
test_12009,3.4671303203362144e-05
test_12010,0.00489045973823337
test_12011,0.26477903043873796
test_12012,0.6887259133040771
test_12013,8.37543110419642e-06
test_12014,0.851705777563006
test_12015,1.3857510655603517e-07
test_12016,0.25920003128820246
test_12017,0.000562646196541015
test_12018,0.5156561712119689
test_12019,0.0004130679775755731
test_12020,0.6557309207391244
test_12021,0.9107384030788002
test_12022,0.0204505755398601
test_12023,0.741860761775274
test_12024,0.03194881874934876
test_12025,0.023858275408133355
test_12026,0.456401269956388
test_12027,0.3620004907311358
test_12028,0.39310550569395436
test_12029,0.5311850012174744
test_12030,0.0007481849325825314
test_12031,0.9606944156280891
test_12032,0.494667789928909
test_12033,0.812863756563656
test_12034,0.5903156230828779
test_12035,0.007961081294828858
test_12036,0.024849071078178388
test_12037,0.0007085806762758716
test_12038,0.6109904968043381
test_12039,0.18700196773358632
test_12040,1.0456386698399515e-06
test_12041,0.6313020161290464
test_12042,0.0002445411649357346
test_12043,0.04719644057560695
test_12044,0.0027531962476162433
test_12045,1.550720639605273e-05
test_12046,0.0011962504801754246
test_12047,0.4954883125244505
test_12048,0.000213624520517894
test_12049,3.143904672170063e-12
test_12050,0.044008299588470384
test_12051,0.5268768655933007
test_12052,0.3428524597855259
test_12053,0.6855305767494847
test_12054,0.38570804103861916
test_12055,2.8919140702559287e-07
test_12056,0.00012507587132281895
test_12057,0.30272960946391236
test_12058,0.000976153053189697
test_12059,0.6475330166479532
test_12060,0.8476476385417413
test_12061,0.6143657991528434
test_12062,0.05640658888746587
test_12063,0.7649181361505516
test_12064,0.5681301230605597
test_12065,0.19892111808782428
test_12066,0.31956581216842705
test_12067,0.24109531573327056
test_12068,0.13238821089056316
test_12069,0.1992088699428986
test_12070,0.0558940750060901
test_12071,0.3536360227557282
test_12072,0.9307497676021701
test_12073,0.17096815436134938
test_12074,6.487573044392614e-07
test_12075,0.7361860333464056
test_12076,0.004041230829814701
test_12077,0.017111211772776636
test_12078,0.9631723318171331
test_12079,0.4656251144299884
test_12080,0.61411142431598
test_12081,0.5526578645259302
test_12082,0.07282113169873822
test_12083,3.0244092925126537e-07
test_12084,0.8942014681097066
test_12085,1.3449518911584894e-05
test_12086,0.8983045442912908
test_12087,0.5754184903490231
test_12088,1.6748633879111797e-05
test_12089,0.0003318179336451956
test_12090,0.4973658813466971
test_12091,0.0001346527770690895
test_12092,0.5737710127875836
test_12093,2.6233242829289908e-08
test_12094,0.441435652987123
test_12095,0.0011767654504411802
test_12096,0.04921410784265718
test_12097,0.2579063806414259
test_12098,0.41823841578543713
test_12099,0.11921250144380117
test_12100,0.38089827303181495
test_12101,0.8172792637228382
test_12102,0.0005954039902885041
test_12103,0.49453776989873716
test_12104,0.13339183058606593
test_12105,0.00032584231579026624
test_12106,0.8090587315395019
test_12107,0.4051866327917824
test_12108,0.29875457316537013
test_12109,1.2272700136083458e-05
test_12110,9.887110713431764e-09
test_12111,0.7414654267703146
test_12112,8.269683051242453e-05
test_12113,0.7931890383339144
test_12114,0.0005228239895217669
test_12115,0.5668177304578497
test_12116,0.16483151667245052
test_12117,0.4688529505622966
test_12118,4.753628806793816e-09
test_12119,0.672757657027658
test_12120,0.5882686210271307
test_12121,0.0007228709695088899
test_12122,0.13466571470235808
test_12123,0.8126144713450663
test_12124,9.101840926973042e-08
test_12125,2.024891982132079e-06
test_12126,0.6982753737502996
test_12127,5.023018438208149e-08
test_12128,0.0006102477624606567
test_12129,0.0003559421205605129
test_12130,0.7385412201021108
test_12131,0.0002119711560670464
test_12132,8.85245085781643e-06
test_12133,5.3430380780669115e-09
test_12134,0.872119188384126
test_12135,0.21618503215776294
test_12136,0.00018030708354677263
test_12137,0.009017786313941319
test_12138,0.18830606926994706
test_12139,0.344823437370834
test_12140,0.014153682639605768
test_12141,4.110731846114317e-08
test_12142,0.4788553266285138
test_12143,0.007466964694842835
test_12144,0.36832750666776215
test_12145,0.15200515257278766
test_12146,6.0705374966531995e-05
test_12147,0.4938040969113853
test_12148,0.55105987372724
test_12149,0.6526274683957896
test_12150,8.748915303929439e-07
test_12151,0.0022164237122110444
test_12152,0.5914242730354611
test_12153,3.509596328152078e-06
test_12154,0.5902112652078265
test_12155,0.3772011304460371
test_12156,6.174887724241975e-08
test_12157,0.15173096116828064
test_12158,0.5374760567753841
test_12159,0.14394405027727575
test_12160,0.09228679855902609
test_12161,0.009671403805568976
test_12162,0.22650508176230696
test_12163,0.00018298496693884244
test_12164,3.699625921879439e-05
test_12165,0.2752698452530008
test_12166,4.718087446439603e-09
test_12167,1.1565414884559226e-08
test_12168,0.22823767497589237
test_12169,0.459047564285049
test_12170,0.0002948328275375564
test_12171,0.33239094491039634
test_12172,6.822808732530538e-05
test_12173,1.0136955544172983e-05
test_12174,0.19792434047906707
test_12175,0.00044112602758745735
test_12176,0.4117271520442137
test_12177,0.5233780051763985
test_12178,0.6126839274288126
test_12179,0.4105888377411524
test_12180,0.38477927454191047
test_12181,0.00011810913491995341
test_12182,0.14396897856711546
test_12183,0.3354047918493501
test_12184,0.3468329041981092
test_12185,0.9162981574987211
test_12186,0.41212646088225197
test_12187,0.00022126812229305865
test_12188,0.16942258409412123
test_12189,0.5226514277109339
test_12190,3.760913950850518e-09
test_12191,0.0005684346126018975
test_12192,2.1749452759268095e-08
test_12193,0.2946133355329415
test_12194,0.013594144958420333
test_12195,0.4714934579686989
test_12196,7.173640871463003e-07
test_12197,0.7262113000153194
test_12198,0.06605658765436387
test_12199,0.4890716670373822
test_12200,0.00099453698341985
test_12201,0.0001456526251936619
test_12202,9.917954981840686e-05
test_12203,0.00012188127927115506
test_12204,0.5151040617798838
test_12205,0.6390258637916151
test_12206,0.2416065701153923
test_12207,5.030353170105478e-06
test_12208,0.9407045867905376
test_12209,0.4870333796236214
test_12210,0.3040819837562896
test_12211,0.8620938820347565
test_12212,0.03279130489070638
test_12213,0.39819077279904264
test_12214,0.8107447250584362
test_12215,0.0002980740895910037
test_12216,0.305513320743648
test_12217,0.43233919849115615
test_12218,0.466949945378795
test_12219,2.1612931305847458e-08
test_12220,3.852571530546294e-05
test_12221,0.13513059324129545
test_12222,2.6603936999457068e-05
test_12223,5.7619148054222346e-08
test_12224,0.27757305501941393
test_12225,0.41594282462339
test_12226,0.4938757700555878
test_12227,0.07580144201309195
test_12228,0.5428335096413051
test_12229,0.1695291788257601
test_12230,0.23881488278861224
test_12231,3.58306774912367e-06
test_12232,0.23804867066601226
test_12233,0.03560699979409716
test_12234,0.5465861929181164
test_12235,0.30403757928824526
test_12236,0.5093891171750679
test_12237,0.03851377230579754
test_12238,0.32661666144668267
test_12239,0.6121892021540633
test_12240,3.591475805841082e-07
test_12241,0.40035942095451765
test_12242,0.001136706144736887
test_12243,0.5884177623263287
test_12244,0.8244635165831343
test_12245,0.4063830750213194
test_12246,4.5901950334407244e-05
test_12247,9.739717008865777e-07
test_12248,6.8669091316336396e-06
test_12249,3.743276994531957e-05
test_12250,0.5160523441651733
test_12251,1.7509488381160094e-06
test_12252,0.00020283121446715803
test_12253,0.25753037959258923
test_12254,5.674312561696446e-06
test_12255,3.620758128969707e-07
test_12256,0.000597226692100746
test_12257,0.0011440743867704801
test_12258,1.8044426938247494e-06
test_12259,0.6098182549027252
test_12260,0.5575980436322043
test_12261,0.0003432251847464165
test_12262,0.4956719571267373
test_12263,0.47169421265746436
test_12264,0.6013239000712903
test_12265,1.927450905168833e-05
test_12266,0.2098329085786975
test_12267,0.00445941834773727
test_12268,0.20198398501917614
test_12269,0.019495229476801438
test_12270,0.41197934008020914
test_12271,0.049084238762584755
test_12272,0.7903004917509507
test_12273,0.7166969877091655
test_12274,2.533431881187082e-05
test_12275,0.35290073419136586
test_12276,0.9406744111831224
test_12277,0.41400408856735166
test_12278,0.03742858558396614
test_12279,3.062003237490761e-05
test_12280,0.31604951378495094
test_12281,0.3354852347138913
test_12282,0.5670537610172182
test_12283,0.010454713716591726
test_12284,4.657522206120212e-06
test_12285,0.8553816641116727
test_12286,0.4827179204005658
test_12287,0.0002935801657271746
test_12288,2.215838940406965e-05
test_12289,0.2813310228105006
test_12290,0.02864224377231946
test_12291,0.44839361833202235
test_12292,0.0017245410050286262
test_12293,0.00026167023031442463
test_12294,0.641095888927013
test_12295,8.95412975986505e-05
test_12296,0.000991206857413981
test_12297,0.0001380636749137209
test_12298,0.4387946101490588
test_12299,0.022353489723001642
test_12300,0.03658944476321244
test_12301,0.0003525637744595696
test_12302,0.4494530630587671
test_12303,8.140014171661777e-05
test_12304,0.005078391845296211
test_12305,1.5285065056702608e-11
test_12306,9.662015838891117e-06
test_12307,0.45358642612415273
test_12308,0.4229551782572481
test_12309,0.014955754331636635
test_12310,2.5523346296330185e-06
test_12311,3.530085262616319e-09
test_12312,0.9799730730460379
test_12313,0.3219233723969886
test_12314,6.423325008808562e-06
test_12315,0.27134865134565206
test_12316,0.22319919324528717
test_12317,0.239952108222261
test_12318,0.0030630111313342413
test_12319,3.035770460658075e-08
test_12320,0.8149364306762388
test_12321,0.5891611071499283
test_12322,0.7884336951239389
test_12323,5.037750443212707e-06
test_12324,0.00010606314754507458
test_12325,4.9560859555121964e-06
test_12326,0.9626209634612186
test_12327,0.7009865507387408
test_12328,0.018312293581745288
test_12329,0.738038097519498
test_12330,0.00017555783324229015
test_12331,0.03347883073748277
test_12332,0.623707245397271
test_12333,0.5656420341840225
test_12334,1.3896365100342389e-06
test_12335,0.6825586632283998
test_12336,0.3847826548419741
test_12337,0.8427691655995802
test_12338,0.37776550633647327
test_12339,0.5274198467719178
test_12340,0.23550798851605073
test_12341,0.4833602738577482
test_12342,3.537924786764222e-08
test_12343,0.4240762225067251
test_12344,0.8215382590800296
test_12345,2.8801631652267266e-05
test_12346,5.771525447784797e-05
test_12347,0.00021830865952324747
test_12348,0.5470345274010635
test_12349,6.89490503249558e-05
test_12350,0.0511108091894553
test_12351,0.8178044042871359
test_12352,0.0009066850754683719
test_12353,0.5373556094778829
test_12354,1.8980679798549778e-06
test_12355,0.038312982154248276
test_12356,0.006448666141537377
test_12357,0.00016014730996632086
test_12358,0.4118299200955461
test_12359,0.6985441742714282
test_12360,0.23606762322881863
test_12361,0.013504634107258355
test_12362,0.34247702694039195
test_12363,0.43320573503815824
test_12364,0.016635779060286193
test_12365,0.5032383587908522
test_12366,1.472052524500008e-06
test_12367,0.0001909774209188013
test_12368,0.7688636513933136
test_12369,0.0007500785331143434
test_12370,0.5710146688591204
test_12371,0.002052774461160881
test_12372,0.003621655955597886
test_12373,0.7986304391701949
test_12374,0.0008161262173339816
test_12375,1.076925207662155e-06
test_12376,0.2780981080941836
test_12377,0.0027285762917197164
test_12378,0.148276181909921
test_12379,0.919301278595807
test_12380,0.469811948346786
test_12381,0.005922340309752886
test_12382,0.8818578906410349
test_12383,0.07916784062053212
test_12384,0.7526734764758999
test_12385,0.8582799500700279
test_12386,0.24969205339940714
test_12387,0.9554800926956923
test_12388,0.6271980276598467
test_12389,0.019781833653769627
test_12390,1.535731195730389e-05
test_12391,0.36968774155093187
test_12392,2.494632735757261e-06
test_12393,0.5128984105193962
test_12394,0.39584058867468475
test_12395,6.104073767755025e-05
test_12396,2.9053928955775764e-06
test_12397,9.373955057076488e-08
test_12398,0.45850365690371986
test_12399,5.074534752364002e-07
test_12400,0.4309251146101442
test_12401,0.0007687787945851144
test_12402,0.10734257635561227
test_12403,0.667349782888671
test_12404,0.47442539923035676
test_12405,0.00934792402194208
test_12406,0.5265858011561326
test_12407,0.007120249871191116
test_12408,4.777943218151277e-07
test_12409,0.5478579411152635
test_12410,0.021887449669715616
test_12411,0.0013429027131494984
test_12412,0.0001841814784373318
test_12413,0.00014716490737439342
test_12414,1.8402502172734503e-07
test_12415,0.6848372291244533
test_12416,0.002383989079659185
test_12417,1.8042453577844122e-05
test_12418,0.9813487670330241
test_12419,1.5535535910963948e-05
test_12420,0.9639008235078416
test_12421,0.011369481683362855
test_12422,0.6721722365865377
test_12423,0.4572057035614381
test_12424,0.0018774750019079714
test_12425,0.3813148645270513
test_12426,0.8418570708031617
test_12427,0.5020500353510599
test_12428,0.584235171278524
test_12429,5.986761445346625e-05
test_12430,0.23902278471351476
test_12431,0.8666133616638065
test_12432,0.7126962993250473
test_12433,0.0028746929819910643
test_12434,0.8444579747511638
test_12435,0.23775338010191716
test_12436,0.13601514534658046
test_12437,0.22115175595316552
test_12438,0.43928361402462135
test_12439,0.3043306894291649
test_12440,0.6991729565763012
test_12441,0.8382794362538872
test_12442,0.180473090680056
test_12443,1.5234360108279356e-05
test_12444,0.4210808007507693
test_12445,0.036843088701289536
test_12446,0.5613788221579167
test_12447,0.00039200453382719555
test_12448,1.641584401084911e-05
test_12449,0.4814521103704366
test_12450,0.48731911530777494
test_12451,0.27976360525625743
test_12452,0.4148886663672065
test_12453,0.6139828120235963
test_12454,0.47683703901085345
test_12455,0.0050787897435887385
test_12456,0.6766209322172745
test_12457,5.650697370199238e-09
test_12458,5.3248925932690475e-05
test_12459,0.41798553795679694
test_12460,0.5753313652711114
test_12461,0.012117611388847897
test_12462,0.32174708735565444
test_12463,0.2509088361982574
test_12464,0.18361456503137671
test_12465,0.31293805409731906
test_12466,0.00041572989712975594
test_12467,0.5068542409979452
test_12468,0.2016232881856283
test_12469,7.3360859755324614e-06
test_12470,0.9708510632096019
test_12471,0.06042096701009836
test_12472,0.0004433284624519164
test_12473,0.5677419376426975
test_12474,2.6757855754671334e-08
test_12475,6.511126594873465e-05
test_12476,0.4834422763670774
test_12477,4.321475759558377e-07
test_12478,0.00138710093697608
test_12479,0.0030380704417574973
test_12480,0.014287503362538959
test_12481,0.0013783460237263507
test_12482,0.011782695214239955
test_12483,4.037824270427375e-05
test_12484,8.296628393055655e-11
test_12485,2.1679182850301066e-07
test_12486,3.0976537452980784e-05
test_12487,0.055639641303702275
test_12488,0.051877875656613046
test_12489,0.002523310309506898
test_12490,0.00017061069830482672
test_12491,2.1247868520818417e-05
test_12492,0.6395924707958951
test_12493,0.09809603087230186
test_12494,0.8662888530615978
test_12495,8.897819094216029e-05
test_12496,0.31633944832914257
test_12497,0.9383808965076941
test_12498,0.12405003050055859
test_12499,0.00023016358412755123
test_12500,7.640785945122666e-08
test_12501,4.118341555487491e-06
test_12502,0.6201693484806025
test_12503,0.7741931997220437
test_12504,0.9855432222269707
test_12505,0.5011128406844013
test_12506,0.9001942066352547
test_12507,0.01741004093635087
test_12508,4.424097231394949e-05
test_12509,0.46093676402383094
test_12510,5.807463596854431e-10
test_12511,0.5844306694394661
test_12512,0.7151904282741961
test_12513,1.8173177123697416e-05
test_12514,0.1678887016044477
test_12515,0.15446719469611234
test_12516,0.40497448099943056
test_12517,5.0398461307547596e-06
test_12518,4.32702933324633e-11
test_12519,3.226288265305927e-06
test_12520,0.4113909681055295
test_12521,0.6912415262967914
test_12522,0.7441716910134163
test_12523,0.2972959126713662
test_12524,3.619239611819772e-07
test_12525,0.25621739783885006
test_12526,0.5066665099290708
test_12527,6.57263118850362e-08
test_12528,0.2475076405738207
test_12529,0.7434920107955568
test_12530,7.061658728724476e-05
test_12531,0.2486091863308048
test_12532,0.5282716229554199
test_12533,7.482512941855276e-09
test_12534,0.01433797510470851
test_12535,6.4614874813518555e-06
test_12536,0.031585919433616425
test_12537,1.7762070194795965e-07
test_12538,0.00047616432694694917
test_12539,0.00013330637973380706
test_12540,0.5091215983398211
test_12541,0.34130896549205797
test_12542,0.0006644446127170781
test_12543,0.46247866017857714
test_12544,0.365021176533835
test_12545,0.0017538024516408383
test_12546,0.20765252236288845
test_12547,0.6029866601494749
test_12548,0.30891413642064175
test_12549,5.2131760018601526e-05
test_12550,0.7348752434145244
test_12551,0.32385477349274217
test_12552,0.4885723346208164
test_12553,0.05247869403761051
test_12554,0.4151876426319465
test_12555,5.701498081459698e-07
test_12556,0.00698885624687418
test_12557,0.6623824336090609
test_12558,0.6585105453775109
test_12559,2.484746867454243e-07
test_12560,0.36843637639732896
test_12561,1.1299892061977971e-05
test_12562,0.32829674422947097
test_12563,8.314762125872015e-07
test_12564,0.6990960120468562
test_12565,0.015517080333013186
test_12566,0.17152393144278763
test_12567,3.2635951669131454e-08
test_12568,0.07001758905041448
test_12569,7.520407644383292e-05
test_12570,2.179425984075007e-09
test_12571,0.028737286665959115
test_12572,0.452675650858317
test_12573,0.3897310442791605
test_12574,2.7516650214240596e-05
test_12575,0.257119423623749
test_12576,0.7116076038637046
test_12577,0.6731736158728611
test_12578,0.6159432297263133
test_12579,1.475058088795549e-05
test_12580,0.03379521467258553
test_12581,1.9745664007669776e-05
test_12582,0.00016922044993481584
test_12583,0.00799995007562793
test_12584,0.0033862084667205298
test_12585,0.0004726255045749326
test_12586,0.8307458238489897
test_12587,0.525290294505002
test_12588,0.14240563833001518
test_12589,0.00010788244513335529
test_12590,7.035647839758502e-05
test_12591,0.6913614260694447
test_12592,0.47719970863828803
test_12593,0.4239417783822098
test_12594,0.5688691881216211
test_12595,0.19193639743075358
test_12596,0.016556314079004476
test_12597,0.00026617123190431866
test_12598,0.5303916442106831
test_12599,0.3336035826331595
test_12600,6.969215708366587e-05
test_12601,0.489689530436224
test_12602,1.507108862119168e-06
test_12603,0.0015030734312531306
test_12604,1.809982653883479e-05
test_12605,0.023113491258180702
test_12606,0.5730737045424704
test_12607,0.00014083246809565362
test_12608,0.142537933987783
test_12609,0.4987611843583635
test_12610,0.2996902041077761
test_12611,0.583096363910604
test_12612,0.5520259951809566
test_12613,0.2684609490551886
test_12614,0.6987626772687288
test_12615,0.6003561172198748
test_12616,0.19491776101755065
test_12617,0.0013575539476650027
test_12618,4.480323977568023e-06
test_12619,0.09402886066963786
test_12620,0.3451769117153964
test_12621,0.7221882895801464
test_12622,1.738561266004787e-10
test_12623,0.005158517341576656
test_12624,0.16521577940805693
test_12625,0.2043024915322209
test_12626,0.09313645914807099
test_12627,0.00015068537503434113
test_12628,0.6991873058736594
test_12629,0.8495884260450299
test_12630,0.03656264724381109
test_12631,0.9870564900611648
test_12632,2.964979928143503e-07
test_12633,0.5053855568147194
test_12634,0.22801062858861115
test_12635,8.826875001669979e-05
test_12636,0.6207321823652237
test_12637,0.0028666158085275894
test_12638,0.20108918747913954
test_12639,0.5964721226211825
test_12640,0.38178425578136516
test_12641,0.2212595503840034
test_12642,0.7846881587449724
test_12643,0.7413421515460591
test_12644,0.06987372321743693
test_12645,0.0001214043958180557
test_12646,0.5926833554574574
test_12647,0.5725108445951856
test_12648,0.6049388201175394
test_12649,0.059608227161433075
test_12650,0.5164174927436479
test_12651,0.3659010143430671
test_12652,0.09821055145155047
test_12653,0.22301494248728357
test_12654,0.4330386828819382
test_12655,0.9514183936382428
test_12656,1.0783927382297884e-05
test_12657,0.2310087469543739
test_12658,0.00037014107545355545
test_12659,0.30499126533099363
test_12660,3.3945382995042404e-06
test_12661,0.6122404065687661
test_12662,0.8031206674027385
test_12663,0.4905501270776732
test_12664,0.12162125652087748
test_12665,0.7273219912746515
test_12666,0.50901016875628
test_12667,9.783575765076517e-06
test_12668,0.16379789336968545
test_12669,0.18490380055004832
test_12670,0.001650028638930867
test_12671,0.0005296546011849028
test_12672,0.13275024086943735
test_12673,0.41260934615998535
test_12674,0.519680319296555
test_12675,4.363695089975601e-06
test_12676,0.0011210580137015575
test_12677,0.44336719044337186
test_12678,0.46570054250136395
test_12679,0.3927075530410948
test_12680,0.8017562378279568
test_12681,0.00021166644032159538
test_12682,0.0026627191211889326
test_12683,0.5826357147030625
test_12684,0.4874611366464854
test_12685,0.006432475600831117
test_12686,0.8021280009051078
test_12687,0.11380378478881324
test_12688,0.00011044166065817912
test_12689,0.48599800037258384
test_12690,1.4449650807178237e-06
test_12691,0.5197355881210347
test_12692,0.70747508006227
test_12693,0.1810150759550911
test_12694,0.48616032525156405
test_12695,0.11707815385607513
test_12696,0.002887005918536067
test_12697,0.03840781535012349
test_12698,0.3848885677446103
test_12699,0.5293928613717237
test_12700,0.3023396879330347
test_12701,2.0817445489065573e-07
test_12702,0.2339952141226792
test_12703,0.06415745160108334
test_12704,0.00033658307696995596
test_12705,8.283089209877474e-05
test_12706,0.012443687890555161
test_12707,0.5023560851844244
test_12708,0.49753344466547894
test_12709,0.7533810599850049
test_12710,0.7520955980497966
test_12711,0.3006872312353205
test_12712,0.0011709212191572665
test_12713,0.06773512347982615
test_12714,0.12096851961287204
test_12715,0.4736709562336269
test_12716,6.959724506147886e-08
test_12717,0.18303741538378357
test_12718,0.3083334309522091
test_12719,0.09526175843645064
test_12720,0.764343125873225
test_12721,0.36604644660359337
test_12722,0.747374008530917
test_12723,2.0952269358319852e-06
test_12724,0.4173940243063248
test_12725,0.5699541057236168
test_12726,0.31226787907832115
test_12727,0.42339905176057846
test_12728,0.00037840432404689044
test_12729,9.670919828828776e-08
test_12730,0.0009880327529935458
test_12731,0.5745246554632376
test_12732,0.5057957981830529
test_12733,0.006706749462175281
test_12734,0.1964753103369341
test_12735,0.5981313304833076
test_12736,0.0001265654141181768
test_12737,0.9035520309603565
test_12738,0.685785262013763
test_12739,9.626442439115154e-08
test_12740,0.3691238365379337
test_12741,0.00018945025171537781
test_12742,0.26373028335924337
test_12743,0.7047346575141785
test_12744,3.057561463486354e-07
test_12745,0.2972281351788589
test_12746,0.000968181900153406
test_12747,0.8805018923539407
test_12748,0.3526506830477024
test_12749,0.5667279029178953
test_12750,5.438756589506262e-07
test_12751,0.2629170170065501
test_12752,8.707062757797869e-07
test_12753,4.977781583788741e-05
test_12754,0.23418670073098144
test_12755,0.6642081601230709
test_12756,0.9598616646511745
test_12757,0.473451748347923
test_12758,0.0033536049928868613
test_12759,4.0297479931998957e-07
test_12760,0.6654976798076034
test_12761,0.6913566431828373
test_12762,2.763020104751928e-08
test_12763,0.011907023754851778
test_12764,2.8949267812821687e-05
test_12765,0.11864529134529164
test_12766,1.5227005547090406e-06
test_12767,0.28185752703700834
test_12768,0.2543585510719456
test_12769,8.240629653093075e-06
test_12770,6.373384909294911e-06
test_12771,0.31620930694867333
test_12772,0.001367739439211295
test_12773,0.9890215373662752
test_12774,5.613545266193448e-09
test_12775,0.9036561573059672
test_12776,0.002662570909973313
test_12777,0.00043157874075614285
test_12778,0.010456714687535914
test_12779,0.4691254876612673
test_12780,0.006869514231998576
test_12781,2.182293938598818e-06
test_12782,1.8622636532035937e-07
test_12783,3.723665639969209e-07
test_12784,0.3923653022746871
test_12785,1.1601155166748556e-05
test_12786,0.10388353498258161
test_12787,0.7382988279221124
test_12788,0.5018771075767989
test_12789,0.0002157259955929599
test_12790,0.002139037463113791
test_12791,0.0017317495557107746
test_12792,0.03571554765707213
test_12793,0.7783639391024324
test_12794,0.18164819014155797
test_12795,0.642473709816555
test_12796,0.3720494067888843
test_12797,0.0032002428698731716
test_12798,0.0040917796491596915
test_12799,1.76776166777096e-05
test_12800,0.5585414188800278
test_12801,1.7032345662562286e-05
test_12802,0.003424074633685295
test_12803,0.8585608744574504
test_12804,0.6441107209194615
test_12805,0.3539801091570804
test_12806,0.37442407480948153
test_12807,0.6553947945200715
test_12808,0.22898195932193158
test_12809,0.9517807950525148
test_12810,0.2663770670643941
test_12811,0.446672930845233
test_12812,0.9535573334490355
test_12813,0.49766701092286936
test_12814,0.40922245272733876
test_12815,0.7358458446472164
test_12816,5.746261456569076e-05
test_12817,4.327188757705842e-10
test_12818,0.7758738483686425
test_12819,0.15621324777724838
test_12820,0.00016974281251384038
test_12821,1.776429803593125e-05
test_12822,0.36220318712493055
test_12823,0.7536603875759436
test_12824,0.6817001017741106
test_12825,0.7395437745639651
test_12826,0.10721784992598694
test_12827,6.146489511590712e-07
test_12828,0.5404044354293767
test_12829,0.08434604077926698
test_12830,0.00044868401072603044
test_12831,0.020043532796122865
test_12832,0.5153897516211497
test_12833,0.0005775579259465041
test_12834,0.5930277878521681
test_12835,6.786098627475272e-05
test_12836,0.0038179755346094088
test_12837,0.19533050433995786
test_12838,0.8710593512792221
test_12839,0.7968349577875319
test_12840,0.7369954096493049
test_12841,0.34253363743972687
test_12842,0.07991875326761504
test_12843,0.3617992878738722
test_12844,0.01941090099963155
test_12845,0.09651059975354633
test_12846,0.001200536321636408
test_12847,0.5129249328738468
test_12848,0.6993118192503692
test_12849,0.2082176047182073
test_12850,0.5312074198878227
test_12851,0.09465516251066015
test_12852,0.00017834587509703742
test_12853,0.6668007116006403
test_12854,0.3813185827176145
test_12855,1.8293422059175672e-07
test_12856,0.12578351905201157
test_12857,0.5715328057223388
test_12858,2.253001625979298e-05
test_12859,0.5492083772574906
test_12860,0.19618827649359444
test_12861,3.4753722417193765e-05
test_12862,0.39893478328540555
test_12863,1.367170789859272e-05
test_12864,0.21173323750057704
test_12865,0.5499109956791391
test_12866,0.6816574143127142
test_12867,8.468303984621889e-06
test_12868,0.7903269295612647
test_12869,2.1707106561357022e-06
test_12870,0.0002649691108368255
test_12871,0.15150472658277322
test_12872,0.00017567847415104652
test_12873,0.7142704701743475
test_12874,0.1056059756100302
test_12875,0.34928442197943327
test_12876,0.5075408169744843
test_12877,7.67727402480352e-05
test_12878,7.963458611769212e-06
test_12879,0.6767987354297823
test_12880,6.5043225165861795e-06
test_12881,0.20120458668647112
test_12882,5.383184368134855e-07
test_12883,0.4486476334698198
test_12884,0.6275671710983254
test_12885,6.544631270302052e-05
test_12886,0.3128279742091905
test_12887,0.294384041379811
test_12888,0.12493964715325723
test_12889,0.0020157135078309484
test_12890,0.8601918928161815
test_12891,0.1768697669162987
test_12892,0.9753923291308386
test_12893,8.679800886279517e-05
test_12894,0.12533825543156482
test_12895,0.3927115492232003
test_12896,7.2265305568508595e-12
test_12897,0.004922582031274586
test_12898,0.0010478482487333203
test_12899,0.0025519335792310405
test_12900,0.923710815574514
test_12901,0.011368166214398626
test_12902,0.004135838530683699
test_12903,0.013376883467437354
test_12904,0.13103235000254343
test_12905,1.514882806300218e-09
test_12906,0.5185077017663859
test_12907,0.7494894154641483
test_12908,1.9453534239639645e-07
test_12909,0.7606678641624359
test_12910,8.954410418242771e-05
test_12911,0.0032693111828443378
test_12912,0.6546732629481574
test_12913,1.5573469892127458e-11
test_12914,0.17807438184123084
test_12915,0.5766300284390992
test_12916,1.943070088833507e-05
test_12917,5.7755912296612994e-06
test_12918,0.05792868002678432
test_12919,0.17944434955246816
test_12920,0.026758744882676284
test_12921,0.05161445795026363
test_12922,0.9230429186406014
test_12923,0.5748534708702627
test_12924,0.7159896213773842
test_12925,4.405468683174231e-07
test_12926,5.050408711639719e-05
test_12927,0.23879417527876787
test_12928,0.5461246336834891
test_12929,0.8462340546476063
test_12930,0.5954627383702515
test_12931,0.3593316877850665
test_12932,2.720665689451902e-06
test_12933,0.8686692771214786
test_12934,0.795309927297018
test_12935,0.7281421029663101
test_12936,0.03294061806539215
test_12937,0.3368529570500929
test_12938,0.3452660096466718
test_12939,0.5399130363092043
test_12940,0.009898316333275222
test_12941,0.002585323899403219
test_12942,0.6429852518897596
test_12943,0.42407647524737224
test_12944,0.5191032854508065
test_12945,0.8497343878862945
test_12946,0.9771883761312868
test_12947,0.7068487914177902
test_12948,0.00027617913117018825
test_12949,1.4666885343615325e-07
test_12950,0.000247620024081825
test_12951,0.4426829726994391
test_12952,0.15239340854584146
test_12953,0.8227240676624011
test_12954,0.3376344932830962
test_12955,0.6288636662136146
test_12956,0.0022961822199636353
test_12957,0.6178593622773886
test_12958,0.641947167888846
test_12959,0.4890946879654601
test_12960,0.002188836907142639
test_12961,0.26747011837742946
test_12962,0.026657357114136887
test_12963,0.8099987022355352
test_12964,8.422709683658489e-06
test_12965,0.12455359536158629
test_12966,0.659205253261111
test_12967,0.351157803084778
test_12968,0.014242132635461445
test_12969,0.41412430929195926
test_12970,0.0017068392933994785
test_12971,0.551997302772016
test_12972,0.24280318335910434
test_12973,0.00132360095230172
test_12974,0.0039220718344866535
test_12975,0.07587001914092843
test_12976,0.10467552665467411
test_12977,0.43243709036638506
test_12978,0.024731593520917392
test_12979,0.2201520494450886
test_12980,0.04846522830912941
test_12981,0.0035505299494699356
test_12982,0.5252920103291477
test_12983,1.5547520895494614e-05
test_12984,8.09087152785147e-05
test_12985,4.438477159540401e-05
test_12986,0.810057169471995
test_12987,0.21818472442360548
test_12988,0.25849444252879944
test_12989,0.0002674615490082754
test_12990,0.00011634219434954234
test_12991,0.0010625613248347616
test_12992,0.0025716157370838546
test_12993,0.3856304649182596
test_12994,0.2884117362726101
test_12995,0.45822153297621726
test_12996,0.6774297771831331
test_12997,0.5812960698005081
test_12998,0.0680805391479971
test_12999,0.054701582918406114
test_13000,0.13862315989035753
test_13001,0.38028533318107005
test_13002,0.19197884467987658
test_13003,0.7831602856552842
test_13004,6.359428539161746e-06
test_13005,0.0140117571622533
test_13006,0.12588924116749187
test_13007,0.24054872378934603
test_13008,0.006353040432733916
test_13009,0.034959681550883276
test_13010,0.6374284105307343
test_13011,0.013847505437969417
test_13012,0.5157403075650495
test_13013,0.0006914317373370099
test_13014,0.3035854361175595
test_13015,0.9032141942831079
test_13016,0.7404493866952772
test_13017,0.7011389680989113
test_13018,0.42823964153552146
test_13019,0.20893890537677848
test_13020,0.4694054497360984
test_13021,0.43479796060093256
test_13022,3.406187877216248e-05
test_13023,0.00011512446243240356
test_13024,0.6215962697116717
test_13025,0.00024375867657538988
test_13026,0.5728919486598455
test_13027,0.015477113514510631
test_13028,0.010067396863752623
test_13029,0.00530004354430376
test_13030,0.41141750799231325
test_13031,0.17444565646803625
test_13032,3.340566372675488e-08
test_13033,5.71055173850988e-07
test_13034,0.03284123250312359
test_13035,0.12312812816342726
test_13036,0.2501511604254153
test_13037,3.196405045372274e-05
test_13038,0.004487453723793738
test_13039,0.019612210826377655
test_13040,5.842767492044388e-07
test_13041,0.7327013855635371
test_13042,0.22689222045640645
test_13043,0.5239209712477501
test_13044,0.6343848245531803
test_13045,0.17274276506216232
test_13046,0.503796329253687
test_13047,0.0008764611550181291
test_13048,0.7137864167589796
test_13049,0.4179404565177969
test_13050,8.72913209877141e-11
test_13051,0.29845974613119547
test_13052,0.000985312721193587
test_13053,0.6018846583284678
test_13054,0.1868208206701215
test_13055,5.420310894734282e-08
test_13056,0.5478578760141474
test_13057,0.047094165881165204
test_13058,5.943712805688997e-05
test_13059,1.063027121718262e-05
test_13060,0.5226849409120202
test_13061,1.9297962964001738e-08
test_13062,0.02057860673676235
test_13063,2.320022714175966e-06
test_13064,0.14745925647271027
test_13065,0.6526755323023992
test_13066,0.024090070034518747
test_13067,3.957842984718719e-05
test_13068,1.1694766188408073e-06
test_13069,0.47918503834231124
test_13070,0.40587863503406696
test_13071,4.967910914652276e-05
test_13072,0.1534373470656762
test_13073,0.7021288330917886
test_13074,0.727041289549862
test_13075,0.8671881842438247
test_13076,0.000480476915567491
test_13077,0.42328291592402334
test_13078,0.2504007810460785
test_13079,0.6841678452237251
test_13080,1.5199895980730784e-07
test_13081,0.0012293527680600855
test_13082,0.06790429219726142
test_13083,0.5365708383348007
test_13084,0.3643983550677831
test_13085,0.5882457521540332
test_13086,3.5187948593100917e-06
test_13087,0.30919923836231117
test_13088,0.0050316275997115655
test_13089,0.2651510362685354
test_13090,0.05567728788001214
test_13091,0.002801821473447745
test_13092,0.0003933700286960025
test_13093,0.00031444988317190595
test_13094,0.7183224045647969
test_13095,4.0470112450477366e-05
test_13096,2.5705843707980785e-06
test_13097,0.2869715691600494
test_13098,0.00018240610418132982
test_13099,0.26319555215816987
test_13100,0.42560431826382394
test_13101,0.5294895742739829
test_13102,0.13655017597699887
test_13103,0.32737544920141226
test_13104,0.49846757061563046
test_13105,0.010339013245156015
test_13106,0.0009537949121670604
test_13107,2.754281179376072e-05
test_13108,0.4812416819999544
test_13109,0.813205011362373
test_13110,1.696175377362951e-05
test_13111,0.41450030654110903
test_13112,0.9646911676658659
test_13113,0.9050624384361884
test_13114,0.14364592750262326
test_13115,0.45126179783968384
test_13116,0.551418579415593
test_13117,7.476821540473553e-07
test_13118,0.1027740056107053
test_13119,0.32459349213585986
test_13120,0.7670032115766895
test_13121,0.020318086020767873
test_13122,0.022568056757061042
test_13123,0.5078656752945665
test_13124,0.6869827420456366
test_13125,0.6393732253654655
test_13126,0.004880667969297015
test_13127,0.6055887161120738
test_13128,0.3811877423453258
test_13129,0.9621801724008788
test_13130,0.0016181702669342594
test_13131,0.48122548217128114
test_13132,1.796586669954009e-05
test_13133,0.0171465031603607
test_13134,0.7417553098737993
test_13135,0.06770842216112018
test_13136,0.6690743103002921
test_13137,0.3250184945961003
test_13138,5.160837232806687e-05
test_13139,0.42926730495117804
test_13140,0.011954989135606194
test_13141,0.003701888968327272
test_13142,0.08300459047198998
test_13143,0.36053175515384184
test_13144,0.14182712954778354
test_13145,6.404469384072816e-09
test_13146,0.8872690879462287
test_13147,0.0001682267866083505
test_13148,0.5608012527021626
test_13149,0.4248767891496359
test_13150,0.2692901842541065
test_13151,1.3068906121751312e-05
test_13152,0.49608539236939725
test_13153,0.5409432486736696
test_13154,0.04456613053724599
test_13155,0.6752930200167071
test_13156,0.053011169279427145
test_13157,0.031118313374556728
test_13158,0.21257120628118892
test_13159,0.0851906910528073
test_13160,0.14685415852145922
test_13161,0.18014332630728472
test_13162,5.585216417368412e-06
test_13163,0.8603331379564298
test_13164,0.446762154104671
test_13165,0.5320407394436423
test_13166,1.2426085514248813e-05
test_13167,6.210436734696649e-05
test_13168,0.17708900580134926
test_13169,0.2651529914839117
test_13170,0.7512579816781008
test_13171,2.3043211023815876e-05
test_13172,0.5265355163597392
test_13173,0.1490181186658823
test_13174,0.00013213078506938718
test_13175,1.0905427389530372e-05
test_13176,0.49992826420951453
test_13177,0.5957247802835357
test_13178,0.3861688452937207
test_13179,0.02725040162419241
test_13180,0.7204036139769696
test_13181,5.897529577351633e-05
test_13182,0.21227040648275317
test_13183,0.0004793937025673293
test_13184,0.7939940452847366
test_13185,0.0001747032428410206
test_13186,0.6617693953159213
test_13187,0.00960848682376848
test_13188,0.08362904363689984
test_13189,0.6956430516434838
test_13190,0.4848234367293646
test_13191,0.638998013314927
test_13192,1.4691090478193002e-06
test_13193,0.47524417782880296
test_13194,0.46149987535957904
test_13195,0.6720093380037473
test_13196,0.0013163170075395528
test_13197,3.0246806399726426e-09
test_13198,0.003729358815054788
test_13199,9.830244153652984e-06
test_13200,5.7002351145287876e-05
test_13201,9.231440616056704e-05
test_13202,0.6046766902283898
test_13203,0.9147048905670153
test_13204,0.14715653610337392
test_13205,0.0824003680849686
test_13206,1.972173642380284e-06
test_13207,0.0023096396748395996
test_13208,0.37146199183583517
test_13209,0.0014360527151622956
test_13210,0.0028034411158500993
test_13211,1.5009870136427588e-08
test_13212,8.788067194715522e-06
test_13213,0.0013804628780280685
test_13214,0.05152571495270983
test_13215,0.022388999932339226
test_13216,0.5414911665515587
test_13217,0.6799959750087782
test_13218,1.1154276221514317e-09
test_13219,2.6388111511500336e-05
test_13220,0.505348892761794
test_13221,0.18292474547853155
test_13222,0.8018845206689094
test_13223,0.00668936378809381
test_13224,0.4484010070324589
test_13225,0.4742007993445873
test_13226,6.29258084038721e-09
test_13227,0.0007173023684808129
test_13228,4.5823643490551e-10
test_13229,0.00036942696263402583
test_13230,0.6262175820116704
test_13231,0.7238778231048659
test_13232,1.3219960338988823e-06
test_13233,0.0016718858910966645
test_13234,3.507561968227391e-07
test_13235,0.28187204838872537
test_13236,0.370133170422438
test_13237,5.664168710137909e-06
test_13238,0.7813951313289531
test_13239,0.05522889567241932
test_13240,4.0955686925489304e-06
test_13241,9.669406911310587e-12
test_13242,8.674690369148893e-06
test_13243,0.0030773140024482784
test_13244,0.5769175024375994
test_13245,0.6983253932992284
test_13246,0.7472635642740642
test_13247,0.6588397655051472
test_13248,0.6645335076174632
test_13249,0.6114539320032352
test_13250,0.35671867793350304
test_13251,0.6274912526011228
test_13252,0.513353921245096
test_13253,0.7978365327415585
test_13254,6.961370868671183e-07
test_13255,0.00012387660040745954
test_13256,0.6369380379470805
test_13257,7.492500782958143e-07
test_13258,0.8098843260632129
test_13259,0.8017428931679514
test_13260,0.07416560587869726
test_13261,0.6439596468097403
test_13262,0.6739242593319578
test_13263,7.52886445379287e-07
test_13264,0.009666256078784987
test_13265,0.18928859322515815
test_13266,2.3961202774898734e-06
test_13267,0.727244276533007
test_13268,0.1973436939020627
test_13269,0.30737617622256075
test_13270,0.2744549911163025
test_13271,0.638229074740234
test_13272,5.445148641877797e-09
test_13273,0.8921653196937226
test_13274,0.12927079831810626
test_13275,0.699514973003343
test_13276,7.380519412336391e-05
test_13277,0.08537224817171889
test_13278,0.456997301865143
test_13279,0.00014813104375929515
test_13280,0.6067179227062085
test_13281,0.0006444130041484886
test_13282,3.105074003945869e-09
test_13283,0.12380026895250522
test_13284,0.47422448881389
test_13285,0.15616039010626837
test_13286,0.5824469016913669
test_13287,0.09411518745102505
test_13288,0.8174120759355368
test_13289,2.0660115216568952e-07
test_13290,0.6419327028726013
test_13291,0.6167990378727768
test_13292,0.31643581226756473
test_13293,0.019641649056362964
test_13294,0.2752977150992923
test_13295,0.887643358071142
test_13296,0.0021456890158329024
test_13297,0.46359160180297
test_13298,0.7536773641101303
test_13299,0.5042582005724702
test_13300,0.48966987568067766
test_13301,0.00011611452740765876
test_13302,0.5373504914624683
test_13303,1.6865454285399021e-07
test_13304,0.01716652209809485
test_13305,0.4246852559011324
test_13306,8.363778897804766e-09
test_13307,4.7463672077474147e-07
test_13308,0.00371972398971752
test_13309,0.9074606683408146
test_13310,0.005212692563050582
test_13311,0.00016727437260447535
test_13312,9.195795944276084e-06
test_13313,0.3204675370373705
test_13314,0.6289326697756155
test_13315,5.449805416177632e-06
test_13316,0.1386193180711723
test_13317,0.30745878499505297
test_13318,0.06504843577813199
test_13319,0.0016289220323474015
test_13320,3.7932678359828835e-07
test_13321,0.5204897358442191
test_13322,0.35018170307738905
test_13323,0.8542356086709739
test_13324,0.00818929704191778
test_13325,0.44876079096086924
test_13326,0.5175492710014166
test_13327,0.0005030273114305829
test_13328,7.118789587594039e-09
test_13329,0.6857018674300887
test_13330,0.5032366067828192
test_13331,0.06671715427273975
test_13332,0.11803756656765961
test_13333,0.0004647827690793041
test_13334,0.0027649638789176935
test_13335,0.0005753243513012399
test_13336,0.36426521776828474
test_13337,0.0009111680537566975
test_13338,0.13497141395309747
test_13339,0.8323696716805107
test_13340,2.881529432105848e-05
test_13341,0.724568475430036
test_13342,0.3704876667677843
test_13343,0.94955144275984
test_13344,0.5304589527240932
test_13345,0.7431195142274887
test_13346,0.6428561958268205
test_13347,0.47203172407820065
test_13348,1.6221896854589066e-06
test_13349,0.040515163896131676
test_13350,0.1418074109122823
test_13351,0.7917542490481182
test_13352,2.713413173849015e-06
test_13353,0.03736276793942067
test_13354,0.6852851158394001
test_13355,6.617740035711327e-05
test_13356,0.005873369395273174
test_13357,0.02245697845625627
test_13358,0.913836546549054
test_13359,8.884213687722917e-06
test_13360,0.0004600006436717782
test_13361,0.7470568225756907
test_13362,0.5650249026762543
test_13363,0.5196766108360958
test_13364,0.016110263644675958
test_13365,0.661264867310158
test_13366,0.5202447615091756
test_13367,0.7386342514683413
test_13368,0.2343704275488455
test_13369,1.4828601511815796e-08
test_13370,0.007517319879215252
test_13371,0.11549255043261203
test_13372,5.1492255951085604e-05
test_13373,0.0006482989223521115
test_13374,0.34401819212851287
test_13375,0.6114548401978729
test_13376,0.717121870253271
test_13377,0.4758559836216238
test_13378,0.24650921694267944
test_13379,0.3250716129952363
test_13380,0.5441126924213961
test_13381,0.18112863055782805
test_13382,1.1737605782995942e-07
test_13383,0.4916507738901202
test_13384,0.7404756850765982
test_13385,0.003690539326052992
test_13386,0.3512603729162789
test_13387,0.04754839408565208
test_13388,0.14205040505247166
test_13389,7.706705968423129e-07
test_13390,0.2708300429012538
test_13391,0.5551087580463181
test_13392,0.03864099758086677
test_13393,0.001834496819331757
test_13394,0.7720504570723498
test_13395,3.624764430818558e-05
test_13396,0.2787037800450938
test_13397,0.7165527724267999
test_13398,0.4751506324020537
test_13399,0.5445148268601636
test_13400,0.7636063904261794
test_13401,0.275431683506879
test_13402,0.06141488266779472
test_13403,0.0005354934659476184
test_13404,0.6133323162399558
test_13405,4.967613243974259e-06
test_13406,0.8540702974157799
test_13407,7.156103141766245e-06
test_13408,2.826087401947685e-06
test_13409,0.15754737973698152
test_13410,0.2026225977581806
test_13411,0.9682905287036341
test_13412,0.10835594018732929
test_13413,0.004620081520844728
test_13414,0.4666871399097915
test_13415,0.00018441735708722714
test_13416,0.9913839236254732
test_13417,0.32197395650678345
test_13418,0.10377102354891644
test_13419,0.6939861213586628
test_13420,0.02430564766829591
test_13421,0.5177946606512415
test_13422,2.5851750773626065e-05
test_13423,0.6699256892049259
test_13424,0.8710683100965283
test_13425,0.22795602947713522
test_13426,2.170310687455905e-05
test_13427,0.5946890928607246
test_13428,0.023710454432442248
test_13429,0.00235933794060503
test_13430,0.09849062522934975
test_13431,0.42920629237572855
test_13432,0.002475380717492734
test_13433,0.18993278753046133
test_13434,0.16541477667495755
test_13435,0.42904609692998424
test_13436,0.7520630601115903
test_13437,0.6121697989623474
test_13438,0.5016502954900498
test_13439,0.0005992863975097563
test_13440,0.5376843912707405
test_13441,0.5171131560320169
test_13442,0.07627602605640472
test_13443,0.7436811739401237
test_13444,0.7620369963103074
test_13445,0.7820318654175717
test_13446,0.0934854534943438
test_13447,0.6786603858197843
test_13448,0.34416001144640596
test_13449,0.8616889017759678
test_13450,0.11178713719762019
test_13451,0.42244338617708416
test_13452,0.4025638106391901
test_13453,0.4722293830934278
test_13454,0.8147506842643691
test_13455,0.6759677557363836
test_13456,0.7903765070498256
test_13457,0.2454053032864716
test_13458,0.42732205126681266
test_13459,2.0336734462847898e-09
test_13460,0.08658124087417603
test_13461,0.7655325876402148
test_13462,0.16791828740941886
test_13463,0.6075938617883697
test_13464,0.32100688307369024
test_13465,0.470841839869716
test_13466,0.5788988017960074
test_13467,0.3392764211527425
test_13468,0.23301253554277415
test_13469,0.5935968059721449
test_13470,0.2562700739637746
test_13471,7.474638209936282e-07
test_13472,0.7048439931238591
test_13473,0.17449564538678639
test_13474,2.4891503294717367e-06
test_13475,1.2549519186276702e-05
test_13476,0.5802186562981172
test_13477,0.3086432582530879
test_13478,0.8243062956169934
test_13479,0.49075583116072147
test_13480,0.0002191074789645245
test_13481,0.6979838573585805
test_13482,0.007459765456566906
test_13483,0.020729457308861575
test_13484,0.20674771536390554
test_13485,0.30508978078933713
test_13486,0.013870320632520161
test_13487,0.00021656860910219323
test_13488,4.297786987913558e-06
test_13489,0.6853746865605673
test_13490,0.013135413025729004
test_13491,0.31005801176027586
test_13492,0.35895557899588376
test_13493,0.0006802065078387784
test_13494,0.00979737131332561
test_13495,0.8961479128826565
test_13496,0.32875292434296
test_13497,0.6409793676913058
test_13498,6.388749082475456e-05
test_13499,0.07591294116329743
test_13500,0.00014941006089447302
test_13501,0.5205676515454187
test_13502,0.005063369133061867
test_13503,2.3616060971830157e-05
test_13504,3.8797662379281864e-05
test_13505,0.22028694082266617
test_13506,0.3659711148923973
test_13507,0.5361161512871229
test_13508,0.010158558654929274
test_13509,0.5557138434349332
test_13510,0.6171674937660718
test_13511,0.5205097435784756
test_13512,0.00035753782604346584
test_13513,0.00014825248251708876
test_13514,0.0633060538892832
test_13515,0.0036094747631774597
test_13516,1.0895537929913995e-05
test_13517,0.17045561175356266
test_13518,0.00038933376002941425
test_13519,0.5557740344158799
test_13520,0.39120056003770587
test_13521,1.2708975460081522e-06
test_13522,0.6573581525690357
test_13523,0.45560835060816823
test_13524,0.6382589956656342
test_13525,0.009759047186037803
test_13526,0.3244771829785508
test_13527,0.5737371134139115
test_13528,0.6434615055877332
test_13529,0.8332184336938471
test_13530,8.817765387201606e-08
test_13531,0.06384324842869321
test_13532,0.6540709841271594
test_13533,0.0004861177186003184
test_13534,0.15426250315335466
test_13535,0.4712736252209367
test_13536,2.7094405336175054e-05
test_13537,0.022747581727335243
test_13538,9.259435223687914e-06
test_13539,0.3345977916741346
test_13540,0.019174766472772213
test_13541,0.8290061344928646
test_13542,0.7472717765069584
test_13543,0.14195584149709942
test_13544,0.6003638721496958
test_13545,0.0034318557618374366
test_13546,4.377540070465882e-05
test_13547,0.25082341088063603
test_13548,0.011023248722672902
test_13549,0.9710782476511232
test_13550,0.5858236807700201
test_13551,3.2824296075630656e-05
test_13552,5.203223346010557e-06
test_13553,0.9067000482169187
test_13554,0.051349381690457115
test_13555,0.42768966439278805
test_13556,0.5610986210482222
test_13557,0.5884668546672985
test_13558,0.39348609140229407
test_13559,0.00012865186572642655
test_13560,0.6953160990708014
test_13561,0.0051806508857581484
test_13562,0.11615948508378975
test_13563,0.3993437111046802
test_13564,0.711828673487945
test_13565,0.20532803164839228
test_13566,0.7214875553592734
test_13567,0.1292355835604107
test_13568,0.024967535966782667
test_13569,0.5021356469236888
test_13570,0.2189267405122883
test_13571,0.7557706242509988
test_13572,2.1744302405272677e-06
test_13573,2.9332869502684632e-05
test_13574,0.42056820985526905
test_13575,1.3580297751217295e-05
test_13576,0.00041978094595064444
test_13577,0.7611069897019821
test_13578,0.355776625264418
test_13579,0.1821473103766813
test_13580,5.480789867764446e-06
test_13581,3.3087665474645907e-06
test_13582,0.27374415365834665
test_13583,0.34748486255639993
test_13584,0.5353099716401135
test_13585,0.7809540898380798
test_13586,0.6162911948455896
test_13587,0.3304068594924279
test_13588,0.20524740969859753
test_13589,0.007750621133444188
test_13590,1.53660486794503e-06
test_13591,0.09194660189192985
test_13592,0.4679313455679721
test_13593,0.3573310232167792
test_13594,0.5579999983434247
test_13595,0.18135391623960312
test_13596,0.2886246823745902
test_13597,0.25668312500379453
test_13598,0.0026148116099454495
test_13599,0.7187748015005462
test_13600,0.07900822895666282
test_13601,0.5456603751259486
test_13602,1.660072031150679e-05
test_13603,0.7616335386908691
test_13604,0.0003592594607624855
test_13605,0.003537418907484489
test_13606,0.8457639943760077
test_13607,0.33143907243511234
test_13608,0.42678318895688777
test_13609,0.3104347592088344
test_13610,0.5843070513612061
test_13611,0.0018152812638800473
test_13612,0.5545223898539738
test_13613,0.36197433945734003
test_13614,0.03339663357568076
test_13615,0.013162875771028855
test_13616,0.4630016270379821
test_13617,2.7327505853332436e-06
test_13618,0.001951958480957342
test_13619,0.8860434041406332
test_13620,0.1545555796999026
test_13621,5.5851642135524906e-05
test_13622,5.422593481486384e-06
test_13623,0.4376358959595742
test_13624,3.508874151598873e-10
test_13625,0.14104124844252472
test_13626,0.04658708275926828
test_13627,0.00025512063084300664
test_13628,0.19119507241407846
test_13629,0.12398266411308985
test_13630,0.21019415811873426
test_13631,0.0061921765726550134
test_13632,0.6385222653199204
test_13633,0.1079779061797789
test_13634,3.852014756983373e-09
test_13635,0.17328561883609248
test_13636,7.248059579575351e-05
test_13637,0.0010141117253817883
test_13638,3.99331933090626e-08
test_13639,0.0060766136348051735
test_13640,0.5428364985591453
test_13641,0.20558245169996195
test_13642,0.261981753346042
test_13643,0.21972045783428273
test_13644,0.3618569869932249
test_13645,0.43458825448868044
test_13646,0.5387105756757924
test_13647,0.7359079851297914
test_13648,0.5851489399007417
test_13649,0.07653755846361053
test_13650,0.0003276060387189238
test_13651,2.066643893391607e-05
test_13652,0.00015184828790103125
test_13653,2.3499923025013279e-07
test_13654,2.843937324128892e-06
test_13655,0.0002829635828481718
test_13656,0.5591150771225283
test_13657,0.8149064495421824
test_13658,0.6164565313080986
test_13659,0.4611331748115466
test_13660,0.4915784452195671
test_13661,0.2829315950241688
test_13662,0.421852669324805
test_13663,1.1186223584089578e-08
test_13664,0.6048100355057845
test_13665,0.8187553319248957
test_13666,0.0001726641153493366
test_13667,0.21086200264358637
test_13668,1.128789370736901e-06
test_13669,0.5331324312757068
test_13670,0.18110113787712295
test_13671,0.3936699056998422
test_13672,0.0001895537749635366
test_13673,8.943254752107203e-05
test_13674,1.6715438196934144e-05
test_13675,0.14343448834405115
test_13676,0.29553923957290495
test_13677,0.016040438185610052
test_13678,0.008294959663133442
test_13679,0.39846071157672874
test_13680,0.0024520190576170276
test_13681,0.8981043836980912
test_13682,0.6906404704431047
test_13683,0.7683648060661468
test_13684,0.7284504293488882
test_13685,0.004318274078625836
test_13686,8.143533010322797e-06
test_13687,0.43432586470460655
test_13688,0.5381281161706771
test_13689,0.01839431764127054
test_13690,1.7435971337401888e-06
test_13691,0.7981356694862348
test_13692,9.771460680234117e-07
test_13693,0.0007577225568622391
test_13694,0.3292773988004383
test_13695,0.25277077259323305
test_13696,0.23831101455353126
test_13697,0.843054547619327
test_13698,0.0032731671703192114
test_13699,0.0015055903378580978
test_13700,0.5615641044094869
test_13701,0.052632678391500994
test_13702,1.5482822464715686e-05
test_13703,0.2138275049615475
test_13704,0.40164685169428327
test_13705,0.3171819008138066
test_13706,3.280313858026803e-08
test_13707,0.5466129248152162
test_13708,0.6573338461631103
test_13709,0.204153858999936
test_13710,0.38255423250115506
test_13711,7.268381463095201e-06
test_13712,1.0985242026106143e-05
test_13713,0.49494675491506074
test_13714,0.34675160939220634
test_13715,0.057959542234936844
test_13716,0.1348043145704764
test_13717,0.7493956226600016
test_13718,0.7497419645780247
test_13719,0.9520968517533691
test_13720,0.0228240967431526
test_13721,0.4023071632080842
test_13722,0.47010779663769336
test_13723,0.5474634279634256
test_13724,0.0030741312320609307
test_13725,0.6784679186796797
test_13726,5.259880358370828e-06
test_13727,0.6724278206696392
test_13728,0.28437383038872205
test_13729,3.3549049903067645e-11
test_13730,0.029607444367930863
test_13731,0.9508324111140681
test_13732,0.9002965169711573
test_13733,0.15144547554078402
test_13734,1.8392871753944295e-07
test_13735,2.830691817994766e-08
test_13736,0.8830760014484149
test_13737,0.0002256411051626368
test_13738,0.057762205843201804
test_13739,0.5940201225299138
test_13740,0.014034525267112864
test_13741,0.544834778353626
test_13742,0.14938070319724706
test_13743,0.526788916254673
test_13744,0.7432423269364974
test_13745,0.00010783223134447294
test_13746,0.07892126999123318
test_13747,0.48549264927682273
test_13748,0.010075922830288856
test_13749,0.014476525650826832
test_13750,0.0001372484801151359
test_13751,0.4084335958166926
test_13752,0.35481987769392104
test_13753,4.751946497370092e-06
test_13754,7.49515920751842e-07
test_13755,0.3913889783570493
test_13756,0.002392539538365375
test_13757,0.40729375439615273
test_13758,0.40322793682749053
test_13759,0.0011460491822873093
test_13760,0.4449245639845408
test_13761,0.029236734329384857
test_13762,1.413657846152648e-08
test_13763,0.2357101096553904
test_13764,5.247788866833046e-05
test_13765,0.7789436153005486
test_13766,0.06129265616920253
test_13767,3.3660963412158037e-06
test_13768,0.3921584086639524
test_13769,4.528710151482096e-06
test_13770,3.159471994149193e-07
test_13771,2.27617297901619e-06
test_13772,0.06797306576652873
test_13773,1.70161802681549e-08
test_13774,0.1335986947527691
test_13775,4.1344677754073097e-08
test_13776,0.5026546612341458
test_13777,4.044426791859895e-06
test_13778,0.47945066849275625
test_13779,0.8062502421606004
test_13780,4.176410412492051e-05
test_13781,0.0035950441215927375
test_13782,0.9429137454826021
test_13783,7.166695292396941e-07
test_13784,3.952237073478772e-05
test_13785,0.00032911038646295796
test_13786,0.18673217669460357
test_13787,0.23662620244704785
test_13788,0.26212886967847493
test_13789,0.543762972886877
test_13790,0.04604281038005618
test_13791,0.008704252941338272
test_13792,0.46237733214055643
test_13793,0.00673657364852487
test_13794,0.5585249825777339
test_13795,2.2420235243318242e-05
test_13796,2.8649530750444747e-12
test_13797,0.7786688219774726
test_13798,0.6058565119049547
test_13799,0.0004416341225453418
test_13800,0.6162201430135992
test_13801,0.05095370306954984
test_13802,0.7728771665910242
test_13803,1.2643628206731152e-05
test_13804,0.42998063232367173
test_13805,0.24819385721562892
test_13806,0.31523230160726307
test_13807,0.00019668286781999105
test_13808,0.02374916395773172
test_13809,0.00012298819287670558
test_13810,0.003951249305687442
test_13811,0.33528018650509694
test_13812,0.0025300524579017106
test_13813,0.33413497789989044
test_13814,3.750875029600052e-06
test_13815,5.2551158007131276e-05
test_13816,0.00021480750337551536
test_13817,0.4839255959294787
test_13818,0.20252041553485298
test_13819,7.6466551424663e-05
test_13820,0.8429646189242768
test_13821,6.361877681456551e-05
test_13822,0.22987001723560158
test_13823,0.5600385040719271
test_13824,0.30555381571734835
test_13825,0.1771334790691667
test_13826,4.952208563413242e-07
test_13827,2.9931668538577232e-05
test_13828,0.4858898868857143
test_13829,0.6275491246441045
test_13830,0.00010330803443532931
test_13831,0.00044342435155765786
test_13832,0.5497051248471858
test_13833,9.778268575708639e-08
test_13834,0.37409300386109634
test_13835,0.0031714639637016387
test_13836,0.49639439526952306
test_13837,2.2804289404302633e-05
test_13838,9.585217594349125e-05
test_13839,0.0014566784881107292
test_13840,0.7556907293248295
test_13841,0.6209308960766634
test_13842,0.5597912557943349
test_13843,0.0009470413394247439
test_13844,0.8926100251667117
test_13845,0.02834089683249014
test_13846,0.7489515689211694
test_13847,0.0011147781826066567
test_13848,0.0008259384434027544
test_13849,0.14316682968533276
test_13850,0.3606863317145668
test_13851,2.0685196880128116e-05
test_13852,0.570313008024348
test_13853,5.868912138081166e-05
test_13854,0.5125974075827328
test_13855,0.013701391396137956
test_13856,0.203505798904206
test_13857,0.00022943065674211306
test_13858,0.7991450672235091
test_13859,0.8605882734907063
test_13860,0.04010929708792288
test_13861,0.9470946876683082
test_13862,3.2840992029256924e-07
test_13863,0.0028229132142284217
test_13864,0.8430020533768116
test_13865,0.9998876980334152
test_13866,2.6190648362175304e-07
test_13867,0.9978502493032667
test_13868,0.2751933928923624
test_13869,0.6323905333870035
test_13870,0.3848808750415405
test_13871,0.36361985421669585
test_13872,0.0038115913023946506
test_13873,0.7988701950285675
test_13874,0.4807996753432614
test_13875,0.3934645382574462
test_13876,3.625375068612994e-05
test_13877,0.3707299883653649
test_13878,0.6554609473451835
test_13879,0.03774567007275748
test_13880,0.9949256677767414
test_13881,0.11449444524886686
test_13882,0.10483975628085872
test_13883,0.9103863246972068
test_13884,0.4905563367855092
test_13885,0.34383682356134543
test_13886,0.6468823767244906
test_13887,0.0380895108375821
test_13888,2.441933506161769e-07
test_13889,1.1434560300674944e-06
test_13890,0.0001565374291402251
test_13891,0.6615290962793812
test_13892,0.6518767544422852
test_13893,7.465135267930995e-05
test_13894,2.5848412616300403e-07
test_13895,0.20308536571909644
test_13896,0.6237098565608182
test_13897,0.506234815184943
test_13898,3.0120437696330377e-06
test_13899,0.0031417611497777595
test_13900,0.7406885500732161
test_13901,0.18589527610739381
test_13902,0.29884521189088126
test_13903,0.3553088974062472
test_13904,0.8135567337284793
test_13905,0.00012426493070144824
test_13906,0.15524630721790814
test_13907,1.3631837642076919e-05
test_13908,0.06936716287046413
test_13909,0.00012913180900665403
test_13910,0.3507448792223
test_13911,0.767412291298169
test_13912,0.0121246010777629
test_13913,0.3208620439120932
test_13914,0.6528066369523176
test_13915,0.6585990461973191
test_13916,0.5514515017878213
test_13917,0.20317842789945775
test_13918,0.0025458337133883882
test_13919,0.46381606386938656
test_13920,0.2998612819204161
test_13921,0.0008629144919892091
test_13922,0.00034203962213243594
test_13923,0.7015253360574454
test_13924,2.9623657908288e-11
test_13925,7.068023806039255e-10
test_13926,0.9033074066958047
test_13927,1.4893880525271547e-07
test_13928,0.5548313855460562
test_13929,0.4528828473482833
test_13930,0.5943500912352704
test_13931,0.033964981500020926
test_13932,0.3501932426376579
test_13933,0.3114443506118797
test_13934,0.3745508607428425
test_13935,0.17031044617711164
test_13936,0.5962669399942978
test_13937,0.8197284262373079
test_13938,6.884476150413551e-05
test_13939,3.729024697094968e-11
test_13940,0.7225953626685835
test_13941,0.09708540945480641
test_13942,0.0001681294681572025
test_13943,0.3811167045456197
test_13944,0.4358277452325717
test_13945,0.4678017718681872
test_13946,0.14373021899871616
test_13947,0.48650782077788374
test_13948,0.01406225270710852
test_13949,0.4299341197713302
test_13950,0.39809049832099197
test_13951,0.0007991731056549111
test_13952,0.8833506672797682
test_13953,0.486875775757977
test_13954,0.0014029460778197196
test_13955,7.818850310740864e-05
test_13956,0.5206603212294653
test_13957,0.00031856296499188066
test_13958,1.5287719733223996e-05
test_13959,9.262857462567574e-06
test_13960,0.5249105068346976
test_13961,9.126226164201132e-06
test_13962,0.7378476481381385
test_13963,0.0012977532167556837
test_13964,0.15964445765487192
test_13965,0.45549397374848277
test_13966,0.31191445768825465
test_13967,0.0418321053752326
test_13968,9.839457772842438e-08
test_13969,0.02116698878527952
test_13970,0.6618493505028006
test_13971,0.3995333179252075
test_13972,0.5017647528599625
test_13973,8.389528536512465e-09
test_13974,0.7985723269063676
test_13975,0.011640108159937752
test_13976,0.2002352096263458
test_13977,2.693128282428529e-05
test_13978,0.09748814075466397
test_13979,0.5032183381125115
test_13980,0.06209230754841144
test_13981,0.028026072548438863
test_13982,1.6055240780331812e-07
test_13983,0.7105618487837175
test_13984,0.5916202256728974
test_13985,0.5842783852603676
test_13986,0.2391647194289008
test_13987,0.5832594114021136
test_13988,0.5436892804416092
test_13989,0.0004513256820209141
test_13990,0.7591691852779301
test_13991,0.23065425467350473
test_13992,0.7656317846423865
test_13993,0.05519740409846781
test_13994,0.2920958863316298
test_13995,0.1610679179960717
test_13996,0.000281768729978608
test_13997,0.5993584049379965
test_13998,3.561555015569088e-05
test_13999,0.030636231530910666
test_14000,0.32362788453816516
test_14001,0.20531151971845918
test_14002,0.3986921987411217
test_14003,0.0002994070149945558
test_14004,0.8185466213638402
test_14005,0.41698850742896404
test_14006,0.36253720060886074
test_14007,0.6097801457323605
test_14008,0.6265341808154867
test_14009,0.3519369582790105
test_14010,0.3981388296495796
test_14011,5.219658477976433e-09
test_14012,0.4923566780415247
test_14013,0.3445613583258212
test_14014,0.21305275322110537
test_14015,0.74355692015803
test_14016,0.0206088149803988
test_14017,0.01290657138236611
test_14018,8.661102942979574e-06
test_14019,0.1473233539867671
test_14020,0.21495344461931182
test_14021,3.498097678623618e-07
test_14022,0.4072923893824984
test_14023,0.00023379127655180043
test_14024,0.42343830513617464
test_14025,0.7137146748897024
test_14026,0.12976943353014359
test_14027,0.6611414756000291
test_14028,0.0007142941431855679
test_14029,0.36034405456845947
test_14030,0.13377464918075768
test_14031,0.3870620810340354
test_14032,0.16023841302082922
test_14033,1.5572063671860412e-07
test_14034,4.474789486021721e-09
test_14035,0.3112406467887828
test_14036,0.00011655804040940005
test_14037,0.1461130137913391
test_14038,0.0016991388942304815
test_14039,0.5548491991533826
test_14040,0.1913616826557271
test_14041,0.00011659850039067833
test_14042,0.7645830816782483
test_14043,0.23059524676338866
test_14044,0.7968330186957654
test_14045,0.097702222642177
test_14046,0.7825141235838096
test_14047,0.0007936520276164481
test_14048,0.07608253563622881
test_14049,0.47234056043558437
test_14050,0.07644124913855532
test_14051,0.6109597841593091
test_14052,0.6748508019285497
test_14053,0.8923687117078158
test_14054,0.5922358268197472
test_14055,0.7140695171108324
test_14056,0.0175108364770893
test_14057,0.6314738356457066
test_14058,2.8058666568362766e-07
test_14059,0.005773339217294224
test_14060,0.6893933556240769
test_14061,0.5828619175410236
test_14062,0.054462703476035844
test_14063,0.1963992648816398
test_14064,0.39770494752268154
test_14065,0.4511621946432561
test_14066,0.2754170170478005
test_14067,0.011484419977782281
test_14068,0.7089656737170816
test_14069,0.5630542770831021
test_14070,0.3454850192950702
test_14071,0.09891430154670534
test_14072,0.5739272389362582
test_14073,0.37512039874822006
test_14074,0.5596706508485977
test_14075,0.7354612616538831
test_14076,0.2602195165341253
test_14077,1.3786168757251237e-05
test_14078,0.8865337026433863
test_14079,0.5027177861116835
test_14080,0.05086656119199013
test_14081,0.015492769903548255
test_14082,1.9154960261713705e-05
test_14083,0.8668841450413709
test_14084,0.5473419280145396
test_14085,0.9479199433420982
test_14086,0.48034693212371893
test_14087,0.5250025797173369
test_14088,0.5418453595053745
test_14089,0.13061455346110382
test_14090,0.035387433155424426
test_14091,0.4106903339007512
test_14092,0.31806168890701175
test_14093,0.212670834356469
test_14094,0.00956797296447616
test_14095,0.6080505245597376
test_14096,0.9690165088381182
test_14097,0.8932284109226495
test_14098,0.2826807108856061
test_14099,0.4307304460791402
test_14100,0.35549443291499655
test_14101,0.48054820792891445
test_14102,0.0009279849383993375
test_14103,0.0003263197423911905
test_14104,0.40158352328647234
test_14105,0.03535640721502228
test_14106,0.0024402939624558065
test_14107,0.004266273300032047
test_14108,0.38927101568773714
test_14109,0.5200779050810231
test_14110,0.5750392694151008
test_14111,6.789300331160776e-05
test_14112,0.40624896658795207
test_14113,0.0006066206850150428
test_14114,6.82568245618586e-06
test_14115,5.055742711820399e-07
test_14116,0.6521923723354032
test_14117,0.00030233638378195446
test_14118,0.027144305577576505
test_14119,0.01687484905117613
test_14120,0.002335332957348672
test_14121,0.06406473013651555
test_14122,0.3003434001584296
test_14123,0.7639485482998878
test_14124,0.009914224320106507
test_14125,0.5735877122483993
test_14126,2.8189755494184686e-05
test_14127,0.0031951881712878626
test_14128,2.732949076433837e-06
test_14129,0.012235833338221761
test_14130,0.19833294194425866
test_14131,0.0020791974657933822
test_14132,0.006171818949380173
test_14133,0.4336334226127455
test_14134,2.6562282340158427e-06
test_14135,0.42748480982873566
test_14136,0.7578661304967054
test_14137,0.008348100620638647
test_14138,0.03874148790793372
test_14139,0.003271180237118578
test_14140,0.5728780047717886
test_14141,0.4827070406518876
test_14142,0.4594736588759211
test_14143,0.8315909282092541
test_14144,0.19763007035598407
test_14145,0.6353129148676642
test_14146,0.27261519657056565
test_14147,1.52151232358791e-07
test_14148,0.18815269695997328
test_14149,0.2513511968588201
test_14150,0.23698247423760355
test_14151,0.00359043055445603
test_14152,0.46116205505561186
test_14153,0.29164530541819966
test_14154,0.4764088922353631
test_14155,0.010470271339609726
test_14156,0.0923551635687699
test_14157,0.10562968213817933
test_14158,0.7897838831832149
test_14159,0.2395504087597764
test_14160,0.000847479496429422
test_14161,0.918524030731109
test_14162,0.9031483694790451
test_14163,0.6370240612057458
test_14164,0.43032153171809884
test_14165,1.2529679539794261e-06
test_14166,0.18135820947793369
test_14167,0.06993837116594522
test_14168,0.14523799384303826
test_14169,0.5040629716148882
test_14170,0.7092911382248218
test_14171,6.2175341073631835e-06
test_14172,0.12009366337279304
test_14173,0.1072764477084606
test_14174,0.11104090569199311
test_14175,0.03015791836902076
test_14176,0.8112497305198224
test_14177,0.0008752362564039237
test_14178,0.10267081921527743
test_14179,0.831268215178573
test_14180,0.011782902935294997
test_14181,0.26132684291058766
test_14182,0.023889888758895507
test_14183,0.3226331547086828
test_14184,0.5652523686486883
test_14185,3.7261265520133374e-05
test_14186,7.086602155765997e-06
test_14187,5.177206634275085e-07
test_14188,2.9408226548020446e-05
test_14189,0.011969908262581075
test_14190,0.0024020259084161326
test_14191,0.47882322954358314
test_14192,0.0021072598260769076
test_14193,0.5159092777127287
test_14194,0.0010102500955063637
test_14195,0.14169684616945563
test_14196,1.0741202982633922e-05
test_14197,0.5201263930830702
test_14198,0.619226840962307
test_14199,1.6233046257792575e-06
test_14200,0.3750986992730555
test_14201,0.0460899348596765
test_14202,6.174778598772294e-05
test_14203,0.7998808309854294
test_14204,0.0072141794475817
test_14205,0.42918032651474963
test_14206,0.8956180734110282
test_14207,0.7745922309488885
test_14208,0.7390709091218844
test_14209,0.00021882205449248827
test_14210,0.003345451293457082
test_14211,4.295988916617505e-06
test_14212,4.855751209914826e-06
test_14213,0.00038845500509563144
test_14214,0.39237197065860346
test_14215,0.019454227261210832
test_14216,0.025752456120383186
test_14217,0.4486354677650259
test_14218,0.0012677206807195657
test_14219,0.05915156533376608
test_14220,3.6425317980081183e-07
test_14221,0.3439375331330675
test_14222,0.297858619084143
test_14223,0.000809465506977703
test_14224,0.6259880757365911
test_14225,0.027844814895197335
test_14226,0.653724296682206
test_14227,0.00023129960051623163
test_14228,0.550925582482968
test_14229,0.011691695238260863
test_14230,0.0004096173676383181
test_14231,0.474893091606797
test_14232,0.0004720311476816267
test_14233,0.8334569816246523
test_14234,1.8115965157637635e-07
test_14235,0.298590782710981
test_14236,0.00034847398162867236
test_14237,0.8472041785171254
test_14238,0.27063791882122934
test_14239,0.580728927127268
test_14240,0.43681690069570034
test_14241,4.417172884736438e-08
test_14242,0.08247746329219133
test_14243,0.7970455559131383
test_14244,0.6840434347738196
test_14245,0.8459332677035875
test_14246,0.6574636767456634
test_14247,1.6021438477840147e-07
test_14248,0.8160401442147212
test_14249,1.0937647047918997e-06
test_14250,5.85117083995445e-08
test_14251,0.0007498306394487712
test_14252,0.39240077884224944
test_14253,0.0010072805850351962
test_14254,0.04610600487603074
test_14255,0.002357921358838961
test_14256,3.4983430379419644e-06
test_14257,6.123356798207369e-05
test_14258,0.2318891525717691
test_14259,0.33893681966706946
test_14260,0.2323818933924435
test_14261,0.03451080721530641
test_14262,0.5429102386331769
test_14263,0.08775995741213394
test_14264,0.4440358198793335
test_14265,0.0009560288671141906
test_14266,3.6756631938842026e-05
test_14267,0.2638611146316616
test_14268,3.871666527655475e-07
test_14269,0.9770288914874004
test_14270,3.293717379976071e-05
test_14271,1.9570617428068613e-06
test_14272,0.399177724963314
test_14273,0.34348887399247824
test_14274,0.3284965489758027
test_14275,3.829878913322944e-09
test_14276,1.1355075186281494e-05
test_14277,0.0006540463094949614
test_14278,0.3124708517856379
test_14279,0.001586493234322969
test_14280,0.0004677575701109269
test_14281,0.7185808783163332
test_14282,0.5417004812293341
test_14283,8.685735470739505e-06
test_14284,0.0001621200820427017
test_14285,0.0008853737378646312
test_14286,0.0038162564009757314
test_14287,0.07139958249017164
test_14288,0.6012777986893327
test_14289,0.8861372067837968
test_14290,0.589077005204894
test_14291,0.3609769744892484
test_14292,0.002160784004642514
test_14293,0.3687769995207924
test_14294,3.1839192959833785e-05
test_14295,0.9489086245734246
test_14296,3.4841224816534926e-06
test_14297,0.5879074825614822
test_14298,0.6129517928927087
test_14299,7.512301232238993e-06
test_14300,0.2725608396390953
test_14301,0.29735577190241375
test_14302,2.889241744249444e-06
test_14303,0.002186630819083656
test_14304,0.5571814953879062
test_14305,0.0072801885149693935
test_14306,0.00019458115113073484
test_14307,7.037050291053003e-08
test_14308,0.0017658818887183584
test_14309,0.08634628487172938
test_14310,9.158992751927663e-09
test_14311,8.977009652374804e-07
test_14312,0.7729522883924536
test_14313,0.8322882656247171
test_14314,0.2969005084491049
test_14315,0.054022419685662064
test_14316,0.001545734937648859
test_14317,0.10246104204138025
test_14318,0.13071243867832433
test_14319,0.3997878983944003
test_14320,0.3974589238321769
test_14321,0.3943325674233062
test_14322,0.6681013746854058
test_14323,0.24888307712080074
test_14324,2.8997593550038516e-05
test_14325,0.00030706512384086804
test_14326,0.014471007378655972
test_14327,0.021737873724316764
test_14328,0.7286533704770526
test_14329,0.4234482309162215
test_14330,0.04609378378178937
test_14331,0.5437018662620607
test_14332,1.1225661504923826e-05
test_14333,0.1798685179650764
test_14334,5.859970952430912e-10
test_14335,0.00013129535212504548
test_14336,9.043051938424448e-05
test_14337,0.6309940101892992
test_14338,0.06459173349126468
test_14339,3.586701216209672e-07
test_14340,0.38718211335856184
test_14341,3.1340377184367253e-09
test_14342,0.6104609435372109
test_14343,0.00015349633001557504
test_14344,0.00048664971824117907
test_14345,4.40604128506884e-05
test_14346,0.45663614457763013
test_14347,6.950908049960971e-07
test_14348,0.17924131713738756
test_14349,3.591782081071384e-05
test_14350,0.42621844261323055
test_14351,0.007369797150435287
test_14352,0.02007730012822833
test_14353,0.8749964013790443
test_14354,1.9780808016110764e-08
test_14355,0.00017616007178137966
test_14356,2.0634300234969765e-05
test_14357,0.0022738776091852896
test_14358,0.0008096887698723217
test_14359,2.1617203226467803e-09
test_14360,0.4304010150529909
test_14361,0.00012796279391308766
test_14362,0.4094114627477731
test_14363,0.002290697221320478
test_14364,3.8681908777088404e-05
test_14365,2.827656990993662e-05
test_14366,0.7346703555920983
test_14367,0.5721584288460064
test_14368,0.6627770804367396
test_14369,0.006008772255172463
test_14370,8.643192016427744e-06
test_14371,0.6028163217918976
test_14372,0.18209936355171993
test_14373,0.09132951341567376
test_14374,1.9219504744602566e-05
test_14375,0.4314924692962292
test_14376,0.30857048448660945
test_14377,4.6525518254478435e-05
test_14378,0.5765711383938653
test_14379,9.719026916058391e-05
test_14380,0.15760640601289314
test_14381,0.08493264275801844
test_14382,0.43991129516318894
test_14383,0.6253582991841344
test_14384,0.2859485583484177
test_14385,0.5615037319038035
test_14386,0.7793231073547818
test_14387,0.43364958533942954
test_14388,0.020321458452154686
test_14389,0.017934973542825486
test_14390,2.991494967515714e-08
test_14391,1.228159836092532e-05
test_14392,0.004661451675532457
test_14393,1.2285902162945649e-06
test_14394,0.8129210807001604
test_14395,0.8573737392733302
test_14396,0.9594756811475486
test_14397,1.8401911599411878e-06
test_14398,0.6427390626203481
test_14399,0.44513907533681774
test_14400,0.5822905941048293
test_14401,0.0027910810150797993
test_14402,1.0821163861934512e-07
test_14403,0.0034971928981130567
test_14404,0.3710122844884569
test_14405,0.28959951827012476
test_14406,8.919303013754861e-05
test_14407,0.019487278398426004
test_14408,0.044225212628771424
test_14409,0.00016152257237446362
test_14410,0.16757433913678804
test_14411,2.357846408784088e-05
test_14412,0.0045645365589111345
test_14413,0.008591920596117032
test_14414,0.3317837494048442
test_14415,0.22158136119703314
test_14416,0.00010048811038667578
test_14417,0.00029410128540697064
test_14418,9.602360004306936e-05
test_14419,0.3674966875374198
test_14420,0.07816928242366157
test_14421,0.5768208262435623
test_14422,0.24741295141547864
test_14423,0.6770317849470283
test_14424,0.021711669959559247
test_14425,0.0627111896485019
test_14426,0.5347581544695628
test_14427,8.922578814616594e-05
test_14428,0.3302890032545775
test_14429,0.612702816583811
test_14430,0.22111450422304402
test_14431,2.994892760515121e-05
test_14432,0.33931426286657357
test_14433,0.0005527351134443814
test_14434,0.13591833593169886
test_14435,0.0005132023426105012
test_14436,0.4007575817089501
test_14437,2.8255588089544026e-06
test_14438,0.6914140623012656
test_14439,0.4285684425662112
test_14440,0.3049213536894536
test_14441,6.8500477892820385e-09
test_14442,7.260322898390466e-08
test_14443,0.26719476585595575
test_14444,0.5107598301659588
test_14445,2.370431029195125e-05
test_14446,0.2609319567278298
test_14447,0.5921226118372929
test_14448,0.05597659737105058
test_14449,0.00013582495120025752
test_14450,0.5974157883422451
test_14451,0.49807823091780684
test_14452,8.338373968884877e-06
test_14453,0.5231810560848423
test_14454,0.17253279510605288
test_14455,0.05622747618210872
test_14456,0.6278064898402201
test_14457,5.901608317464858e-05
test_14458,1.88071462044579e-07
test_14459,0.3844448457918655
test_14460,0.0008672940807519606
test_14461,0.0028645521004268225
test_14462,0.3821636039463558
test_14463,3.492998755566559e-06
test_14464,0.7318263881246816
test_14465,0.00016806440634463724
test_14466,0.13450866536711117
test_14467,0.45411007531524994
test_14468,0.7928782619543088
test_14469,0.010675982888546981
test_14470,0.0012772908972992095
test_14471,0.7279340485850817
test_14472,5.713085136952552e-06
test_14473,0.0003883883127164193
test_14474,0.2635199447053939
test_14475,0.0058206457119498265
test_14476,0.07661962798652872
test_14477,0.05651925761537167
test_14478,1.7241645288709803e-06
test_14479,0.4196535581523126
test_14480,0.08993836144492895
test_14481,0.004772764258712821
test_14482,2.3933324717855347e-06
test_14483,0.0006050092046917784
test_14484,1.0869050351552135e-07
test_14485,6.236287294459069e-07
test_14486,0.48250771507418483
test_14487,0.37560749935391735
test_14488,6.59657724583044e-12
test_14489,0.1358391143118665
test_14490,2.1971675281023523e-06
test_14491,6.43590347794981e-09
test_14492,0.9335593897335712
test_14493,0.00021460593958715066
test_14494,0.6400520913517443
test_14495,7.215915320434199e-05
test_14496,0.4890116074694262
test_14497,1.6084440746845078e-08
test_14498,0.23733272097037836
test_14499,0.6909471776114131
test_14500,0.0008323585072915687
test_14501,0.10927029655447869
test_14502,0.5427086609879908
test_14503,5.050166757177134e-05
test_14504,0.36637361909629956
test_14505,0.0002743951296003813
test_14506,0.01057766528242998
test_14507,0.6309056583667914
test_14508,1.2795897793789084e-06
test_14509,5.183354733282213e-07
test_14510,0.3147836743803472
test_14511,0.045388147701075514
test_14512,0.7176070817324017
test_14513,0.00023226527710752941
test_14514,0.5323629025126181
test_14515,9.356195673886868e-05
test_14516,0.0006894846562641387
test_14517,0.615997018645185
test_14518,0.0453680663903358
test_14519,0.15797886732236782
test_14520,2.8439155811031848e-06
test_14521,0.00010996813550966365
test_14522,0.20326317188420953
test_14523,0.498310486196092
test_14524,0.687510967583443
test_14525,0.0001112317949971737
test_14526,0.14212660420442202
test_14527,6.491101659236466e-06
test_14528,0.7173587615755048
test_14529,0.7816213580484269
test_14530,0.7141702074473513
test_14531,0.3174735714802505
test_14532,0.16270062274779531
test_14533,0.052233901931229544
test_14534,0.6555306548955829
test_14535,5.015379015492706e-06
test_14536,0.8264102880960998
test_14537,0.00015441436917002643
test_14538,0.14225154462600847
test_14539,0.4178487440752159
test_14540,0.5105690774822043
test_14541,0.006798887470445326
test_14542,2.8492940665276014e-06
test_14543,0.4153979989454295
test_14544,4.697173746455726e-05
test_14545,0.7434482357033515
test_14546,0.3134708745060941
test_14547,0.7057899841505733
test_14548,0.10696843268050354
test_14549,0.5720808862933413
test_14550,7.128069154010701e-05
test_14551,0.44558902471126255
test_14552,0.4411333651351756
test_14553,1.5741598048775763e-06
test_14554,0.21111159114295577
test_14555,0.8046358963759618
test_14556,0.9122730485067607
test_14557,0.05212597797735975
test_14558,0.5841408258920763
test_14559,0.39253246448511586
test_14560,0.09838434723099197
test_14561,2.219676962193843e-09
test_14562,0.7090995993380803
test_14563,9.80633173176681e-05
test_14564,0.6078578451616296
test_14565,0.00012422760355527504
test_14566,0.1104516158891601
test_14567,0.00013758625946611388
test_14568,9.077322021999677e-07
test_14569,0.09298788700234843
test_14570,0.4819312009638681
test_14571,0.12241595451851257
test_14572,0.0006048853272124818
test_14573,0.0005620212877652475
test_14574,0.11041456933688058
test_14575,1.802588579184196e-06
test_14576,0.2945374877699162
test_14577,4.368673351308826e-06
test_14578,0.3915167866331109
test_14579,0.005458008344325938
test_14580,0.003751061387208536
test_14581,0.8434821444252266
test_14582,2.406468574957091e-06
test_14583,0.8274782333525361
test_14584,0.7957522512890853
test_14585,0.9002415728460371
test_14586,0.021982591910975062
test_14587,0.6336192556134964
test_14588,0.0062884917812734906
test_14589,0.27738244319116995
test_14590,0.6943748325459581
test_14591,1.636204495482293e-05
test_14592,0.00011648945094772861
test_14593,0.8307626156568907
test_14594,0.34300125549613536
test_14595,0.8514080526235653
test_14596,0.0005360857537907967
test_14597,0.6207418343863538
test_14598,1.7127759338246636e-07
test_14599,0.06062640310198288
test_14600,0.00010973121200573749
test_14601,0.1716661960469202
test_14602,0.7337986522131386
test_14603,0.63616519329751
test_14604,0.9172995235196012
test_14605,0.005106931540341276
test_14606,0.03221420449733932
test_14607,0.2567006544375044
test_14608,0.143095318484392
test_14609,0.5959183105952344
test_14610,0.5877229667579474
test_14611,0.3384825018000396
test_14612,0.3595672997075417
test_14613,0.00020107315390272004
test_14614,0.21910934830853893
test_14615,0.0011212954744379846
test_14616,0.4558951009538506
test_14617,0.756204462159605
test_14618,0.5454596553751803
test_14619,0.0020542642107708145
test_14620,0.29115958335965125
test_14621,0.5001111187981251
test_14622,0.4561017231484547
test_14623,0.5508065833755924
test_14624,0.3763629326654101
test_14625,0.8352021163394469
test_14626,0.9018959081952619
test_14627,0.4347806242967987
test_14628,0.005055482098799081
test_14629,0.00031781587762549576
test_14630,0.0207428113581478
test_14631,0.6986006245350483
test_14632,0.4172872951192903
test_14633,1.3393676220412839e-06
test_14634,0.0011720421538970933
test_14635,0.6454849091188412
test_14636,0.24532012956348231
test_14637,8.06811346545152e-06
test_14638,0.8136064812117123
test_14639,0.4731189495041901
test_14640,0.46724309866675673
test_14641,0.354196489674959
test_14642,0.2640941833215648
test_14643,0.7675500176739297
test_14644,0.5529767367699537
test_14645,0.7590485263388622
test_14646,0.019493794881848537
test_14647,0.2671755549026241
test_14648,0.004259931176114197
test_14649,0.809020877839446
test_14650,0.000437056750084893
test_14651,0.498057086795645
test_14652,0.4528518546685651
test_14653,0.5467252179503659
test_14654,0.02948314342973559
test_14655,0.5035508161655624
test_14656,0.7462323212192233
test_14657,1.679055816730009e-05
test_14658,1.2303646398831372e-05
test_14659,0.020974924327007535
test_14660,0.20672481998650583
test_14661,0.8120525982291495
test_14662,0.06769774115010216
test_14663,0.0011438379310043016
test_14664,0.0007202564842992138
test_14665,0.3800620341502773
test_14666,1.2049210496816794e-05
test_14667,0.18055713239019644
test_14668,0.40474511702437854
test_14669,0.586982644677393
test_14670,3.2202457456059465e-06
test_14671,6.30087830442357e-07
test_14672,0.10751278352048392
test_14673,0.5929058280786166
test_14674,0.3565622159105593
test_14675,0.7016403752113161
test_14676,0.9555618223272085
test_14677,3.6906614838371864e-07
test_14678,0.12834440570108965
test_14679,0.44861774579901764
test_14680,0.00015158880650804392
test_14681,0.015860498091436425
test_14682,0.5472795559274016
test_14683,0.026458838981064475
test_14684,0.6281674096971911
test_14685,0.0023025261328824993
test_14686,0.39931722383680496
test_14687,1.3247392130200605e-05
test_14688,0.005782657603388644
test_14689,0.014559298497297495
test_14690,0.6385602707660394
test_14691,0.058071319739853425
test_14692,0.006842213954973489
test_14693,0.00046103177781918676
test_14694,0.688574859022362
test_14695,8.091774636726043e-05
test_14696,7.76755940310301e-06
test_14697,3.945557193149406e-07
test_14698,0.006584283890062914
test_14699,0.01899088724658834
test_14700,0.16615274787649456
test_14701,0.4888361180170882
test_14702,1.3754631294130609e-08
test_14703,0.6983252540456514
test_14704,0.575788189990443
test_14705,0.490560810961423
test_14706,0.3378994789866869
test_14707,0.4728809642227072
test_14708,0.16617286570097198
test_14709,0.23239803775345158
test_14710,0.6813966697283734
test_14711,0.0002714876352357519
test_14712,2.3693536481624094e-06
test_14713,0.40659396362899886
test_14714,7.310784590678592e-05
test_14715,1.345308381785619e-06
test_14716,2.6376426955718746e-06
test_14717,0.7416124836514908
test_14718,0.17947662322508473
test_14719,1.7376579360467036e-05
test_14720,0.5323883895292714
test_14721,0.6829327587640005
test_14722,0.16951605618040103
test_14723,1.2712765223390363e-07
test_14724,0.7205649351109982
test_14725,0.36513367324222007
test_14726,0.10256095856075594
test_14727,0.44691339740684455
test_14728,0.22161644224350424
test_14729,0.39811346017749777
test_14730,0.5644366089026092
test_14731,0.9786465637812275
test_14732,0.00045334776328511425
test_14733,0.019927467225232566
test_14734,0.008750780588680791
test_14735,0.07089384780036867
test_14736,1.331360731608704e-08
test_14737,0.7316169223702667
test_14738,0.48269205243787294
test_14739,0.00893082133520767
test_14740,4.797912889798007e-07
test_14741,0.1300510087929335
test_14742,0.7941511789541751
test_14743,0.7798666033983862
test_14744,0.6684533086527066
test_14745,0.00018537329504994546
test_14746,0.48923240056561734
test_14747,0.33567290064792
test_14748,0.17083839018638097
test_14749,0.2184674627120571
test_14750,0.586226435269148
test_14751,0.14131597702928164
test_14752,0.3924687692772412
test_14753,3.082681531249009e-07
test_14754,8.056857614658353e-07
test_14755,2.7382850841569288e-05
test_14756,0.8387992198767801
test_14757,0.00046626318105108343
test_14758,0.00016072224507083168
test_14759,2.1743377595886614e-07
test_14760,0.0001824005269796539
test_14761,1.4492760722881595e-05
test_14762,0.5747491805524486
test_14763,0.697026807509915
test_14764,0.888820596373384
test_14765,0.001659532297328696
test_14766,0.00016977382653574917
test_14767,0.570269813076051
test_14768,0.5925852901022833
test_14769,0.24247797872291582
test_14770,0.5141483804448117
test_14771,0.9410876229734698
test_14772,0.6740424040791494
test_14773,8.878765169432113e-07
test_14774,0.5654043620145386
test_14775,2.711344974609069e-06
test_14776,0.23899243538068266
test_14777,0.8705483671285421
test_14778,0.4580444414172253
test_14779,0.5137661960028151
test_14780,0.7415605306151355
test_14781,0.10298554775208131
test_14782,0.3118642997842746
test_14783,0.9646603361557511
test_14784,0.6111112679826437
test_14785,0.4658725681203172
test_14786,0.07165235769013682
test_14787,4.3114979394928873e-05
test_14788,0.0008672693473991747
test_14789,0.9191799305636308
test_14790,0.7197886722859687
test_14791,0.8590586318934882
test_14792,0.00023818401654624878
test_14793,1.556235450594393e-05
test_14794,0.17136083843030586
test_14795,0.017250562362150765
test_14796,0.004973212200076385
test_14797,0.7621074413323583
test_14798,0.350226435141753
test_14799,0.0759731392115696
test_14800,0.00032998841242778764
test_14801,0.3214524606620656
test_14802,0.03581340356405691
test_14803,0.7807120710610288
test_14804,2.2284515497977346e-06
test_14805,0.41629904859379613
test_14806,1.445817273646673e-05
test_14807,0.5519397870506941
test_14808,0.23901310181300167
test_14809,0.4149678608469404
test_14810,0.4474734640521765
test_14811,0.5339850777508025
test_14812,0.6638408907012776
test_14813,0.5105774817224871
test_14814,0.5473208161863808
test_14815,0.0047117840809317675
test_14816,0.9982555900985329
test_14817,0.09950145980802524
test_14818,5.849426442404155e-08
test_14819,0.37443500993500983
test_14820,0.4232537006655837
test_14821,0.05917053792103335
test_14822,0.49250882937802776
test_14823,0.23525482376977797
test_14824,0.8355321988451461
test_14825,0.07768500948120637
test_14826,1.3265452683992994e-05
test_14827,0.004706280115042533
test_14828,0.22488146415109975
test_14829,0.10631904604320942
test_14830,0.49002200428382636
test_14831,8.127360557003212e-10
test_14832,0.030375119135797542
test_14833,0.01148802253470557
test_14834,0.5736297546589046
test_14835,0.25904163642963723
test_14836,0.6160593493541583
test_14837,0.0035447360344248494
test_14838,0.00021955158483213304
test_14839,6.606418757138405e-05
test_14840,0.1856550625886643
test_14841,0.8878116334164656
test_14842,9.484713235514761e-07
test_14843,0.3490749087543895
test_14844,0.21286912520217569
test_14845,0.9279000946279302
test_14846,0.06455073346921719
test_14847,5.896685015750592e-05
test_14848,0.43435254384756455
test_14849,0.24277212210835325
test_14850,0.02078980494241577
test_14851,0.2557772592106736
test_14852,0.01421841416924703
test_14853,5.4782902341969145e-06
test_14854,0.00032596470032788475
test_14855,0.6306899654441391
test_14856,0.23106893835630624
test_14857,6.313201370870211e-10
test_14858,0.4119969411917585
test_14859,7.646448417888803e-07
test_14860,0.3515634988750703
test_14861,1.2904050329095832e-06
test_14862,0.4605146947103414
test_14863,0.00015094754107666653
test_14864,0.0015699500166321283
test_14865,0.8931726054186404
test_14866,0.00723143763838171
test_14867,2.5287148278604995e-05
test_14868,0.16458253505430234
test_14869,0.5440666766234153
test_14870,0.33527689936615596
test_14871,0.000227505385438271
test_14872,0.13457048041108605
test_14873,0.004884225339799859
test_14874,1.4788513826326093e-05
test_14875,0.13037591873111287
test_14876,0.1670525703628112
test_14877,1.0932630705525478e-05
test_14878,0.5402032958980248
test_14879,0.009508092177419027
test_14880,4.023827079287851e-06
test_14881,2.2146240604906032e-05
test_14882,0.5095817727938092
test_14883,0.5991485536737502
test_14884,0.6709827515576285
test_14885,0.698315226014372
test_14886,0.48383110028890725
test_14887,1.7899147059261394e-08
test_14888,0.0007622250372219279
test_14889,0.1026999192724285
test_14890,0.00044128157588987877
test_14891,0.0964262009197686
test_14892,0.35394702239150927
test_14893,0.39159024973577683
test_14894,0.4108262356952097
test_14895,0.5943161759426029
test_14896,0.459597946083913
test_14897,0.6520437302510051
test_14898,0.7065944893439304
test_14899,4.5266232932588953e-07
test_14900,0.24399061451906123
test_14901,0.6677416365771564
test_14902,0.20836331896021376
test_14903,0.8538698950929884
test_14904,0.20486174338000418
test_14905,0.4064026407125503
test_14906,2.63630401943943e-06
test_14907,0.24806540300347849
test_14908,8.528729319128085e-09
test_14909,0.5516756680924796
test_14910,0.0005316754169329925
test_14911,1.6717067517815798e-06
test_14912,0.9311899200998207
test_14913,0.03948858778529077
test_14914,0.1871554433333602
test_14915,0.26583624132231776
test_14916,0.0014142702616250138
test_14917,4.628046938576435e-09
test_14918,0.40855842255511404
test_14919,9.376481121704934e-07
test_14920,0.5428029215086229
test_14921,0.4760415963249343
test_14922,0.004470350873803081
test_14923,0.48897001570791615
test_14924,0.7009794854170917
test_14925,0.0004652314915439126
test_14926,0.7008348368740922
test_14927,0.225515651871639
test_14928,0.8559784011410017
test_14929,0.036822800548807356
test_14930,0.07139627077544457
test_14931,0.0017700381641112392
test_14932,0.08068025189562143
test_14933,0.6049855489999955
test_14934,0.9480625030193105
test_14935,8.151756628677608e-08
test_14936,2.503917314784372e-06
test_14937,0.17981715187728034
test_14938,0.7514179542335447
test_14939,0.20635085016078522
test_14940,0.016942220151994043
test_14941,8.439768458283898e-07
test_14942,0.00010327450163901992
test_14943,0.5787789762473499
test_14944,7.137060779511989e-05
test_14945,0.25222340625532597
test_14946,0.0001699538802495209
test_14947,0.46271007000736614
test_14948,4.032367966555779e-06
test_14949,0.234831278899787
test_14950,0.945012761745097
test_14951,0.061826796810845824
test_14952,0.08231225915920498
test_14953,0.6291824418873759
test_14954,0.002670893604731534
test_14955,0.14257688092417292
test_14956,0.1380145538586585
test_14957,0.7732515472386503
test_14958,0.018763508403940386
test_14959,0.33093028851080253
test_14960,0.46259454720546184
test_14961,0.9059192073389085
test_14962,0.911830813184373
test_14963,0.009168866293627887
test_14964,0.00016469865633315112
test_14965,0.37524924691217015
test_14966,0.5689292137335388
test_14967,7.189567127121409e-05
test_14968,0.0002057593907698654
test_14969,0.3235466885979727
test_14970,2.180840391663307e-05
test_14971,0.767096079457358
test_14972,0.09769685889029726
test_14973,0.5404621580045988
test_14974,0.6957827159133738
test_14975,1.035082991690284e-05
test_14976,0.20369304539863994
test_14977,0.44668801635814936
test_14978,0.825003724428349
test_14979,0.3539543433189063
test_14980,0.2246731576578738
test_14981,0.00012065162372064851
test_14982,1.846361854080688e-06
test_14983,0.5741734896975871
test_14984,0.0016495224219830091
test_14985,0.2985821095140471
test_14986,0.6894738621198494
test_14987,0.06656282578671222
test_14988,0.008549674406280362
test_14989,0.958534756698226
test_14990,0.1878014355956141
test_14991,1.9867193265592089e-07
test_14992,0.5478365612288637
test_14993,0.035713603611570374
test_14994,0.0035114354563620816
test_14995,0.12155135922490153
test_14996,0.14323122440059768
test_14997,0.0001173485015828044
test_14998,0.2334083238905853
test_14999,0.24236822789490167
test_15000,0.7402149401985191
test_15001,0.3460675630963084
test_15002,0.22889040248518647
test_15003,0.5909545312644349
test_15004,0.6375539974155848
test_15005,0.03608779707355897
test_15006,0.37939249616777393
test_15007,0.021368553073648253
test_15008,0.5600981726539825
test_15009,0.8178241099873297
test_15010,0.19728983373820666
test_15011,0.2796382428512711
test_15012,0.3890755445165401
test_15013,0.0008251406828437111
test_15014,0.0009194789728059156
test_15015,0.3570807554092774
test_15016,0.17115376542452185
test_15017,0.23714982756929107
test_15018,0.18120509704508228
test_15019,0.08241118357685909
test_15020,8.195225194194096e-06
test_15021,0.41102445052461484
test_15022,0.3072850672595877
test_15023,9.73455213778075e-09
test_15024,0.0007405529391727622
test_15025,0.1426286486742597
test_15026,0.08817788974474451
test_15027,0.0020319362454051465
test_15028,6.133222029015691e-06
test_15029,0.6318114795312642
test_15030,0.06759444207536991
test_15031,8.636772583372398e-05
test_15032,0.4955706308764828
test_15033,0.4182657462408553
test_15034,0.5771237759536613
test_15035,0.44584083840860395
test_15036,0.4747396411618606
test_15037,0.06360132494047259
test_15038,0.08682975505850957
test_15039,0.5022914596609999
test_15040,0.003180960138972221
test_15041,0.1243681759991928
test_15042,0.8470131474788122
test_15043,0.0006711818297844054
test_15044,0.23513484615967553
test_15045,0.004150387989249754
test_15046,0.007982389972907896
test_15047,0.9877914449799626
test_15048,9.28776822071524e-05
test_15049,0.03476374544318358
test_15050,0.006126222249440704
test_15051,0.0008002909254167875
test_15052,0.0076215218461152135
test_15053,0.33312447784626564
test_15054,0.03220365088756749
test_15055,0.42482856073808045
test_15056,0.21763846495152167
test_15057,0.0012688611745271046
test_15058,0.7640152743275775
test_15059,0.5779537289379776
test_15060,0.015378984044939672
test_15061,0.735796905807604
test_15062,0.8089639342331352
test_15063,9.710704292572059e-07
test_15064,2.6539993516211206e-06
test_15065,0.8241839934995415
test_15066,3.467972154552499e-11
test_15067,0.6161786125151133
test_15068,0.508132827193756
test_15069,2.7313365701575326e-05
test_15070,0.538554702514294
test_15071,0.6007686206200192
test_15072,4.1215595388653315e-08
test_15073,1.4324828871427596e-08
test_15074,5.124295747030348e-06
test_15075,4.587127138065497e-06
test_15076,0.304500453678973
test_15077,2.759611599272604e-06
test_15078,0.49160901836126314
test_15079,0.6217635363445594
test_15080,0.5673863923169127
test_15081,0.847657756459754
test_15082,0.601291664041603
test_15083,0.03249755830685208
test_15084,0.9549468231991765
test_15085,0.2558698661535944
test_15086,0.5210510403090172
test_15087,0.44888622902415476
test_15088,0.0005343993209722876
test_15089,0.4036525163759206
test_15090,2.153981391847244e-06
test_15091,0.32103414689037835
test_15092,0.02013156997707555
test_15093,0.3073131510888955
test_15094,0.6382182651010252
test_15095,0.0001365249717286461
test_15096,8.053289814395445e-07
test_15097,0.3722555067384112
test_15098,0.7471513548534037
test_15099,0.7647281282959177
test_15100,0.43046056694071094
test_15101,0.0006278176674965127
test_15102,2.368288097882624e-05
test_15103,0.657538612119091
test_15104,0.26333485067259227
test_15105,0.00019186383560535804
test_15106,0.0031267553245640655
test_15107,0.0449899379000424
test_15108,0.023809474707080995
test_15109,0.044309199161967926
test_15110,0.00028692505710116613
test_15111,0.07773267204103725
test_15112,0.4747189002572488
test_15113,0.010734631139336656
test_15114,0.007226521354743417
test_15115,0.8133491130723958
test_15116,0.41670796502342894
test_15117,1.0682824038204684e-05
test_15118,0.007276469870624678
test_15119,0.873587156285505
test_15120,0.1753404330934095
test_15121,3.345543589677182e-08
test_15122,0.5802106063016281
test_15123,0.6914167071086851
test_15124,0.2241542598323827
test_15125,0.7937277338803822
test_15126,5.77640965882998e-06
test_15127,0.788359345833794
test_15128,0.08168118087179291
test_15129,1.1615339714405755e-08
test_15130,0.1003797794769663
test_15131,0.7749567576494076
test_15132,0.003781790364165168
test_15133,0.8356721552679168
test_15134,0.9053786503311466
test_15135,0.010512663018499534
test_15136,5.2302900506430655e-06
test_15137,0.4084558631735844
test_15138,0.008524100587319412
test_15139,0.6427019164057013
test_15140,0.0014910096598994807
test_15141,0.012113522947185276
test_15142,0.44294309364913786
test_15143,0.5767322511295276
test_15144,0.00029233222873924886
test_15145,5.3332261359240264e-05
test_15146,0.4888856067925307
test_15147,0.0010446260493484686
test_15148,9.060411471500966e-05
test_15149,0.20710558372932464
test_15150,0.35758420638075433
test_15151,0.0001515675635419638
test_15152,0.09665627300904198
test_15153,0.00044154469412654513
test_15154,0.8416019281732906
test_15155,0.23043420048968347
test_15156,0.7591269508961466
test_15157,0.2249608363467898
test_15158,0.007398679571317134
test_15159,0.47428343995600286
test_15160,0.4141574539089917
test_15161,1.1088950287305988e-05
test_15162,0.25854228597011547
test_15163,0.5673322669432915
test_15164,0.3544496034360392
test_15165,1.0197392982748804e-06
test_15166,5.376573956351109e-06
test_15167,0.00011117027703397552
test_15168,4.15790069092358e-05
test_15169,0.00019379552556707412
test_15170,0.00186343638773566
test_15171,0.7212431088690493
test_15172,1.1782128877535746e-07
test_15173,0.0024654196775447776
test_15174,0.0001579050113765643
test_15175,0.9060847126731532
test_15176,0.7056213218324195
test_15177,0.6764496579873901
test_15178,0.3807817255665607
test_15179,4.634260261656137e-05
test_15180,8.824045967526362e-06
test_15181,0.1440698864790123
test_15182,0.7711336640599095
test_15183,0.7588309354679705
test_15184,0.09560391669250856
test_15185,0.8926378192407609
test_15186,0.005469660386523885
test_15187,0.4620112491409871
test_15188,9.22881530705917e-09
test_15189,0.00018222507166613998
test_15190,0.32940926587967334
test_15191,0.6222533464844016
test_15192,0.9378719146750414
test_15193,0.5736928766593942
test_15194,0.23563005436410753
test_15195,1.0126232530271472e-05
test_15196,0.3811719999784316
test_15197,0.005220416591292143
test_15198,0.01479944049577539
test_15199,0.7872292633777848
test_15200,0.00010045697753287983
test_15201,0.5457599342811956
test_15202,0.0015065737425793365
test_15203,0.47419886527233723
test_15204,0.2763476568087123
test_15205,0.5121362434087877
test_15206,0.8172762387291681
test_15207,0.00977103231566617
test_15208,1.9137429009407514e-05
test_15209,0.2533284998192463
test_15210,0.0006009286347748213
test_15211,0.057367060261961
test_15212,1.2043920871743461e-05
test_15213,0.8360158848663808
test_15214,0.3094618281417705
test_15215,0.8433217167170419
test_15216,0.0029864180512947504
test_15217,0.6560450228437894
test_15218,0.0910675300915968
test_15219,1.5188427312668555e-06
test_15220,0.6943100434449982
test_15221,4.027877636787287e-06
test_15222,0.9198664695630172
test_15223,0.00016053200728098643
test_15224,2.1471355266740652e-07
test_15225,0.018741559526738314
test_15226,0.04971222465216478
test_15227,0.7466849944279665
test_15228,0.14450514812112394
test_15229,0.005441975014142264
test_15230,0.00013389072353216466
test_15231,0.8922366892654622
test_15232,0.7994247098953698
test_15233,0.5205406117300457
test_15234,0.2919121084546319
test_15235,8.223297258410706e-05
test_15236,0.001536728668699575
test_15237,0.38720931881153414
test_15238,0.031074333374001388
test_15239,6.593135645411048e-07
test_15240,0.013838715605727803
test_15241,0.110264541758273
test_15242,1.8048901913067064e-06
test_15243,0.9722162932912278
test_15244,0.8044973470160812
test_15245,7.095044787088256e-05
test_15246,0.45817139807238094
test_15247,0.48145206861693723
test_15248,0.36047309964654944
test_15249,0.41403774334841076
test_15250,5.002748753305993e-05
test_15251,0.0001323769987392701
test_15252,0.4754441067063074
test_15253,0.002301429857537344
test_15254,0.2564088526123976
test_15255,6.9115419624102e-07
test_15256,0.38232180096425744
test_15257,0.2719986368632041
test_15258,0.27838395127051757
test_15259,0.000212779425582091
test_15260,0.601678736120125
test_15261,0.0013921311471640596
test_15262,2.486517884871532e-06
test_15263,0.2785415712815412
test_15264,0.7503403638997277
test_15265,0.5627192632831988
test_15266,0.007608335396541923
test_15267,0.42240612091425456
test_15268,0.0005017126123930156
test_15269,0.6275911009487707
test_15270,0.7442801440900788
test_15271,8.065179360105312e-05
test_15272,0.9011396838266851
test_15273,0.8794389014846004
test_15274,0.02200640560343687
test_15275,0.24979499932471175
test_15276,0.11336067665662124
test_15277,0.14705215952982403
test_15278,0.8211366458405874
test_15279,0.6805189808041692
test_15280,7.727490217253652e-08
test_15281,1.6257262064491101e-07
test_15282,0.000517386704190678
test_15283,1.2930029840277992e-06
test_15284,0.5504270689965093
test_15285,1.305964899113012e-06
test_15286,1.0103471503788783e-06
test_15287,0.6045100676529913
test_15288,0.0975235237651353
test_15289,0.01766855061494278
test_15290,0.36399993266378977
test_15291,0.2816049914439087
test_15292,0.00016142049389656653
test_15293,0.44069573187278216
test_15294,1.8628607887780155e-07
test_15295,0.00020189696983519847
test_15296,0.581861236133779
test_15297,0.6170482010621238
test_15298,0.004664182690849789
test_15299,0.00013897775456429094
test_15300,0.6186938587931748
test_15301,0.7204766023931706
test_15302,0.47096654165789603
test_15303,0.44546300992046833
test_15304,0.003495781489052363
test_15305,0.016080688714611012
test_15306,0.7638706249376339
test_15307,0.12213058505456012
test_15308,2.1178061272617686e-05
test_15309,3.306096956629929e-05
test_15310,0.36376687860170087
test_15311,9.54464917524676e-07
test_15312,0.6289944293102759
test_15313,0.48841509694617113
test_15314,0.4445244865723527
test_15315,0.0021190308591404515
test_15316,8.031647756069748e-11
test_15317,0.00020914219563738422
test_15318,4.0066116489719e-09
test_15319,3.0583454531116084e-07
test_15320,0.5942292205716206
test_15321,0.9006366386581054
test_15322,0.5768214405482618
test_15323,0.5656497797086121
test_15324,0.4136443996403672
test_15325,0.5682130249965419
test_15326,0.0439630433690579
test_15327,0.00021253335089748955
test_15328,0.45176218928195966
test_15329,2.8031365955961664e-05
test_15330,9.739719165743952e-08
test_15331,0.46138343635658774
test_15332,0.03047261452035007
test_15333,0.3688997747071364
test_15334,0.009467550651764762
test_15335,0.5021915213488928
test_15336,0.4069494972073086
test_15337,1.8147147015470097e-06
test_15338,5.548365534952272e-08
test_15339,6.372660541461788e-06
test_15340,0.5753570925328557
test_15341,9.401227949285476e-09
test_15342,0.0011577565660059184
test_15343,3.3123800752789835e-06
test_15344,0.8061388236620383
test_15345,0.7710415769237797
test_15346,0.00011542569531537525
test_15347,0.26866484988588796
test_15348,8.838632304713194e-06
test_15349,0.17980819724280825
test_15350,0.5396557844591351
test_15351,0.20705637320824793
test_15352,0.00882896094269554
test_15353,0.017756106473767262
test_15354,0.6209354752005241
test_15355,0.06017208092626028
test_15356,1.0703966479225914e-06
test_15357,0.0022112868138736558
test_15358,1.7304441724220697e-05
test_15359,0.9805182014893495
test_15360,0.7692437186348215
test_15361,0.0003431793690840982
test_15362,0.27318868578787786
test_15363,0.5481940678566938
test_15364,0.6138172244791824
test_15365,4.195973991368166e-06
test_15366,0.17457979634236379
test_15367,0.0005421760782685145
test_15368,0.05599778473284385
test_15369,0.3621277944331616
test_15370,0.07396343379806312
test_15371,0.004140554142640935
test_15372,0.5531104298927466
test_15373,0.2813899548276323
test_15374,0.0023626018995335785
test_15375,0.3155508652501207
test_15376,0.8829122566312466
test_15377,0.00017068961898110025
test_15378,0.49143664419303323
test_15379,5.60294657526909e-05
test_15380,0.3057680831769789
test_15381,0.008869478149623211
test_15382,2.2460142318227194e-08
test_15383,0.6303335679173405
test_15384,0.04895219123467132
test_15385,0.00015660002441558797
test_15386,0.1153402849013587
test_15387,0.002686018262950345
test_15388,0.3868934108576144
test_15389,0.8849713142118631
test_15390,0.03733816940393469
test_15391,6.880992873941434e-12
test_15392,0.4380380992053713
test_15393,0.7800052408042211
test_15394,0.5679666195767764
test_15395,0.4674963381084656
test_15396,3.851091285976582e-05
test_15397,0.3123967014571772
test_15398,0.00027380607242605975
test_15399,0.730487812568648
test_15400,0.5985813479389448
test_15401,5.037260034379072e-06
test_15402,0.04934787432048721
test_15403,0.5692860597863926
test_15404,0.5202938291143391
test_15405,0.8706803062406586
test_15406,0.8843221552851266
test_15407,0.00010688548422585557
test_15408,0.1016009552363704
test_15409,0.5763152907538572
test_15410,0.06072607349660743
test_15411,8.414068040094432e-06
test_15412,0.9028011422154304
test_15413,0.688113341130599
test_15414,0.7046031167361031
test_15415,0.41733126245424557
test_15416,0.3407749984494763
test_15417,0.005950933015526243
test_15418,0.45837061012664126
test_15419,0.019694458700268726
test_15420,0.7830872945340055
test_15421,0.6010192800072769
test_15422,0.10181613944045301
test_15423,0.0008642023656737944
test_15424,0.39250558983407036
test_15425,0.24600955854020295
test_15426,0.5478175051157963
test_15427,0.6837937271817015
test_15428,0.9115118874622502
test_15429,1.6331139089700343e-06
test_15430,0.9478221510779324
test_15431,0.002685552709763322
test_15432,0.16067959304548268
test_15433,0.015117898554250785
test_15434,1.3667568284134644e-06
test_15435,0.24418407884384855
test_15436,7.324686486974472e-05
test_15437,0.00043767498161400133
test_15438,0.20435271310819123
test_15439,0.5760570089528017
test_15440,0.2866794113698606
test_15441,0.12219679161911606
test_15442,0.5136706323448136
test_15443,0.470104646228705
test_15444,3.351479679525341e-06
test_15445,0.8607733521388105
test_15446,0.6141051509150274
test_15447,1.6598360007832106e-06
test_15448,0.6164992969407003
test_15449,0.00037639512509180184
test_15450,0.3535519842648863
test_15451,0.017618721168309478
test_15452,0.0004748716573393303
test_15453,0.4483737963991174
test_15454,0.06359332102269721
test_15455,1.712329906012821e-08
test_15456,0.8790164733359807
test_15457,2.1336510157977417e-05
test_15458,0.14747964998482763
test_15459,1.2967583570413392e-07
test_15460,0.0009466430875358597
test_15461,0.8725273757284123
test_15462,0.4660209707181092
test_15463,9.800302478508187e-08
test_15464,0.5813361361615651
test_15465,0.00037080730163322563
test_15466,0.5083441982411137
test_15467,2.581855489291632e-05
test_15468,0.8344288086788727
test_15469,1.215234477141458e-10
test_15470,0.0016660545327130706
test_15471,5.843579797446619e-08
test_15472,0.18065469935948156
test_15473,0.22751645609471163
test_15474,1.2420244617712647e-07
test_15475,0.2627993181806816
test_15476,0.31962447189513055
test_15477,8.870339445870037e-05
test_15478,0.6043287547936845
test_15479,0.8028811989990845
test_15480,0.15416146181242382
test_15481,0.608283985075914
test_15482,0.6505979993841243
test_15483,0.00017699914563167152
test_15484,0.002314461886271689
test_15485,0.5910470222465245
test_15486,0.3060118203194554
test_15487,0.6386801872002726
test_15488,1.0914736047245168e-06
test_15489,0.00040803289601389964
test_15490,0.3084806911908579
test_15491,0.008486659320893672
test_15492,5.91839547792164e-10
test_15493,4.984958628682907e-10
test_15494,0.6414936065420748
test_15495,0.49725522467475136
test_15496,0.30950984080221333
test_15497,8.721869946834755e-05
test_15498,0.17685526956150413
test_15499,0.032648802475064846
test_15500,0.01269198249870992
test_15501,0.9209330793804175
test_15502,7.129309565001213e-07
test_15503,1.7427575217807262e-05
test_15504,0.023982981651278722
test_15505,0.9843276020882651
test_15506,0.5318335682957135
test_15507,0.01697805582348821
test_15508,0.485387496160687
test_15509,0.23665040008733504
test_15510,1.8641658495320254e-07
test_15511,0.00034003679317057685
test_15512,1.7277511175959339e-06
test_15513,4.5113913141828956e-05
test_15514,0.0063458114696781105
test_15515,0.5806939492541293
test_15516,0.759497690435248
test_15517,0.5078903137954541
test_15518,0.06869395395632505
test_15519,6.894206733211828e-08
test_15520,1.2801782003942078e-06
test_15521,0.6234214038674482
test_15522,0.3454240950689264
test_15523,0.4917435921815912
test_15524,0.1832228963964601
test_15525,0.6119278901703852
test_15526,0.25852829567035146
test_15527,0.013203917966990771
test_15528,0.46189193149715485
test_15529,0.016176118810254204
test_15530,0.06474185518910197
test_15531,0.5017182436246838
test_15532,0.5800567481224601
test_15533,3.1696412127954098e-06
test_15534,0.5677213766583283
test_15535,7.4726082102829075e-06
test_15536,2.5884836580138495e-06
test_15537,0.5297261706666679
test_15538,0.09296147401129723
test_15539,0.0025591533547822116
test_15540,0.5590073590898215
test_15541,0.6060068303220442
test_15542,0.07186222767700912
test_15543,0.49439916424407465
test_15544,0.34219837642165224
test_15545,0.5317774231801055
test_15546,0.011549371711738969
test_15547,0.2587828117590211
test_15548,0.4639916750056108
test_15549,4.897706677051065e-06
test_15550,3.672771924272343e-06
test_15551,0.27200953719507703
test_15552,0.1841175719137922
test_15553,0.00022997635367335198
test_15554,0.01259131632444746
test_15555,5.90783946913339e-06
test_15556,0.549153989810234
test_15557,0.1217836739993009
test_15558,1.3649128285120219e-05
test_15559,4.704147385569007e-06
test_15560,0.6961568463047236
test_15561,0.02257293544195489
test_15562,0.0006234377377200199
test_15563,0.20123175959183837
test_15564,0.004768095116377346
test_15565,0.47316299837316317
test_15566,0.0010314547057381973
test_15567,2.8809183511816547e-09
test_15568,0.37520718299557737
test_15569,7.759071845801257e-06
test_15570,0.9264005329901691
test_15571,0.6644243886012691
test_15572,0.27711903065841487
test_15573,0.6542014627690197
test_15574,0.5060846855865804
test_15575,0.0017810965678260677
test_15576,0.11091644904771088
test_15577,0.35131802071543705
test_15578,0.6819800802865159
test_15579,0.008743665031518527
test_15580,0.8800838811253153
test_15581,0.07527149891587105
test_15582,0.0016077040978475503
test_15583,0.0004271428642678924
test_15584,0.6582396449417567
test_15585,0.0017930657730273914
test_15586,4.993589225830244e-06
test_15587,0.850718619297839
test_15588,0.07666405173208915
test_15589,0.0015580215537447165
test_15590,0.14871341368309896
test_15591,5.8548581497328916e-08
test_15592,0.5124578523610037
test_15593,0.7211210893300327
test_15594,0.0002587498863155207
test_15595,0.27989107589004636
test_15596,0.9861797159351234
test_15597,0.42449782129803615
test_15598,0.6832192368369117
test_15599,0.6965498941855823
test_15600,0.8942420247670473
test_15601,0.533692258589229
test_15602,2.0082107136966367e-07
test_15603,4.776799463426434e-05
test_15604,0.033886362882418794
test_15605,0.09874470697506346
test_15606,0.30337968632773327
test_15607,2.454252727433197e-05
test_15608,0.2556534042816216
test_15609,7.156792203541833e-05
test_15610,0.0012129351680583737
test_15611,0.15299931525961563
test_15612,0.4917704090347141
test_15613,0.6639198265586009
test_15614,0.008644306088040881
test_15615,0.15403707727445087
test_15616,0.12451163361881441
test_15617,0.001230028533107242
test_15618,0.3407978956384524
test_15619,0.721141454886653
test_15620,0.30905801272761735
test_15621,0.5450458851621727
test_15622,0.6258520402824703
test_15623,0.3861299675614729
test_15624,0.16316660282835452
test_15625,9.777698524724472e-10
test_15626,0.6101468205995603
test_15627,8.083992241043935e-05
test_15628,0.10097631041257889
test_15629,0.015606051145247926
test_15630,0.6251325134443818
test_15631,0.08533479974127181
test_15632,0.30607121201974874
test_15633,0.18160234586032142
test_15634,4.1365240566656876e-06
test_15635,2.1617563882403495e-05
test_15636,4.7749890367457986e-08
test_15637,0.6396010569708507
test_15638,7.066699194900364e-06
test_15639,0.026148663102216037
test_15640,0.00011994740155469909
test_15641,0.916624364604916
test_15642,1.9960232580284306e-07
test_15643,0.5567945342850993
test_15644,0.39393834011998685
test_15645,0.49631641486338957
test_15646,0.95011278993613
test_15647,0.09913760548611403
test_15648,4.059835505331889e-05
test_15649,0.5502401401791224
test_15650,0.7078444642811894
test_15651,9.327144251859925e-05
test_15652,0.9409892632304182
test_15653,0.24052612111308883
test_15654,0.8923426221874196
test_15655,0.00021892829203267345
test_15656,0.8023065283386749
test_15657,0.6458371964327744
test_15658,0.4908630840193514
test_15659,7.603979785326706e-05
test_15660,0.4459832755045974
test_15661,0.00042672143307673005
test_15662,0.0016441700612461457
test_15663,0.0001565064000984463
test_15664,9.561761302639842e-05
test_15665,0.27598975583158813
test_15666,3.944444063339557e-08
test_15667,0.022179288277237422
test_15668,0.8924128914755631
test_15669,7.058679339606805e-08
test_15670,0.06131289227794781
test_15671,1.4856325795056153e-05
test_15672,0.39691004274192054
test_15673,0.3284254044191893
test_15674,0.22974420235839663
test_15675,0.16527025806854453
test_15676,0.011319775609026679
test_15677,8.563293425454054e-06
test_15678,0.6288447558800848
test_15679,0.00042145149143507307
test_15680,0.4386572311218591
test_15681,0.3008682274780422
test_15682,0.2179656448847181
test_15683,0.6773594047712478
test_15684,0.6286646741891867
test_15685,0.40847650680377534
test_15686,2.2343543180091016e-06
test_15687,0.4976962043530113
test_15688,5.964484747359e-06
test_15689,1.5494648521889587e-07
test_15690,2.1662112055732152e-05
test_15691,0.0024354377471795356
test_15692,0.0008320137384174039
test_15693,0.4451640056416281
test_15694,0.04638531023290841
test_15695,0.0070101058656895565
test_15696,0.5662956111906676
test_15697,0.9916847276047464
test_15698,0.08002144934893311
test_15699,0.680719467255865
test_15700,0.11867946476903715
test_15701,0.5050686778731928
test_15702,0.47883244725200846
test_15703,0.0011888649191362248
test_15704,0.2105684315746205
test_15705,0.8890732461357485
test_15706,0.00010512756436521309
test_15707,0.5095768289609155
test_15708,0.41967583256343577
test_15709,2.9604511837976916e-07
test_15710,0.01933970539550834
test_15711,0.0021525900098683494
test_15712,0.48236448714797375
test_15713,0.5768346227700326
test_15714,0.39336669713780237
test_15715,0.004445152012004352
test_15716,0.00025482615384024885
test_15717,3.338852575682488e-11
test_15718,0.756635184845708
test_15719,0.4812987912832294
test_15720,0.007283839942229523
test_15721,0.002857979100923217
test_15722,0.0011815339247059783
test_15723,0.004270795054935885
test_15724,0.0004584977375967926
test_15725,1.0408466428328626e-08
test_15726,0.5309654019500146
test_15727,0.0927375087240442
test_15728,0.7591918409991256
test_15729,0.45495986163309565
test_15730,0.38748650226869635
test_15731,0.008216329022738729
test_15732,0.29928061087136343
test_15733,0.7106922218883833
test_15734,4.859289928253971e-07
test_15735,1.7027821316159496e-09
test_15736,0.11022616921887789
test_15737,0.7703689863272857
test_15738,0.008338678005946867
test_15739,0.7745687722056273
test_15740,0.1162588680796753
test_15741,0.0009620110159943105
test_15742,0.027595291310864727
test_15743,0.2050829566630841
test_15744,0.12111018503909343
test_15745,0.37068047251288094
test_15746,0.6529668858047712
test_15747,0.732733793509274
test_15748,0.4823837856831335
test_15749,0.5538543624446657
test_15750,0.39401257281823676
test_15751,0.021771600027586033
test_15752,0.04653117360858629
test_15753,0.6174818755266458
test_15754,0.39448207498898624
test_15755,0.468724864752129
test_15756,0.2539361629710681
test_15757,4.354064043104022e-06
test_15758,0.4694538465910875
test_15759,0.43667846696579726
test_15760,0.487841755078952
test_15761,0.0023927092532682326
test_15762,0.011787435122222616
test_15763,0.5352846534462278
test_15764,0.5329640752315999
test_15765,3.046013950660971e-08
test_15766,0.23031850616025457
test_15767,0.000753590086872338
test_15768,0.42835516386553496
test_15769,0.008223752440191917
test_15770,0.02848004909972361
test_15771,0.15014991845998715
test_15772,0.6480129435194126
test_15773,0.010464713454632691
test_15774,0.15299657206477288
test_15775,0.03488040929542939
test_15776,0.02645300041721934
test_15777,0.0010729544964038211
test_15778,0.29141079631014977
test_15779,0.5543259101596308
test_15780,0.5544081854800486
test_15781,0.3295079561823914
test_15782,0.00019023852589292693
test_15783,1.4990448520003021e-09
test_15784,0.7748345041889344
test_15785,0.8758596092418621
test_15786,0.19397717393712544
test_15787,0.5048106372665673
test_15788,0.0031880921595872137
test_15789,4.258515766167968e-05
test_15790,0.8217570049200003
test_15791,0.32200724109691187
test_15792,0.5320653531733708
test_15793,0.5041977213767984
test_15794,0.00032107831036524124
test_15795,1.2960403623880271e-05
test_15796,0.6982022654641231
test_15797,0.30631408406636174
test_15798,0.4564157333126181
test_15799,0.0003513505309444064
test_15800,0.36361169953491346
test_15801,0.039927199915100506
test_15802,0.5877152025233121
test_15803,0.029678058744342022
test_15804,0.7332695313902569
test_15805,0.6841028543067622
test_15806,8.57925609408712e-07
test_15807,0.03203940800626085
test_15808,0.5588780284682443
test_15809,1.5924726821891952e-07
test_15810,0.16242737949903474
test_15811,0.6902377982118189
test_15812,0.0021397898971145727
test_15813,0.47270810902690796
test_15814,0.4830165859072249
test_15815,1.2792570020043308e-05
test_15816,1.8927265525305601e-06
test_15817,0.621556560708309
test_15818,0.4363231488868232
test_15819,1.1882737679832813e-06
test_15820,0.3537081764725503
test_15821,0.2727162064630467
test_15822,0.7458246931763337
test_15823,2.8900856855932192e-06
test_15824,0.35212286466588477
test_15825,0.0008435462743744998
test_15826,0.3505323419684616
test_15827,0.01008644561528298
test_15828,0.3348940038480221
test_15829,0.5510947939852467
test_15830,0.40177494368946
test_15831,0.1854413653670793
test_15832,0.001122487532356198
test_15833,0.730820445015352
test_15834,0.7983459631298642
test_15835,0.0007112395648144559
test_15836,0.010283192577291126
test_15837,8.254430244717945e-08
test_15838,1.5439161559942051e-06
test_15839,0.6483874185837539
test_15840,0.002916890678130036
test_15841,0.42203539444802735
test_15842,4.983402279198394e-06
test_15843,0.7245100654645246
test_15844,0.4697654873415752
test_15845,5.036294800608842e-09
test_15846,0.00013806385081595042
test_15847,0.5334931245982486
test_15848,0.1294470377662667
test_15849,0.6231436325233298
test_15850,0.31817523008830834
test_15851,0.009877726750870753
test_15852,0.4692316272819125
test_15853,1.0194386161516095e-08
test_15854,0.011192302620186669
test_15855,0.4252198654721783
test_15856,0.00034217802585322587
test_15857,0.16990328950437467
test_15858,0.973195221004201
test_15859,0.008998010026451493
test_15860,5.940007601230679e-05
test_15861,7.263872527765859e-05
test_15862,1.7514619219240254e-08
test_15863,0.0002776619434349522
test_15864,0.2475259298353194
test_15865,9.903674043524759e-09
test_15866,4.017399501346312e-06
test_15867,0.000725942649950585
test_15868,0.27923547154912753
test_15869,0.7167286788311311
test_15870,2.0963392303400654e-05
test_15871,0.4913101546953702
test_15872,0.15273117246745732
test_15873,0.45540942051542127
test_15874,0.14604049435510078
test_15875,1.533684278132373e-08
test_15876,0.00018588518272965733
test_15877,0.004427210405318636
test_15878,0.4808392628227974
test_15879,0.05526207601515265
test_15880,0.4459901764642733
test_15881,0.09864427436828871
test_15882,0.1138298685748773
test_15883,4.3523387734884926e-05
test_15884,0.5166915301374568
test_15885,0.8695608865905808
test_15886,0.11154241243313742
test_15887,0.00020484354929873737
test_15888,0.00023832776508724793
test_15889,0.08073446149341713
test_15890,0.10552135890670697
test_15891,0.8024704677985377
test_15892,0.050423646289463366
test_15893,0.11969707828971397
test_15894,1.4706342560088978e-05
test_15895,0.5934536142071649
test_15896,0.3948879698515923
test_15897,0.001759420659195624
test_15898,0.8925452342764388
test_15899,0.14059318395821083
test_15900,0.29492900655339654
test_15901,0.34557061206686274
test_15902,1.5031227478385487e-06
test_15903,0.11296817311243446
test_15904,2.197697964845684e-07
test_15905,0.711382944833026
test_15906,1.3628975364835558e-05
test_15907,0.5870596426376531
test_15908,2.387915215842503e-05
test_15909,0.7819175724616987
test_15910,0.7590923488348316
test_15911,0.018631320981070527
test_15912,0.6506250514068684
test_15913,0.040684234971006004
test_15914,0.47260910673403617
test_15915,0.011068028575006808
test_15916,0.6826574461813427
test_15917,0.0006394623379622559
test_15918,0.7666185788572285
test_15919,0.00032830026260391405
test_15920,0.36224667700657653
test_15921,0.01126820366290598
test_15922,0.3157373849594262
test_15923,0.0017370493090495714
test_15924,8.64132642735136e-07
test_15925,0.0011960142133373912
test_15926,0.36936965367221064
test_15927,0.9942514174693591
test_15928,0.517492966009249
test_15929,0.008422300787997503
test_15930,0.5217363483420367
test_15931,0.00011487707503279403
test_15932,0.4766190357105657
test_15933,0.00017639947757921398
test_15934,1.4629082660996563e-06
test_15935,0.34303086327318877
test_15936,0.2021501686442354
test_15937,0.3097109095562355
test_15938,0.16342646526010068
test_15939,0.7522869677578731
test_15940,0.08599739717131993
test_15941,0.22850936174433117
test_15942,8.77239669532506e-05
test_15943,0.0009152275142601305
test_15944,0.00020023382085229542
test_15945,0.2779985810146112
test_15946,0.09781936951976582
test_15947,0.4749231598304644
test_15948,0.8525286566879275
test_15949,0.9522252873476915
test_15950,0.00023272110336480255
test_15951,0.2758502151223855
test_15952,0.5970271125018639
test_15953,0.004446100031406316
test_15954,0.0014361599787118449
test_15955,1.060721509611494e-07
test_15956,0.0011670347432307076
test_15957,0.8203596071764596
test_15958,0.0061193028731783205
test_15959,0.9721979900256613
test_15960,0.6880331782660054
test_15961,0.5618496809013737
test_15962,0.004435588908265441
test_15963,0.010323860833893994
test_15964,0.0028768367131182687
test_15965,0.047162913468246276
test_15966,0.3785961573433136
test_15967,1.0077706948126556e-05
test_15968,0.049638017507406665
test_15969,0.09169927456839734
test_15970,0.7443574587325436
test_15971,1.1758559018010915e-05
test_15972,0.5711749891165745
test_15973,0.0026162968309223532
test_15974,0.0005456488417878273
test_15975,0.7494631723439643
test_15976,1.6718926536906862e-07
test_15977,0.013200962991462038
test_15978,0.005905001415700368
test_15979,0.4711066447549449
test_15980,0.4268065425262838
test_15981,0.7966270096914272
test_15982,1.3343510353196035e-05
test_15983,0.7248944179684335
test_15984,0.5856417546094593
test_15985,0.36931798131496985
test_15986,0.1655638063318698
test_15987,5.59052689508405e-05
test_15988,0.001508770896076882
test_15989,0.5467682453534904
test_15990,0.6745437453267521
test_15991,3.494613165838003e-05
test_15992,0.7748998237707284
test_15993,0.9668330422007473
test_15994,0.12016307958473221
test_15995,0.47205876779588696
test_15996,0.8648773570790108
test_15997,0.2835277526411847
test_15998,0.5035195540243742
test_15999,0.7183576864341222
test_16000,0.0800436422280863
test_16001,0.49695587168330285
test_16002,2.3414325871726544e-06
test_16003,0.6334265381761036
test_16004,0.0017448830395273302
test_16005,0.3767750756691199
test_16006,0.5669828740915104
test_16007,0.07775844599399295
test_16008,0.00011580639177001999
test_16009,0.04034944990832657
test_16010,0.4629761076070687
test_16011,0.2068558034561643
test_16012,0.48950175280819147
test_16013,8.103267367567202e-06
test_16014,0.4279630927855478
test_16015,0.001668068346281657
test_16016,0.6206466299336989
test_16017,0.7325498197718121
test_16018,0.6335645410882902
test_16019,0.42674855520046834
test_16020,0.8438715945086912
test_16021,0.10117626078232171
test_16022,0.6696957382623994
test_16023,0.00018504097635287125
test_16024,3.4042857758891566e-07
test_16025,1.305643445651183e-07
test_16026,1.2463557646243695e-07
test_16027,0.5829155506894151
test_16028,0.2460383834774267
test_16029,0.0001026452226879749
test_16030,0.24016670742712964
test_16031,0.3651773762968017
test_16032,0.0006929084025910566
test_16033,0.09532498031162515
test_16034,0.7470875935742336
test_16035,0.251164607351998
test_16036,0.00017434068844091958
test_16037,0.38467546534559016
test_16038,0.00046859714835235575
test_16039,0.07526856761696117
test_16040,1.4234559624106066e-05
test_16041,0.3686534053495848
test_16042,0.05356580013179492
test_16043,0.4855408318712765
test_16044,0.804821614081551
test_16045,0.5685452118139083
test_16046,0.37354760768449724
test_16047,0.5821216388898336
test_16048,0.5333436707150813
test_16049,0.001904220224379371
test_16050,0.4380171874549096
test_16051,1.4170425172161627e-06
test_16052,3.5615634844756296e-11
test_16053,0.003009361601358087
test_16054,0.00026919472226675205
test_16055,0.07139277652101735
test_16056,0.0004311933546606735
test_16057,0.00020001940076158387
test_16058,0.9589718064165316
test_16059,0.7807490999460887
test_16060,9.035326291702537e-05
test_16061,8.065707977103563e-07
test_16062,0.2676790841001561
test_16063,0.8763913723618877
test_16064,0.1449218222796541
test_16065,0.6253084236911325
test_16066,0.0001626985330096443
test_16067,0.8744864503653531
test_16068,0.03213243700084215
test_16069,0.2767442786321369
test_16070,0.0003695404803692774
test_16071,0.5696726756922497
test_16072,0.5457890957724697
test_16073,3.195911101911928e-08
test_16074,0.4236811846278542
test_16075,0.4483612460073694
test_16076,0.0029082041818104393
test_16077,0.698113037011237
test_16078,5.2764076882923617e-05
test_16079,0.44299904398656037
test_16080,0.33455828055516007
test_16081,0.5462665183429499
test_16082,0.00010941813149713035
test_16083,0.015479987395549056
test_16084,0.00020382207120822984
test_16085,0.2876286538526184
test_16086,0.0006340246614899574
test_16087,6.035514883120398e-10
test_16088,0.5483921114453486
test_16089,0.21087778228623516
test_16090,0.7163437371054389
test_16091,0.00194600134614229
test_16092,0.2307768163188791
test_16093,0.5082076210971376
test_16094,0.4380644043710698
test_16095,0.009818756989475003
test_16096,2.499039199401674e-06
test_16097,3.1768407123598213e-07
test_16098,0.0523673596847774
test_16099,0.538921428490379
test_16100,0.0005040151455614908
test_16101,2.124682889191467e-05
test_16102,0.8361067470682013
test_16103,0.11607981217458914
test_16104,0.000935180805163709
test_16105,0.12818430162859895
test_16106,0.007610361866240407
test_16107,0.3840341066925698
test_16108,0.077042924683559
test_16109,0.00811182590946794
test_16110,0.33807570792577457
test_16111,0.00031608374601249596
test_16112,0.9563285620905112
test_16113,0.09538054532238902
test_16114,0.25382053069363114
test_16115,0.11640433917453516
test_16116,0.13786432664282472
test_16117,0.3123202310530514
test_16118,0.0019914371955912606
test_16119,0.6625610809773032
test_16120,0.7227407676216332
test_16121,0.6610248574036878
test_16122,0.00031642351466572023
test_16123,0.1113727601325586
test_16124,0.45607307037533706
test_16125,8.313355228555258e-07
test_16126,0.8171054249887901
test_16127,0.66104149947891
test_16128,0.017239121254069928
test_16129,0.7702444439225139
test_16130,0.7523065188119872
test_16131,0.7079826433123573
test_16132,0.0004506670534015503
test_16133,0.43849220700320923
test_16134,0.8507115312637763
test_16135,0.35924601228356706
test_16136,2.2241180291716475e-06
test_16137,0.7391120539360263
test_16138,0.0003704630909589877
test_16139,0.7635633108659915
test_16140,0.00016447852272879186
test_16141,0.03219320979857576
test_16142,0.020303410471201606
test_16143,0.0008323618984747441
test_16144,0.042289485476782365
test_16145,6.132520256531106e-05
test_16146,0.058571596411476815
test_16147,2.3846337830935483e-05
test_16148,0.6028573366087656
test_16149,0.43972577316606243
test_16150,6.427563657830907e-09
test_16151,0.002668194482745995
test_16152,0.2481740177172705
test_16153,0.7424754556788589
test_16154,0.28852739601839283
test_16155,0.6991243278751538
test_16156,1.417550541295063e-05
test_16157,0.4175553993077389
test_16158,7.611287815889508e-08
test_16159,0.22680644036677214
test_16160,0.22031313453921703
test_16161,0.8015055765380573
test_16162,0.7981760719746713
test_16163,2.245790824536521e-05
test_16164,0.43180315374111794
test_16165,6.177644041425354e-06
test_16166,0.2164794369404039
test_16167,0.7114527565449531
test_16168,0.025775756357355562
test_16169,1.851070530058274e-05
test_16170,0.0011956357050893342
test_16171,0.6136850224680153
test_16172,0.12659287503575395
test_16173,1.8979084714753434e-08
test_16174,0.5213276899926632
test_16175,0.5470082023357321
test_16176,0.6399321533328037
test_16177,0.13407698959642503
test_16178,0.2863374244840648
test_16179,0.8274749453385207
test_16180,0.00017084643800460743
test_16181,0.3520276115258338
test_16182,3.22382817308787e-07
test_16183,0.05094714104430744
test_16184,8.629722103131957e-06
test_16185,0.37413449551211175
test_16186,0.08003550277933501
test_16187,0.0040907547618054835
test_16188,0.43547782442571964
test_16189,0.22592535311775896
test_16190,0.00015983031101148048
test_16191,2.052066246920553e-05
test_16192,0.5601453913900543
test_16193,0.0006400560810265965
test_16194,2.935356818387743e-05
test_16195,0.30231324101214613
test_16196,7.612629385712068e-06
test_16197,0.19228545737708122
test_16198,1.6209908855675444e-07
test_16199,0.2417495122827068
test_16200,0.02660354144227301
test_16201,3.489407830517763e-06
test_16202,0.5245560432517496
test_16203,3.4004433372822073e-06
test_16204,0.004916942769998823
test_16205,0.7065152795922649
test_16206,0.9205721026466134
test_16207,0.44670143278406127
test_16208,0.021273755353107635
test_16209,5.685384417130017e-06
test_16210,0.02355830329544955
test_16211,6.476036350364307e-07
test_16212,0.9645929490694234
test_16213,0.5738919541805129
test_16214,0.49052223915654314
test_16215,0.32143891826101817
test_16216,0.004445024008150883
test_16217,0.2627040212207431
test_16218,0.47520241385081274
test_16219,9.41009087936145e-07
test_16220,0.5744644991610589
test_16221,0.7297114067571608
test_16222,0.5596025655661339
test_16223,0.6004203410816342
test_16224,0.004441117990850186
test_16225,0.005276735748308034
test_16226,0.00010004795148079702
test_16227,0.013507289375069233
test_16228,0.00248698566427777
test_16229,0.6016619397459092
test_16230,0.0006478565765204192
test_16231,0.813491702691249
test_16232,1.9774170988499317e-05
test_16233,0.39134653825392535
test_16234,0.6450061881276516
test_16235,0.551427705049501
test_16236,0.001382194578102005
test_16237,0.2560720450471083
test_16238,0.26857405188705147
test_16239,0.17846182498920934
test_16240,0.149176941250067
test_16241,0.15829375486575545
test_16242,0.3105178307373531
test_16243,0.7127944618617565
test_16244,0.23247532102903617
test_16245,0.00040420554275319296
test_16246,2.4081912892384314e-06
test_16247,5.443298765368154e-05
test_16248,1.892122616955927e-05
test_16249,0.5570125040441977
test_16250,0.0013861452269587845
test_16251,0.6296119818996859
test_16252,0.0006158822898900941
test_16253,7.657176951973664e-05
test_16254,0.05915196955000615
test_16255,1.0791388066763777e-07
test_16256,0.00011556831698545986
test_16257,0.010539136703744529
test_16258,0.7255061137508227
test_16259,0.0003500293078273609
test_16260,0.1341356775486676
test_16261,0.8544115036950629
test_16262,0.695661632915042
test_16263,0.4402456244071498
test_16264,0.32996993334187685
test_16265,0.67571274217269
test_16266,0.007244529141486456
test_16267,0.00028677640744635544
test_16268,0.834342876059195
test_16269,2.9359164119914627e-05
test_16270,0.7036057862171355
test_16271,0.17480099015898667
test_16272,0.6458882729746345
test_16273,2.5385814939052633e-06
test_16274,0.5261526135082175
test_16275,2.2533961087804826e-05
test_16276,6.9560782130213875e-09
test_16277,0.00020666110616583434
test_16278,0.43434758171340915
test_16279,0.1530824682495341
test_16280,0.002657084095588508
test_16281,0.5735289457570105
test_16282,0.0035274884656912977
test_16283,0.21159966668968297
test_16284,0.49705494037343484
test_16285,0.638522147676072
test_16286,0.8031070369060187
test_16287,0.5175002918777536
test_16288,0.0001800746717238631
test_16289,0.6445716019949389
test_16290,0.4245634760046927
test_16291,0.33246312328727673
test_16292,0.7348112916269642
test_16293,0.0035132939438393958
test_16294,0.00030723399267672247
test_16295,0.00250734100166459
test_16296,0.0001983378533710563
test_16297,0.31106671216915716
test_16298,0.007113971124309169
test_16299,0.7077751948256198
test_16300,0.5918652491202542
test_16301,0.2617012767132387
test_16302,0.43194461056029776
test_16303,0.0012433476053921688
test_16304,0.10977582519241497
test_16305,6.802217594909475e-05
test_16306,0.5917249202723438
test_16307,4.118711012841302e-06
test_16308,0.9621881238779635
test_16309,4.2543376552312407e-07
test_16310,0.03564799594691075
test_16311,0.2933964000370472
test_16312,3.3408944863712855e-07
test_16313,0.3713779899054105
test_16314,0.0007792348747915333
test_16315,0.0001301548010759505
test_16316,0.5706120859440151
test_16317,0.08267105148156603
test_16318,0.4246978259946572
test_16319,0.031868618692938916
test_16320,7.87425591124803e-06
test_16321,0.30264034497113745
test_16322,0.39730501596765583
test_16323,4.16697296212464e-07
test_16324,0.8069327300154574
test_16325,7.1180004442429e-05
test_16326,0.5301181221031818
test_16327,0.3106362019977947
test_16328,0.571561485863372
test_16329,8.371357423345639e-07
test_16330,0.22795253740434987
test_16331,0.5423436958396024
test_16332,0.9062900815474239
test_16333,0.579088979895682
test_16334,0.5672735116033953
test_16335,0.6654160296798094
test_16336,0.46342494748211543
test_16337,0.528632994448225
test_16338,0.08233362969171461
test_16339,0.624661645299954
test_16340,0.5779074495474653
test_16341,0.0002557508721920989
test_16342,2.988903638579457e-07
test_16343,0.6603518356263757
test_16344,0.004476681721685571
test_16345,0.6235918217995113
test_16346,0.0015265312816176598
test_16347,0.7087221117789874
test_16348,1.2042183753537906e-05
test_16349,0.6769411136418597
test_16350,1.0258857712037285e-05
test_16351,0.001447681131593714
test_16352,0.0003328601942705654
test_16353,0.5814669221414795
test_16354,0.8353902154693538
test_16355,0.055566265602260266
test_16356,0.6143351942179249
test_16357,3.677267177187109e-05
test_16358,0.0024336793603042172
test_16359,0.00010031615542143193
test_16360,0.05065024378280862
test_16361,1.7028973358807085e-05
test_16362,0.0002945006288304642
test_16363,0.2873320677510452
test_16364,0.5877404238244943
test_16365,0.8177888528556936
test_16366,0.5547328131275424
test_16367,0.03381661600118223
test_16368,0.4224994533247753
test_16369,2.7910622265282225e-05
test_16370,0.2633611772027142
test_16371,0.9862619685914152
test_16372,0.6199173792268451
test_16373,0.002150657996075142
test_16374,0.24206277192384315
test_16375,0.0027173708929643116
test_16376,0.1315039544853105
test_16377,0.3091410681054647
test_16378,9.279864661330529e-06
test_16379,5.960233947703134e-07
test_16380,0.19195013314162063
test_16381,0.0011206421503654402
test_16382,0.0007386974771879212
test_16383,0.45273821871216324
test_16384,0.9293490678113348
test_16385,0.5488756704332717
test_16386,2.754458064942705e-05
test_16387,0.12365262705562169
test_16388,0.4159769111185173
test_16389,9.395696575112799e-05
test_16390,7.904740722631136e-06
test_16391,0.004576224766349042
test_16392,0.6748591602595223
test_16393,0.007888493906774345
test_16394,0.08013533473539383
test_16395,0.5435175268308906
test_16396,0.7118524767537616
test_16397,0.15442684928439365
test_16398,0.8482622652645873
test_16399,0.16192448500865897
test_16400,0.48335103590316203
test_16401,0.519713974643929
test_16402,0.2959714975231408
test_16403,0.0009174381424921058
test_16404,0.6040372191032618
test_16405,1.716479688111673e-07
test_16406,0.6218176042872332
test_16407,0.776394756981712
test_16408,0.010045775458717087
test_16409,0.11671934734704226
test_16410,0.18282883895896707
test_16411,0.0008380252742873701
test_16412,0.0008926355473483587
test_16413,0.644125617724881
test_16414,1.2664189928402678e-06
test_16415,0.9060106926752522
test_16416,0.0007694966310103169
test_16417,0.0006008274748812142
test_16418,4.672644698071761e-07
test_16419,0.49157671752046933
test_16420,0.29777319087642634
test_16421,0.6517797539951645
test_16422,0.4638638524957459
test_16423,0.9480147879462191
test_16424,0.11279024149530718
test_16425,2.29485493392668e-05
test_16426,0.0006456835712957105
test_16427,0.46986821861918643
test_16428,0.40628592723571144
test_16429,0.724431674089793
test_16430,0.5231320473999906
test_16431,0.5181636849073658
test_16432,0.49335962331282407
test_16433,0.25374465920368416
test_16434,0.39340493333254417
test_16435,0.33542177582307525
test_16436,5.5986062536856094e-05
test_16437,0.4496044592661899
test_16438,0.41945335142829526
test_16439,0.8909441433896587
test_16440,1.76280718150129e-09
test_16441,0.00016540701250190406
test_16442,0.5775413225391518
test_16443,2.9256243797326965e-10
test_16444,0.0028171878344739588
test_16445,0.851762677116718
test_16446,0.25624033552875264
test_16447,1.1690147501117426e-06
test_16448,0.0001824123787370176
test_16449,0.714698338913552
test_16450,0.7314745071309894
test_16451,0.821993440378257
test_16452,2.8411055096941073e-10
test_16453,0.5203076874951083
test_16454,0.21826439743432663
test_16455,0.0004173132023974694
test_16456,0.000907168619995671
test_16457,0.4553125284269399
test_16458,9.069631122330043e-07
test_16459,0.5796593806914103
test_16460,0.36007748445040405
test_16461,0.007388275185204042
test_16462,0.3562723596319287
test_16463,3.5727523283481367e-06
test_16464,0.3396113726689258
test_16465,0.06852859655301326
test_16466,0.5815842528712563
test_16467,5.052268735899436e-09
test_16468,0.7045413968948236
test_16469,0.637339281731128
test_16470,0.00036777615374179186
test_16471,5.047158738511395e-05
test_16472,0.5501838427492537
test_16473,0.36156771042129526
test_16474,0.4047183815791862
test_16475,0.6124167839734633
test_16476,0.0046237371925586575
test_16477,0.6895112705801525
test_16478,0.8908738311314757
test_16479,0.44554220739327377
test_16480,1.1205653702262843e-05
test_16481,0.05440936675184691
test_16482,0.1632434335442045
test_16483,0.5605683020638088
test_16484,0.5114852049689251
test_16485,0.0038033354933773977
test_16486,0.00044054023552820236
test_16487,0.00011752565823385959
test_16488,0.4088470847825359
test_16489,0.4980833596626016
test_16490,0.007156826608855791
test_16491,0.3757086819199498
test_16492,0.3609034340004809
test_16493,0.02979944250008714
test_16494,0.37545790279834335
test_16495,2.7624240422135804e-06
test_16496,0.03785233639585891
test_16497,0.04498092710048308
test_16498,1.5911282967931187e-08
test_16499,0.19651969177529427
test_16500,0.6689229654846537
test_16501,0.05281426634094163
test_16502,0.4550662219687956
test_16503,0.4060883422680841
test_16504,0.5195831660623967
test_16505,1.5502852693483275e-06
test_16506,0.010835986883381336
test_16507,0.48834010061851413
test_16508,0.5073571281189431
test_16509,0.16900635298755703
test_16510,1.4652822900931038e-07
test_16511,0.8302291052399557
test_16512,1.317614747951267e-06
test_16513,0.7425655746803298
test_16514,2.4167605315678824e-07
test_16515,0.666324966946
test_16516,0.8926404325291212
test_16517,0.07470695324267297
test_16518,0.7073788811336089
test_16519,8.914393086002145e-07
test_16520,0.4340777013808279
test_16521,0.6815137944907763
test_16522,0.3565220853455903
test_16523,0.0002857157377240245
test_16524,0.29897629884628146
test_16525,0.0003264541991552534
test_16526,0.0003017803783736948
test_16527,0.34504462514087797
test_16528,0.7086706881421251
test_16529,1.0806274417579944e-05
test_16530,0.4630341919191247
test_16531,1.3244044211357826e-06
test_16532,0.7269227631394458
test_16533,0.020201404427846854
test_16534,1.2771490148811158e-11
test_16535,0.0011305960247824456
test_16536,0.4403097247557386
test_16537,0.00021211394997236788
test_16538,0.6717049541300031
test_16539,0.002293203675088194
test_16540,0.2891663932640238
test_16541,0.051946460442098816
test_16542,0.2306096905890493
test_16543,0.15066637274355615
test_16544,0.0031138830502105744
test_16545,6.91791478957499e-05
test_16546,2.5300439755547252e-05
test_16547,0.17148076995186778
test_16548,1.1035715726264407e-05
test_16549,0.22513732460625527
test_16550,0.4872018020558484
test_16551,0.9950592313219844
test_16552,5.2426106476151344e-05
test_16553,0.026783897097727688
test_16554,0.13918597897233098
test_16555,0.6970121550983618
test_16556,0.4118151664960031
test_16557,0.8367264265967667
test_16558,0.6394465346248456
test_16559,0.5471078072316735
test_16560,7.326241485283003e-05
test_16561,0.17602241900483712
test_16562,0.01731011882455876
test_16563,0.0319455675970997
test_16564,0.11315633689339283
test_16565,0.35187097276743534
test_16566,0.0002863698782286608
test_16567,0.013831622348076654
test_16568,2.8639005478579492e-08
test_16569,0.5376099817321792
test_16570,0.0014069803039529949
test_16571,0.4254695587459283
test_16572,0.5536644174413943
test_16573,2.8708112855467793e-05
test_16574,0.566329526802914
test_16575,0.30901381135616224
test_16576,8.497400926881094e-05
test_16577,2.8085456230531173e-06
test_16578,0.9885269865348674
test_16579,0.08769559810720286
test_16580,5.922312370624952e-06
test_16581,0.4241875431033114
test_16582,0.5768658321819163
test_16583,0.28604871426698664
test_16584,0.42377487502419947
test_16585,0.47551278994770624
test_16586,0.5049905587480407
test_16587,0.3525087097070472
test_16588,2.6403821923194616e-05
test_16589,0.511227823653567
test_16590,0.176895269985659
test_16591,0.9321416538246541
test_16592,0.00014148144697649897
test_16593,0.5444758752405178
test_16594,0.3886458113967224
test_16595,0.8367217785849513
test_16596,0.5381104685683104
test_16597,0.4994417870694218
test_16598,0.11987687683756733
test_16599,0.44398034135533343
test_16600,0.4301480557263945
test_16601,0.35751869376122614
test_16602,0.9813553662678721
test_16603,3.0194633670344298e-05
test_16604,6.685164042003654e-07
test_16605,0.3105127462533159
test_16606,0.56699031106632
test_16607,6.586844959524348e-06
test_16608,0.9773570403415854
test_16609,0.5312503053584007
test_16610,0.0056927008063916325
test_16611,0.46984386281880136
test_16612,0.6055678638810866
test_16613,0.6318920450054728
test_16614,0.004029033680017757
test_16615,0.004188117343716758
test_16616,0.24691504101007727
test_16617,0.11863953525670358
test_16618,0.062068461441464794
test_16619,0.5878962742941805
test_16620,0.673048638941075
test_16621,0.4904007606038642
test_16622,0.0401167767963294
test_16623,0.613777744421669
test_16624,4.358269081334424e-08
test_16625,0.6121779860862395
test_16626,0.160115164126569
test_16627,0.5795732723099744
test_16628,0.45503163241411765
test_16629,0.00019675464476002634
test_16630,4.24046769245162e-05
test_16631,2.606438497447451e-06
test_16632,0.4491127174378391
test_16633,0.28435976276596114
test_16634,0.5865814957615421
test_16635,2.1000907907195946e-05
test_16636,1.89895170099659e-05
test_16637,0.5795121585231171
test_16638,0.38215713062781
test_16639,0.5090186974254717
test_16640,0.42969858566205693
test_16641,0.2930473195984033
test_16642,0.49757803706017806
test_16643,0.6604565970471357
test_16644,0.6893911727923188
test_16645,0.3009090235541819
test_16646,0.00580972361296611
test_16647,0.3709413065928417
test_16648,0.4251281398442705
test_16649,0.7300179382996563
test_16650,0.006014644794453849
test_16651,0.00043602467500068363
test_16652,0.15432468368416266
test_16653,0.9369487552179986
test_16654,0.00956253942185815
test_16655,0.20084883781369428
test_16656,0.22017981991172964
test_16657,6.472748543456251e-09
test_16658,0.002147894032842536
test_16659,0.18111621852584656
test_16660,0.0016318153951364789
test_16661,0.3871142464087932
test_16662,6.935520279836339e-05
test_16663,0.5572780799292842
test_16664,0.7361998417217782
test_16665,0.24193491856028196
test_16666,0.948009063601134
test_16667,3.395301393845209e-06
test_16668,0.45779551220184006
test_16669,0.009065305796532929
test_16670,0.5399317600116599
test_16671,0.5600746727645616
test_16672,1.5431070133253081e-06
test_16673,0.4138048330202408
test_16674,0.41450969603309584
test_16675,0.7980363375975147
test_16676,0.5266369171512867
test_16677,0.6466413704543157
test_16678,0.00012697786395438017
test_16679,0.00825277738821975
test_16680,0.38376091361493014
test_16681,0.36661285112982817
test_16682,0.7120633322595676
test_16683,0.0028522770302351207
test_16684,6.788698589936126e-06
test_16685,0.2090829866409784
test_16686,0.28872900784396693
test_16687,0.5269889196189286
test_16688,0.01078679350125562
test_16689,0.7559374609035819
test_16690,3.9217050882351576e-05
test_16691,0.0001932579439482872
test_16692,0.5684980985804938
test_16693,0.4898586649388776
test_16694,0.3868007594133617
test_16695,0.05200635395800102
test_16696,6.976488328318987e-07
test_16697,1.3733586873337296e-05
test_16698,0.7128643360805064
test_16699,0.6857624930146101
test_16700,0.5268023993074102
test_16701,1.956313756704261e-06
test_16702,0.61626093542525
test_16703,7.714499283931043e-07
test_16704,0.7383894996871276
test_16705,0.44633945276441556
test_16706,0.5206196318927292
test_16707,0.23350913717734098
test_16708,0.669901597689763
test_16709,0.08034420374683653
test_16710,0.42996968578606665
test_16711,0.000505620295106563
test_16712,0.3679398191960496
test_16713,2.4747297382211696e-05
test_16714,0.0003279660429904109
test_16715,0.3509858631427687
test_16716,1.0689763394545502e-10
test_16717,0.8270238133770782
test_16718,0.257753223017612
test_16719,0.5352414139882783
test_16720,0.39586152421475895
test_16721,9.313632520973609e-05
test_16722,0.9686923514320542
test_16723,0.8706630596158146
test_16724,0.4646289593669213
test_16725,0.16218585189642312
test_16726,0.07302682341081175
test_16727,0.4824194104156825
test_16728,0.4810768951245581
test_16729,0.563220543337914
test_16730,0.1201959680739738
test_16731,3.007688692224864e-05
test_16732,0.534832009651775
test_16733,2.997902353359058e-06
test_16734,0.00035343303022071233
test_16735,0.0043522896219155656
test_16736,0.5079450446502604
test_16737,0.023013285944488423
test_16738,1.859721604219542e-08
test_16739,1.6141627548950165e-11
test_16740,1.3350777971091244e-08
test_16741,3.2942134587025313e-09
test_16742,0.8153605204163332
test_16743,0.054211928566275706
test_16744,0.9617697275108373
test_16745,0.16336069345459742
test_16746,0.7575199615812296
test_16747,0.08581549501657361
test_16748,0.6604366815476058
test_16749,8.506935543554872e-08
test_16750,0.6322982586679391
test_16751,0.0001057415671128311
test_16752,0.39413664082819627
test_16753,3.7013560462090193e-07
test_16754,0.22264787459714463
test_16755,0.12207553210387177
test_16756,0.6884714458790819
test_16757,3.232044632750047e-07
test_16758,9.819832474779517e-05
test_16759,0.013621846435690145
test_16760,2.1054951553993524e-05
test_16761,0.4990748701733275
test_16762,0.358732812966099
test_16763,0.811640230299253
test_16764,0.3191782737520405
test_16765,0.09555902400016822
test_16766,0.852609458334762
test_16767,0.017645359042520157
test_16768,8.596226249823107e-07
test_16769,0.018452421301852994
test_16770,0.5042012133474186
test_16771,0.4131627770533295
test_16772,0.6407374683924572
test_16773,0.6987275100315813
test_16774,0.1317511190069128
test_16775,0.8433016296374101
test_16776,0.1655923178973486
test_16777,0.006388438603183301
test_16778,0.12449505995360495
test_16779,0.22605808385026666
test_16780,0.7801483764924159
test_16781,0.24944243749867206
test_16782,0.6710258570075885
test_16783,0.16657873649404864
test_16784,0.7489603002609184
test_16785,0.8387930041793763
test_16786,0.5372107359151971
test_16787,4.387488761430408e-05
test_16788,0.48566607246175997
test_16789,5.207921779384722e-05
test_16790,0.6478665456516229
test_16791,1.2548802813855458e-05
test_16792,0.01959884655893921
test_16793,3.252104608368539e-05
test_16794,0.002501265114056464
test_16795,0.21667204531964104
test_16796,0.279586748522813
test_16797,2.97022711602108e-06
test_16798,0.001302603466297058
test_16799,0.6155865116160713
test_16800,0.43764569612105225
test_16801,0.0009089331761172265
test_16802,9.90461120844667e-07
test_16803,0.643263723920297
test_16804,0.00040936523733797135
test_16805,0.5740605616959246
test_16806,1.48520102846029e-09
test_16807,2.1746208759550253e-06
test_16808,0.055985189937275984
test_16809,0.007531826977237236
test_16810,3.206293461833587e-06
test_16811,0.3696010463812484
test_16812,0.30129831261454393
test_16813,0.007880916387712909
test_16814,0.6437101881211439
test_16815,0.7556166287087414
test_16816,3.545896985025672e-08
test_16817,0.680252561762177
test_16818,0.0002777280243259071
test_16819,0.7007210058270874
test_16820,4.159838430062866e-06
test_16821,0.01352055134578719
test_16822,0.6976333766539395
test_16823,0.9538702837985892
test_16824,1.416876407039424e-06
test_16825,0.1977430232023883
test_16826,0.47056900002098306
test_16827,0.6680616209751458
test_16828,0.2756076527875052
test_16829,0.21734867606055766
test_16830,0.6816052032867373
test_16831,0.6730102998133591
test_16832,0.0357746065110768
test_16833,0.04972193371211571
test_16834,0.0016924645389470548
test_16835,0.00031169456001819035
test_16836,0.7311110037752245
test_16837,0.005925412571510823
test_16838,0.48411272845878445
test_16839,0.12742226888583583
test_16840,0.546575890092185
test_16841,0.4700129124433384
test_16842,0.018798355653212296
test_16843,0.23400656563607353
test_16844,0.9766691270779005
test_16845,0.03779470131505539
test_16846,0.14172087914413256
test_16847,0.7428147638801406
test_16848,5.853011621412581e-05
test_16849,0.9413281986902061
test_16850,0.0032853230935824362
test_16851,0.6783072073492132
test_16852,0.8807036629920995
test_16853,0.7552275954398949
test_16854,1.1033273534251023e-08
test_16855,1.9806314520589724e-06
test_16856,0.5647744802458212
test_16857,0.5773115516419592
test_16858,8.467897215283899e-05
test_16859,1.5468710860462636e-08
test_16860,0.00012849657056048782
test_16861,0.44544848417763394
test_16862,0.4236222347153131
test_16863,0.6282266581560864
test_16864,0.3024818877945799
test_16865,0.46934019155767265
test_16866,0.8116372576566548
test_16867,0.008030826306549372
test_16868,0.00019000551487085177
test_16869,0.8751444036553935
test_16870,2.47552324179113e-05
test_16871,0.9829952571072429
test_16872,0.024570693785568903
test_16873,0.7931554398394904
test_16874,0.528630189395563
test_16875,0.8608355233392594
test_16876,0.09855371885561973
test_16877,0.007030807568309272
test_16878,0.4699362337582078
test_16879,0.055045489445940975
test_16880,0.200848505458127
test_16881,0.5839919270311087
test_16882,0.3092898677875087
test_16883,0.3794437756448343
test_16884,0.9298157312807761
test_16885,0.42879602241401704
test_16886,0.0004331090571343991
test_16887,0.029302279174963614
test_16888,0.8746564920084422
test_16889,0.002488711926857755
test_16890,0.2836039858291792
test_16891,0.0012122758796631952
test_16892,0.8589490644024311
test_16893,2.9005538641765957e-05
test_16894,0.14948674665391498
test_16895,0.3185803841133954
test_16896,0.31442395206758667
test_16897,6.0685963575202565e-05
test_16898,0.05435769052970022
test_16899,0.003979136714792358
test_16900,0.030335809076675452
test_16901,0.29872122669097506
test_16902,0.6784825278116041
test_16903,2.50789466467098e-06
test_16904,0.0012151839443907716
test_16905,0.00024617470413806225
test_16906,0.5564711101699573
test_16907,0.0009088244107761651
test_16908,3.580424580318405e-09
test_16909,0.002511587046410902
test_16910,0.5649762653863207
test_16911,0.15647751937475127
test_16912,0.054237394924174696
test_16913,0.2779100712251315
test_16914,0.5995883897898382
test_16915,1.5951235673866816e-06
test_16916,0.10201604366436512
test_16917,0.19583879602643753
test_16918,0.1086354252056134
test_16919,0.25989290009265625
test_16920,0.7846501151977863
test_16921,0.3916568790728679
test_16922,0.32926786837337907
test_16923,0.49065599503248325
test_16924,0.30334425452111224
test_16925,2.30016380962851e-07
test_16926,0.5927752096860032
test_16927,0.2446334715726442
test_16928,4.707577692873703e-05
test_16929,5.634085027134419e-05
test_16930,0.5210202264557527
test_16931,0.9067963880299125
test_16932,1.2437589357130051e-08
test_16933,0.0076452341975387
test_16934,0.6612280683166507
test_16935,0.08210347913538053
test_16936,0.3009427992992227
test_16937,0.494263363531294
test_16938,0.49130317038240323
test_16939,0.319042518681572
test_16940,0.3505816086029368
test_16941,0.49863520358544544
test_16942,2.122653924500073e-05
test_16943,0.863995096713678
test_16944,0.0007209114214781651
test_16945,8.908981239920778e-06
test_16946,0.5327768210008849
test_16947,6.816003794190554e-09
test_16948,0.5821479625893659
test_16949,0.5044636176168548
test_16950,0.5182286646690548
test_16951,0.5267551761907932
test_16952,4.025284947984342e-05
test_16953,0.000567148087392272
test_16954,0.6960016366500528
test_16955,0.9297938999596493
test_16956,0.4250608089560764
test_16957,0.6368336240802546
test_16958,0.0064043625225008935
test_16959,0.3466715122117843
test_16960,0.7729890866655181
test_16961,0.5180838790573402
test_16962,0.0005880722916157957
test_16963,9.634934551588993e-05
test_16964,0.392535193384837
test_16965,0.48456117120595477
test_16966,0.006653831075827117
test_16967,0.5409027639051367
test_16968,0.28564645519528326
test_16969,0.3033047373148645
test_16970,0.5730061388083124
test_16971,1.0444467729433696e-05
test_16972,0.43763832639508227
test_16973,0.9710502966559561
test_16974,0.5319786051187568
test_16975,0.2470846125455652
test_16976,0.6682004196182508
test_16977,0.25498485807418336
test_16978,0.590652738697467
test_16979,0.3630035576544043
test_16980,0.37658392382123035
test_16981,0.9973004449397822
test_16982,2.9748481314190967e-06
test_16983,1.9992236443255082e-05
test_16984,0.018664677538828823
test_16985,0.012887996861073307
test_16986,7.166020722845289e-09
test_16987,0.26464304884133233
test_16988,0.3941044133049651
test_16989,0.0003598312062577595
test_16990,0.27649488548909074
test_16991,0.6119125057319118
test_16992,3.645118658251064e-06
test_16993,0.72319905884673
test_16994,0.0004379059421673834
test_16995,0.5149710061275553
test_16996,0.3587424039019325
test_16997,0.04771384817654937
test_16998,0.3217783261116082
test_16999,0.012480478160572895
test_17000,0.34429445286995103
test_17001,0.3630791117689849
test_17002,0.0003562833273819876
test_17003,0.43158865173640876
test_17004,0.0333045951666359
test_17005,0.5773070419753091
test_17006,0.011784857174062083
test_17007,0.5868034213018797
test_17008,0.058704805609573855
test_17009,2.966056125752848e-07
test_17010,0.01942338849731197
test_17011,0.1267178682751894
test_17012,7.575836325079128e-05
test_17013,0.0004942492395025564
test_17014,8.546405965869862e-08
test_17015,0.028622932426986762
test_17016,0.46354437644217067
test_17017,0.4787209135523929
test_17018,0.0715532132987717
test_17019,0.22067642148984934
test_17020,0.6775021826704524
test_17021,0.28179133555018554
test_17022,0.02116378394929441
test_17023,0.0019949036742904413
test_17024,0.8517714675029173
test_17025,0.44589704183020834
test_17026,0.3860162574232148
test_17027,8.714876135995373e-05
test_17028,0.006780293018466475
test_17029,0.000499925946947942
test_17030,0.0002680092359659972
test_17031,0.18172420674440962
test_17032,0.3694073936141572
test_17033,0.5642305065724788
test_17034,0.0015846148855836269
test_17035,0.4539861833558094
test_17036,0.007368968498501531
test_17037,0.11432003244398331
test_17038,0.38872186836342826
test_17039,0.00011399607872874244
test_17040,0.008012669251658146
test_17041,0.5693790404393324
test_17042,0.8059703279241371
test_17043,0.9113974522593343
test_17044,0.48053361101693387
test_17045,0.3995316709748701
test_17046,2.0739733540777273e-05
test_17047,0.7037446643710974
test_17048,0.0014169242354168871
test_17049,0.003593300909879952
test_17050,0.8652095211126288
test_17051,0.7805393665684299
test_17052,1.1486870667972364e-05
test_17053,7.934929908155023e-07
test_17054,0.633593870136643
test_17055,0.3280538820938028
test_17056,0.75310594557993
test_17057,0.00027793457535344314
test_17058,5.013895472062881e-07
test_17059,0.5573477885845048
test_17060,0.49294099824275206
test_17061,0.001754194678459231
test_17062,0.0005170245488583463
test_17063,0.008567804895041914
test_17064,9.946283629391143e-09
test_17065,0.8322782827527881
test_17066,1.026991419639381e-07
test_17067,0.005202521452048837
test_17068,0.42221406100240255
test_17069,0.00010210185694158222
test_17070,0.00044554620146562576
test_17071,0.7533504400797324
test_17072,0.21274577651961232
test_17073,0.001599229648157033
test_17074,1.103782522893081e-05
test_17075,0.001668570056646897
test_17076,0.33510306585316596
test_17077,0.02333108197897078
test_17078,0.9232754421242012
test_17079,0.4997430692182154
test_17080,0.9350047370347073
test_17081,0.005204583385910564
test_17082,0.24951225994381732
test_17083,1.6136001477211602e-05
test_17084,1.0315092580030138e-08
test_17085,0.02019163721405339
test_17086,3.081931686875213e-05
test_17087,0.8719948735270796
test_17088,3.999330192895064e-05
test_17089,5.782045202906928e-05
test_17090,2.0399583007486267e-06
test_17091,0.477808381474088
test_17092,0.04948027592689322
test_17093,0.5063372201053677
test_17094,0.7267232708738995
test_17095,0.01109865809871617
test_17096,0.6399142594837527
test_17097,0.7806597321434448
test_17098,0.00012618590745006373
test_17099,0.0021189564940514156
test_17100,0.5213597135381293
test_17101,0.020536603951848486
test_17102,7.515552830327928e-08
test_17103,0.16601607954395856
test_17104,0.39281862053271316
test_17105,0.717726939099427
test_17106,0.5257527072319562
test_17107,1.4499597472612674e-06
test_17108,0.27395256752515057
test_17109,2.7510894579073515e-08
test_17110,0.646497397039812
test_17111,0.4032944230509954
test_17112,9.264822553626306e-05
test_17113,0.7356952879198397
test_17114,0.3045994266448761
test_17115,6.317359347592012e-06
test_17116,0.4258533554016823
test_17117,0.007153331495133953
test_17118,0.44814823523840225
test_17119,2.4621347257480912e-05
test_17120,0.886038051744043
test_17121,0.6915983692921641
test_17122,0.1518318605218292
test_17123,0.6613969738628925
test_17124,0.6155483439725024
test_17125,0.550824509425077
test_17126,0.011232566364072917
test_17127,0.4990383692692555
test_17128,2.12477548089295e-05
test_17129,0.9134932972436295
test_17130,0.6479322218893732
test_17131,0.2808812667845687
test_17132,0.09127529012467292
test_17133,0.39038083981110266
test_17134,0.4573916320297513
test_17135,8.84127634058474e-07
test_17136,1.943730759446057e-09
test_17137,0.3643257877003095
test_17138,0.9269851699063327
test_17139,0.4176890822808114
test_17140,0.9479681908654329
test_17141,0.001618282876400855
test_17142,0.6919375495053801
test_17143,0.36149392557089305
test_17144,0.6476885833639678
test_17145,0.6424707253534894
test_17146,0.6356240006045981
test_17147,0.2383128996439375
test_17148,0.0008528342480486939
test_17149,4.517371248872877e-05
test_17150,0.016617289443759356
test_17151,0.5548023505984679
test_17152,0.11477597233620329
test_17153,0.181981577376407
test_17154,4.4882039116631217e-07
test_17155,0.3452516792193333
test_17156,0.4599135247420853
test_17157,0.5269512046221774
test_17158,0.5885688689503662
test_17159,0.06179602726215186
test_17160,4.125859877652036e-05
test_17161,0.6454908101465741
test_17162,0.00016799675848942603
test_17163,0.2695336057113989
test_17164,0.5091650672757883
test_17165,0.12412338503206952
test_17166,0.12472903371657867
test_17167,0.2813911175371767
test_17168,0.6109650560072222
test_17169,0.6485173677266506
test_17170,4.994111271566579e-05
test_17171,3.317001165061658e-05
test_17172,0.6217386635873015
test_17173,0.010390323475840306
test_17174,0.0025737201580259307
test_17175,0.4998137139262705
test_17176,0.4537142188960825
test_17177,0.4903226079964736
test_17178,0.16717190446758862
test_17179,0.1320349471565912
test_17180,4.8472354450002246e-05
test_17181,4.884494197738745e-07
test_17182,0.00010516855915163041
test_17183,1.067547897346205e-06
test_17184,0.8070284219521932
test_17185,0.0005882450145012618
test_17186,0.389614703341428
test_17187,0.06755407359514332
test_17188,2.617017774398152e-09
test_17189,1.96034795744455e-05
test_17190,4.3721894468025176e-07
test_17191,2.3584082973857995e-05
test_17192,0.3520532336048865
test_17193,1.2548239978497739e-05
test_17194,0.341796864908238
test_17195,0.2825182757714819
test_17196,0.6996300669580623
test_17197,0.522520330464804
test_17198,0.4826393622621787
test_17199,0.3621216133464816
test_17200,0.3681625765787535
test_17201,0.3366892068043633
test_17202,7.002257041963331e-06
test_17203,0.001688347492961613
test_17204,0.6224739125412843
test_17205,0.2108141004886476
test_17206,0.006722251998435663
test_17207,0.5801231786520685
test_17208,0.8217409438791892
test_17209,0.4008115765001936
test_17210,0.4906015722065619
test_17211,0.00019264290803314263
test_17212,0.7868554068237903
test_17213,1.6072033068727618e-06
test_17214,0.0035403137872532875
test_17215,7.338407169305084e-08
test_17216,1.1201206900565966e-11
test_17217,0.671902531580559
test_17218,0.5940818434178907
test_17219,0.30656083399190437
test_17220,0.7404249582843233
test_17221,0.00985320500091453
test_17222,9.95700198917989e-08
test_17223,1.3629444264719765e-05
test_17224,0.3307856812432131
test_17225,0.424631028544797
test_17226,2.210453833565476e-05
test_17227,0.08812170574827757
test_17228,0.5400116685663265
test_17229,0.7218178741090076
test_17230,0.46764608985472894
test_17231,0.2402480594479698
test_17232,3.4650402677378347e-06
test_17233,0.2544207143505731
test_17234,0.3186355103174834
test_17235,0.26093951001343585
test_17236,0.14217244029978332
test_17237,0.0010706175370411622
test_17238,0.00019285256692324048
test_17239,4.103380893105227e-05
test_17240,0.39068598479036115
test_17241,0.49669853711862
test_17242,0.383538087112608
test_17243,0.011396404815586058
test_17244,0.2515364742757862
test_17245,3.8220568016029964e-07
test_17246,2.850320215006955e-05
test_17247,0.00928984843104112
test_17248,1.0428536838517236e-06
test_17249,0.18321364319666317
test_17250,0.47567396792827193
test_17251,0.41394021943620213
test_17252,0.28945586222755343
test_17253,0.03263602736502714
test_17254,0.0002445858421591677
test_17255,0.0037623810419549902
test_17256,0.0005607097081883189
test_17257,0.372721365293251
test_17258,0.4597173880652344
test_17259,0.0017967044350787578
test_17260,0.07548938210816257
test_17261,0.34533985270957307
test_17262,2.3131954462357176e-08
test_17263,0.5537509507095527
test_17264,0.6090977756269622
test_17265,0.011589206533676663
test_17266,0.1029963602656947
test_17267,0.6014581854501687
test_17268,0.5143717811006954
test_17269,0.054787982985596624
test_17270,0.04762328482162673
test_17271,4.921294049964395e-05
test_17272,0.4228850190018187
test_17273,0.6701445641086783
test_17274,0.02233988214634801
test_17275,0.02606835180993101
test_17276,0.44686746058362825
test_17277,0.00669321306783269
test_17278,0.3095678595621157
test_17279,0.2005776602037639
test_17280,0.6271432099355215
test_17281,0.7401445354162238
test_17282,0.2420604457910444
test_17283,0.4158226905550361
test_17284,0.7170848077627323
test_17285,0.00222914380358517
test_17286,0.7259064434847246
test_17287,0.6653653547229871
test_17288,0.34739406044791177
test_17289,0.5262437745368186
test_17290,0.004573020622713766
test_17291,0.01786283225227715
test_17292,0.9336558360025047
test_17293,0.47720729646791316
test_17294,0.2901291676540497
test_17295,0.4658477649200905
test_17296,0.8612327568809415
test_17297,0.5575818397082658
test_17298,0.4249117231911953
test_17299,0.3847557409485484
test_17300,0.05090206030747854
test_17301,0.0004791275677776349
test_17302,0.0012746482963554137
test_17303,0.45685246830653903
test_17304,0.35642317754386343
test_17305,0.00011733050163003284
test_17306,0.020308818779976968
test_17307,0.5314860640572123
test_17308,0.8745630354772117
test_17309,2.3353079053966244e-09
test_17310,0.6214685356944877
test_17311,2.320848840661051e-06
test_17312,0.2352874961461965
test_17313,0.37640098496131685
test_17314,0.00014968442508785307
test_17315,0.22161817325124872
test_17316,0.18032706812740942
test_17317,9.794049948761314e-09
test_17318,3.015828997663139e-07
test_17319,3.641738815663181e-05
test_17320,0.5946586400221132
test_17321,0.10128936011303817
test_17322,0.19320854416752328
test_17323,0.0008376519244352437
test_17324,4.570472748494166e-07
test_17325,0.16636492616227733
test_17326,3.819602998775902e-07
test_17327,0.00041935096463804585
test_17328,0.420525139317317
test_17329,0.3792709974979391
test_17330,0.12741702159555285
test_17331,0.0006310443479738866
test_17332,0.8873069526553912
test_17333,0.02763571875344652
test_17334,0.7762632830344155
test_17335,0.0010550522513590053
test_17336,0.3614184884081163
test_17337,0.6009715243423156
test_17338,0.7462234110182188
test_17339,0.14538981063809078
test_17340,0.00024971967281213833
test_17341,4.492176556245351e-05
test_17342,0.008782099772655773
test_17343,2.02178677825086e-06
test_17344,1.1474863001816452e-05
test_17345,0.18549064593477002
test_17346,0.3689491374463856
test_17347,0.16310125329784456
test_17348,0.7281401039793025
test_17349,0.2520181645731799
test_17350,0.0006693687840108601
test_17351,0.2896239120947322
test_17352,0.11543797533953443
test_17353,3.947810828766532e-06
test_17354,0.9515983903623412
test_17355,0.07692037637207316
test_17356,0.20618004616111082
test_17357,5.074012312127172e-07
test_17358,0.8314864040213038
test_17359,0.01018861821580463
test_17360,0.046088052528800286
test_17361,0.000368207955173505
test_17362,0.49120135584729996
test_17363,0.4461549024648704
test_17364,0.305417566924848
test_17365,0.0003674144906959618
test_17366,1.8737663505984056e-05
test_17367,0.7256150844256813
test_17368,0.0263961769061493
test_17369,0.7596277875516487
test_17370,0.411527770254058
test_17371,0.8104731480331139
test_17372,0.4242412556433558
test_17373,0.6883790160478214
test_17374,0.43694260757186854
test_17375,0.0005186339856095713
test_17376,0.544333195475907
test_17377,0.729153597135635
test_17378,0.6612487711122658
test_17379,2.3379168483527496e-07
test_17380,0.48235785641514656
test_17381,0.4934664578466654
test_17382,0.040738597383142124
test_17383,0.9543292848711463
test_17384,1.1112705426889427e-07
test_17385,4.983393731934282e-10
test_17386,0.3133486171912341
test_17387,0.3298761461585945
test_17388,0.0017670556854000924
test_17389,7.577788354576296e-05
test_17390,0.5934645222180668
test_17391,9.799740811348756e-07
test_17392,0.1513409656505483
test_17393,0.5546557528776935
test_17394,0.17829065889687076
test_17395,0.4058712797320683
test_17396,0.08038309257344353
test_17397,0.005372404894348135
test_17398,4.9373818184212855e-05
test_17399,0.2521905597532241
test_17400,0.3254324999631265
test_17401,0.5140287376649653
test_17402,0.0015923471651139976
test_17403,0.24123159532580354
test_17404,0.9484350138759635
test_17405,2.1725829969412073e-07
test_17406,1.3772363900297272e-09
test_17407,0.28534189648272285
test_17408,0.0014711223320916574
test_17409,0.16435439154896678
test_17410,0.0073912259508202354
test_17411,0.9028283660659646
test_17412,1.3974653498195836e-05
test_17413,0.0005671714895370041
test_17414,0.3830485563748366
test_17415,0.27247527065972266
test_17416,0.7689302601259913
test_17417,0.4277879598056563
test_17418,0.00935581690841978
test_17419,0.49501814504568836
test_17420,5.105468441110878e-07
test_17421,0.6099424279990084
test_17422,0.5054655120000339
test_17423,0.41721734205133887
test_17424,1.6118133129450486e-06
test_17425,0.19616101962363502
test_17426,0.6824829399505421
test_17427,0.0062282762129711325
test_17428,0.3290362238049205
test_17429,0.026112112109146976
test_17430,3.734508548248894e-06
test_17431,0.019384045733056472
test_17432,8.80418837339158e-05
test_17433,0.177535012057406
test_17434,0.0013403558151924052
test_17435,0.0001651906464669056
test_17436,0.5935484456811733
test_17437,1.364585069688442e-06
test_17438,0.41424420352189345
test_17439,1.0870847459212383e-06
test_17440,1.3364660596176944e-07
test_17441,6.677453201800172e-09
test_17442,0.013797121761134542
test_17443,0.6228376134020576
test_17444,0.3691616190403345
test_17445,0.28726520272820844
test_17446,0.18199974554405418
test_17447,0.01474787779274615
test_17448,8.814431185417275e-08
test_17449,4.356235905220758e-07
test_17450,0.17167791050082828
test_17451,3.9195141371397694e-07
test_17452,0.05005060160083694
test_17453,0.5685214404552094
test_17454,0.7755330472554335
test_17455,0.4351363929194937
test_17456,2.872411646240702e-06
test_17457,0.3762764690594248
test_17458,0.0023240939178548075
test_17459,6.133842499090068e-05
test_17460,0.09720769162531281
test_17461,0.29241755067691944
test_17462,0.4376259585230355
test_17463,0.6149000470818863
test_17464,4.1640832652201496e-10
test_17465,0.4800311321856165
test_17466,0.40761073773371786
test_17467,1.7188984865049121e-09
test_17468,0.6807188432657281
test_17469,0.08135447353763683
test_17470,0.3874275831288866
test_17471,0.8069544418778508
test_17472,0.7592900766040395
test_17473,0.6337809154292492
test_17474,0.5970990179310132
test_17475,0.9153985744417144
test_17476,1.036776071948172e-07
test_17477,0.5400887729411561
test_17478,1.0692927534446917e-07
test_17479,0.6262824998629132
test_17480,0.018193870836458185
test_17481,0.000787344193752693
test_17482,0.18910977891532732
test_17483,2.164651624563007e-06
test_17484,0.07466862857586777
test_17485,0.8905145294901546
test_17486,2.9744505370546726e-05
test_17487,0.805613837213757
test_17488,0.5413061694009018
test_17489,0.3724199629927444
test_17490,0.5136235205478501
test_17491,1.0281835441172441e-05
test_17492,5.08698316197475e-07
test_17493,5.2343513285061823e-05
test_17494,0.25063757636172773
test_17495,0.23693195467893668
test_17496,7.590533302020864e-06
test_17497,8.193734889364082e-07
test_17498,0.6582898371014141
test_17499,0.0003445916155847865
test_17500,0.003266675550213925
test_17501,0.0012378298565064985
test_17502,0.005334208858562362
test_17503,0.6413328805326444
test_17504,0.33632549580410775
test_17505,0.0885385508185972
test_17506,5.692315170548587e-05
test_17507,5.579815207409154e-05
test_17508,0.9418369955593779
test_17509,5.4530090691908344e-05
test_17510,0.6316212742334091
test_17511,0.9729919342171618
test_17512,0.00800955237396947
test_17513,0.42721874723295217
test_17514,0.8785301710675469
test_17515,0.7461611786389746
test_17516,0.2286969281557511
test_17517,0.45712514692086686
test_17518,0.07199676293796091
test_17519,2.8849184377220166e-08
test_17520,0.09907302578475913
test_17521,0.6900160047145457
test_17522,0.5557698070222561
test_17523,5.366024252620384e-05
test_17524,0.531974702853338
test_17525,0.5729254901003813
test_17526,4.7198423214548234e-06
test_17527,0.7130602360502841
test_17528,0.5349764939055017
test_17529,0.00022658322060259295
test_17530,1.4730986428463373e-05
test_17531,0.7103404026991811
test_17532,0.7009651499901187
test_17533,0.6445558049147381
test_17534,0.621142422296672
test_17535,0.7086102066972007
test_17536,0.898427450064757
test_17537,0.16783832741234322
test_17538,0.8735617404654064
test_17539,0.0001227893168716104
test_17540,2.8739039607078577e-05
test_17541,0.8027595968524768
test_17542,0.5487103975973849
test_17543,0.38160344231354565
test_17544,0.7283887274216347
test_17545,7.200776933603282e-06
test_17546,1.4296730593434534e-05
test_17547,0.5031872439239824
test_17548,0.261805869401301
test_17549,0.04577307458935662
test_17550,0.39528320346730145
test_17551,0.19860693932721826
test_17552,0.17047709008451647
test_17553,0.0743572873903946
test_17554,0.0001845165791636115
test_17555,0.22816944118924717
test_17556,0.16151890338686384
test_17557,0.0009460590304686159
test_17558,0.6966465578715767
test_17559,7.490377776469046e-07
test_17560,0.520997839407332
test_17561,0.6237462010101305
test_17562,1.908269717291851e-09
test_17563,0.48648857387249667
test_17564,5.074098499864455e-06
test_17565,0.30584639343143144
test_17566,0.8607358618262887
test_17567,0.9134694258361806
test_17568,0.00014380188384299512
test_17569,0.27351860725019267
test_17570,0.22782082066588433
test_17571,4.6283178492605974e-05
test_17572,0.0008433388079759335
test_17573,3.8520026282659005e-07
test_17574,1.8284175249385048e-08
test_17575,0.03696168697029972
test_17576,0.2773705587690715
test_17577,0.002549222818087823
test_17578,0.5821721994293454
test_17579,0.13963003864316123
test_17580,0.26231944661772527
test_17581,0.053580188278646156
test_17582,9.033583521228091e-05
test_17583,0.5591803004864593
test_17584,0.4902681686432453
test_17585,0.0045044480046472655
test_17586,0.006784439830001365
test_17587,1.9101022686767378e-07
test_17588,1.2972591256226585e-07
test_17589,3.0379054505588714e-05
test_17590,0.37489104795779254
test_17591,0.6373171984764479
test_17592,0.252267825675221
test_17593,0.37607608239964946
test_17594,0.000582935932496083
test_17595,0.001265904399421679
test_17596,0.3390691636992166
test_17597,0.004063375182809483
test_17598,0.03831107839593806
test_17599,0.005750058248895039
test_17600,0.6861013399049057
test_17601,0.00024929171821987876
test_17602,0.2537750325472249
test_17603,0.6175659394705879
test_17604,0.0009930399027026009
test_17605,0.002466893626738406
test_17606,0.014733381855203134
test_17607,0.4608028126142075
test_17608,0.28577402774679544
test_17609,0.5898506731352284
test_17610,0.005589372733243342
test_17611,0.759700529501471
test_17612,0.8413740209657606
test_17613,0.679297241071579
test_17614,0.5737968833570973
test_17615,0.30474410312885236
test_17616,0.27438483312226863
test_17617,0.3881795911427205
test_17618,0.3982388734975962
test_17619,0.13655890506337134
test_17620,0.473502737374214
test_17621,0.46247772967761563
test_17622,0.0036314807405832187
test_17623,0.3849278372506973
test_17624,0.00014979538050024994
test_17625,5.053749521665325e-06
test_17626,0.4142423179507373
test_17627,0.49262864627406766
test_17628,8.154584907492277e-10
test_17629,0.7641286582715623
test_17630,0.6232103320381855
test_17631,0.08192643944463981
test_17632,0.504485940930708
test_17633,0.005933061995052768
test_17634,8.652025914573277e-08
test_17635,0.48265819831936013
test_17636,1.4633708574810073e-07
test_17637,0.4838086870617641
test_17638,0.8011749995321465
test_17639,0.5631873311901654
test_17640,2.6364756584611568e-05
test_17641,0.00015559812628367642
test_17642,0.5065925771262723
test_17643,0.46550551747384894
test_17644,0.1471129554786376
test_17645,1.7979988309608248e-11
test_17646,0.8974353220118249
test_17647,0.3095757245942763
test_17648,0.14704083826698006
test_17649,0.25491361898868264
test_17650,0.05624600660693513
test_17651,0.001169565244995643
test_17652,0.03083081623907652
test_17653,0.3650358571274956
test_17654,0.49970519639556926
test_17655,0.06564014763605414
test_17656,2.7791914276071235e-05
test_17657,0.45760572805615163
test_17658,2.0774303438978175e-09
test_17659,0.3821423375830845
test_17660,0.8221190029370418
test_17661,0.3562143580834584
test_17662,0.8185352654546804
test_17663,2.5875972150503622e-06
test_17664,0.17714288648081605
test_17665,0.13939386361894984
test_17666,0.14574534464627445
test_17667,3.933395133498108e-07
test_17668,0.0002734912875902606
test_17669,0.4315638795976075
test_17670,0.06292356810625455
test_17671,0.00015714212471186413
test_17672,0.7305692110483003
test_17673,0.2450653292784955
test_17674,0.25200168114886046
test_17675,0.011812201082926672
test_17676,0.7090681618251449
test_17677,0.441469306921816
test_17678,0.31608558498482087
test_17679,0.7281909633529132
test_17680,0.14345860726508722
test_17681,0.0012065177457674689
test_17682,0.7019651030348991
test_17683,0.7798890687074644
test_17684,0.9211825868586917
test_17685,0.30561665951179173
test_17686,0.20799174863534445
test_17687,0.23712642454975888
test_17688,0.3501488196904326
test_17689,0.6374902888535189
test_17690,3.5197134980572274e-05
test_17691,0.33261073085292797
test_17692,2.05960950990444e-07
test_17693,3.652882303024382e-05
test_17694,0.7434283317596291
test_17695,0.5945357290045934
test_17696,0.7692420844242279
test_17697,0.8278784315794169
test_17698,0.13953015772828156
test_17699,0.03259475757278855
test_17700,0.6080195246702529
test_17701,0.005311743220854233
test_17702,0.28509308152493895
test_17703,0.00010970227542553415
test_17704,0.027282403647048065
test_17705,2.5197143953787106e-06
test_17706,0.21644879642526135
test_17707,0.2901447893666797
test_17708,0.020325506347114813
test_17709,0.00015384886185088815
test_17710,0.48160874547078786
test_17711,0.4014209828344511
test_17712,0.11581732095368596
test_17713,0.10615451196091433
test_17714,0.2154368305647313
test_17715,0.7489299440977836
test_17716,0.7456375262545624
test_17717,4.4857236727903225e-07
test_17718,0.004482513119952212
test_17719,0.4908284999703523
test_17720,0.0001843714068193483
test_17721,0.14694353153680142
test_17722,1.3888788444448395e-06
test_17723,0.44656112514125046
test_17724,0.30242324355013384
test_17725,1.806429811459595e-05
test_17726,0.4678576509883866
test_17727,0.0014819389601401197
test_17728,0.041158403181059365
test_17729,0.4141707772863555
test_17730,0.895494298215827
test_17731,0.00010485379208771182
test_17732,0.912504040456009
test_17733,0.5143946825453177
test_17734,4.048598166658534e-06
test_17735,0.34387628740522
test_17736,0.8213478282055052
test_17737,0.08131851181495625
test_17738,0.3033060516473336
test_17739,0.6262365735539671
test_17740,0.0007898746893528841
test_17741,0.5864721509075105
test_17742,0.6786852770482447
test_17743,0.952750447148011
test_17744,0.0002153195241116646
test_17745,4.228281418874565e-06
test_17746,2.725116504493822e-06
test_17747,0.004773325975299867
test_17748,0.6822670048458364
test_17749,0.46980319409404114
test_17750,4.459405204409732e-08
test_17751,0.004202029278612603
test_17752,0.4484007352003677
test_17753,0.3121792792167748
test_17754,0.2375780186153114
test_17755,0.5174662555585694
test_17756,0.3494772600515232
test_17757,0.7498154377761697
test_17758,6.693524404920738e-05
test_17759,9.497997640538442e-06
test_17760,1.22070707515904e-05
test_17761,0.4164106853038851
test_17762,0.055164869263627014
test_17763,0.3861643542085991
test_17764,0.26745825024347464
test_17765,0.013593488843325632
test_17766,0.6363965250963727
test_17767,0.43148060692838747
test_17768,0.5693135467636068
test_17769,0.27406848935049516
test_17770,0.9752207908155796
test_17771,0.01771495042144157
test_17772,0.01545447096297247
test_17773,0.00013241636934138988
test_17774,0.1437369429242346
test_17775,0.5280942008554645
test_17776,0.026858705752498612
test_17777,0.06904865994397756
test_17778,0.03553153596453341
test_17779,0.13380853288458536
test_17780,2.8773971112050014e-07
test_17781,0.2711737766120528
test_17782,0.7040593653636757
test_17783,0.80122148766497
test_17784,6.500285845842216e-06
test_17785,0.003947198292703631
test_17786,0.6415490166317145
test_17787,0.1932434156056908
test_17788,0.8043653554671629
test_17789,0.49148954262427424
test_17790,0.23842268624244187
test_17791,0.04844470639649618
test_17792,0.016589176869491833
test_17793,0.0003577162155314187
test_17794,5.731702205696274e-06
test_17795,0.6196140776851781
test_17796,0.6062388814688193
test_17797,0.13993400888607183
test_17798,0.20575029904828507
test_17799,0.08543113932149818
test_17800,0.0003160248855842814
test_17801,0.0014569928680757181
test_17802,0.00016934195759045893
test_17803,7.231357768209968e-05
test_17804,0.36501089860633157
test_17805,0.4110752829308222
test_17806,1.2371793771736531e-05
test_17807,0.061543360382961175
test_17808,1.3459805963180074e-07
test_17809,0.2026107396226434
test_17810,0.5646476488520705
test_17811,0.640047416291045
test_17812,0.4378856623599546
test_17813,1.1018348764837011e-05
test_17814,0.6487705217890615
test_17815,0.47917075780405344
test_17816,0.4486064243756927
test_17817,0.33662191507004574
test_17818,0.00042482866910341133
test_17819,0.4037860831206634
test_17820,3.9034181578271536e-08
test_17821,0.0052208487215620585
test_17822,0.6264938549273751
test_17823,0.5247189864444654
test_17824,0.8648960893098399
test_17825,0.14539786172614694
test_17826,0.30332620290396195
test_17827,0.5145064366280331
test_17828,6.891817899907501e-07
test_17829,0.3756105428911531
test_17830,0.3084888323060644
test_17831,0.34569485698894714
test_17832,0.9703045613997016
test_17833,0.8375544998825286
test_17834,9.09582391405419e-05
test_17835,0.0013259604724624487
test_17836,0.4945114429299262
test_17837,0.6789717274491158
test_17838,1.24854998647777e-07
test_17839,0.6772306286423525
test_17840,5.361989281244677e-07
test_17841,0.39577040635747834
test_17842,8.844941526816635e-06
test_17843,0.23556018830650155
test_17844,0.20207039629331983
test_17845,2.6905739451245773e-06
test_17846,0.38708004013413655
test_17847,0.4113687677184068
test_17848,0.009928673812958876
test_17849,0.11494231150052053
test_17850,0.28542738040317644
test_17851,0.5146102778110074
test_17852,0.7573467290374737
test_17853,0.12342472688058495
test_17854,8.640645966703736e-07
test_17855,3.3877809026493354e-06
test_17856,0.7823598155758905
test_17857,0.18059333335128572
test_17858,5.448385006229229e-05
test_17859,0.663769545912548
test_17860,1.5073221736844748e-05
test_17861,0.0010385003795789424
test_17862,0.9490725756470721
test_17863,0.0018621304772469946
test_17864,3.244352379239268e-07
test_17865,0.00021230054263831846
test_17866,0.5924906554728588
test_17867,0.0001067977092791791
test_17868,0.0014966104319012541
test_17869,1.9121643444473955e-06
test_17870,0.001284019075135427
test_17871,0.5212985231442921
test_17872,0.43034315396919265
test_17873,0.7744897005752358
test_17874,0.5196329560006447
test_17875,4.831671636218422e-05
test_17876,0.2981416215729053
test_17877,0.18824398156716385
test_17878,0.0012974414501245386
test_17879,0.8990617043991987
test_17880,0.001058688012442208
test_17881,0.6946078623226049
test_17882,0.5629486698235837
test_17883,0.5283691865890792
test_17884,0.39568639510470244
test_17885,0.6945781891203067
test_17886,0.363186681137905
test_17887,0.6801387253221143
test_17888,0.34449454767600046
test_17889,0.6984967448310291
test_17890,0.3778443258379994
test_17891,0.6177142112579813
test_17892,0.5728686061497966
test_17893,6.098791676050481e-06
test_17894,1.4447844847039975e-05
test_17895,0.0008463078888408108
test_17896,0.6237736474642344
test_17897,0.17677109575163083
test_17898,7.265387039350793e-07
test_17899,0.6149688023260639
test_17900,2.169939129718986e-07
test_17901,0.0005737136867179669
test_17902,3.256652216795365e-07
test_17903,2.437098650191315e-10
test_17904,0.01448517438521148
test_17905,1.0527661518721591e-07
test_17906,0.00014727223168068312
test_17907,8.76399995689713e-05
test_17908,0.11589920709345908
test_17909,2.115156741660846e-05
test_17910,0.39483648695668366
test_17911,0.6346391018345661
test_17912,0.6423325007018776
test_17913,0.34031808693291704
test_17914,0.060248982602147824
test_17915,7.16412465045497e-06
test_17916,0.4756951982974656
test_17917,0.5293716371734084
test_17918,0.4512898587763392
test_17919,0.08968147804940814
test_17920,0.46674037327619905
test_17921,0.14608651391486022
test_17922,0.010508397141095213
test_17923,0.6633374680929551
test_17924,3.057068558958186e-05
test_17925,0.8113464160713858
test_17926,0.26124126556314925
test_17927,0.5108460082552568
test_17928,0.7297097511704874
test_17929,0.0023110853435733113
test_17930,0.9808979962683189
test_17931,0.5250030007542292
test_17932,0.07380625452956283
test_17933,0.0003342233480676856
test_17934,0.015302903860668828
test_17935,0.0196037121613983
test_17936,0.8168370999393666
test_17937,0.0005325847561828783
test_17938,0.01859153950891232
test_17939,0.9767830688436434
test_17940,0.008209088615209276
test_17941,0.7418414042994206
test_17942,3.393197448921132e-05
test_17943,0.002792632011001221
test_17944,0.5034111542917896
test_17945,0.86656123255506
test_17946,0.14484320415222562
test_17947,0.12468138207216255
test_17948,0.1716888463750018
test_17949,0.5761656462902973
test_17950,0.8247841912143596
test_17951,0.49182015387952305
test_17952,0.6009431280424715
test_17953,0.4568990747959054
test_17954,0.10473549067641723
test_17955,0.06032839247742184
test_17956,2.768108189563288e-05
test_17957,0.02810534815413009
test_17958,0.07447304273978288
test_17959,5.1748062196371706e-08
test_17960,0.4277028664822755
test_17961,4.673538591945004e-05
test_17962,0.08074636860646835
test_17963,0.523701709850589
test_17964,0.3661035630651192
test_17965,0.2769922188568902
test_17966,0.653693287818052
test_17967,0.5367946343152705
test_17968,0.32182858537416237
test_17969,0.36531898708725535
test_17970,0.6079511567045036
test_17971,0.1500276846736814
test_17972,0.36649028412630236
test_17973,0.0005153132480844027
test_17974,0.5369541966423806
test_17975,0.5600976439535831
test_17976,0.06984911469913857
test_17977,0.6040832781812806
test_17978,0.00015559261534610198
test_17979,0.45050941194247196
test_17980,5.108120199797182e-06
test_17981,0.28893709766116626
test_17982,2.1273217075210592e-07
test_17983,0.6142466555802915
test_17984,0.042763490061787174
test_17985,0.6086131766958233
test_17986,0.0011458134855363788
test_17987,0.4322107299821796
test_17988,0.0005621335282707737
test_17989,0.0006148096757055343
test_17990,0.6414922145562196
test_17991,1.909189750645628e-05
test_17992,0.6979895217065303
test_17993,0.03346013505442307
test_17994,0.498532683748963
test_17995,0.0005998687557520918
test_17996,0.00030435145870950247
test_17997,0.08480839943155384
test_17998,0.3566078894957852
test_17999,0.605077980964712
test_18000,0.00011409526398818221
test_18001,0.9414317409862643
test_18002,5.867108610546163e-09
test_18003,0.5881601952127625
test_18004,0.18235847942997455
test_18005,0.9247968382476555
test_18006,3.5698244299301024e-06
test_18007,0.5641498194780812
test_18008,0.49067547616523216
test_18009,3.884174052498998e-06
test_18010,0.389774936772912
test_18011,0.47976527011392683
test_18012,9.222334268754715e-05
test_18013,0.43322441280938323
test_18014,0.5178976134406875
test_18015,0.4342055638152974
test_18016,0.8003409793112862
test_18017,0.41166377764590456
test_18018,7.197362356644207e-07
test_18019,0.5783126094468287
test_18020,0.0016535205488247082
test_18021,0.7010610225028747
test_18022,0.0001407780039099851
test_18023,0.7326781827467853
test_18024,1.8184239751402196e-11
test_18025,0.5350787016186429
test_18026,0.5986447248957464
test_18027,0.14433937592831456
test_18028,0.5484633715162646
test_18029,0.00032054737712845663
test_18030,0.21560598201664122
test_18031,0.6103148390073172
test_18032,0.39514565150446856
test_18033,0.4715261581833579
test_18034,0.8572238611960853
test_18035,0.3417113210772217
test_18036,0.0379095981260149
test_18037,0.47269154464265023
test_18038,0.20173816237556
test_18039,0.6947001575472599
test_18040,0.9057347406765536
test_18041,0.3444245135216258
test_18042,0.8900167682027567
test_18043,0.4570282691394137
test_18044,0.19996138140692574
test_18045,0.19546494777151308
test_18046,0.0070129252975675216
test_18047,0.5255108564058735
test_18048,0.0112134345288618
test_18049,0.41290955628134707
test_18050,0.853654731373569
test_18051,2.604798746929191e-07
test_18052,0.00033983899165931545
test_18053,0.5067297765888708
test_18054,1.4485547776556096e-06
test_18055,1.4223915371136833e-06
test_18056,0.0060914356342645195
test_18057,0.1125741636441417
test_18058,0.0011468832606943387
test_18059,0.0008642391148210516
test_18060,0.0001910265261384825
test_18061,0.0005437411832984918
test_18062,5.829803118661818e-05
test_18063,0.008085881995843133
test_18064,5.863002267744856e-06
test_18065,0.5403360433303458
test_18066,0.03972969878520787
test_18067,0.14253678931102726
test_18068,2.6808241196552066e-12
test_18069,0.6122778563338225
test_18070,0.7061904311754101
test_18071,0.41501055039277907
test_18072,0.4141033404529597
test_18073,0.010288967768011803
test_18074,0.0030286755583258584
test_18075,5.384476237282286e-06
test_18076,0.002710793636477036
test_18077,0.10346135153034616
test_18078,0.0006863792835653895
test_18079,0.3090243767170383
test_18080,0.4392992719158405
test_18081,0.5111647703975731
test_18082,0.16082194130055488
test_18083,0.00012205918175731027
test_18084,0.051030189566421795
test_18085,0.15690175847559382
test_18086,0.0017558578176279076
test_18087,0.414517355845173
test_18088,7.048875695844629e-05
test_18089,0.17901629813635392
test_18090,2.1788832885195283e-05
test_18091,0.0004898477200395246
test_18092,0.3190041307542378
test_18093,0.006653051228297022
test_18094,0.23947907870756033
test_18095,0.03504593962261706
test_18096,0.004181652663348247
test_18097,0.5753515353854879
test_18098,0.40052113354191826
test_18099,0.5082950520289831
test_18100,7.209383075251858e-05
test_18101,0.47725267465040494
test_18102,0.0007487466378417641
test_18103,0.4822880725301256
test_18104,0.5220962140482025
test_18105,0.5399449008597259
test_18106,0.21096987462399175
test_18107,3.0100501745559336e-06
test_18108,0.019383285203178443
test_18109,1.159722664434233e-05
test_18110,0.4449926198014984
test_18111,0.7196815913328324
test_18112,0.31306600460819156
test_18113,0.007290364343358828
test_18114,6.644991176602268e-06
test_18115,0.0254932893668382
test_18116,0.507414106116619
test_18117,0.4955101410936384
test_18118,0.005862576194522999
test_18119,0.04838167062898119
test_18120,0.8672120012521981
test_18121,0.30964981246060397
test_18122,0.000170140671014001
test_18123,0.5252041718777314
test_18124,0.02665346429240806
test_18125,0.8836265484063022
test_18126,3.7045992846789866e-08
test_18127,0.5223705035133178
test_18128,0.6261547280076729
test_18129,0.5694105228922133
test_18130,0.17802369943082258
test_18131,0.5295468184440972
test_18132,0.06237677194461188
test_18133,0.42735016489087396
test_18134,0.01696630776906799
test_18135,0.2788685451987643
test_18136,0.9105746295931143
test_18137,0.0037819204650537093
test_18138,0.4588120886776706
test_18139,0.21089221094049618
test_18140,8.91640330850375e-05
test_18141,0.00022384644510690675
test_18142,0.09954042247823824
test_18143,0.5379109196196232
test_18144,0.00015676065639911018
test_18145,0.541418510092984
test_18146,0.3846821423291963
test_18147,0.22837887800087475
test_18148,0.2628261372124767
test_18149,0.7025448450296087
test_18150,0.9041784026667162
test_18151,1.9945921633770884e-05
test_18152,0.2298866794610998
test_18153,0.3601529702510891
test_18154,9.26833624595156e-05
test_18155,0.9539772906644198
test_18156,0.21206945169457828
test_18157,0.19334787977408857
test_18158,0.11135709820926382
test_18159,0.4015668965875101
test_18160,0.9191000716645759
test_18161,1.9843416195672818e-05
test_18162,0.6527969781033479
test_18163,0.44859312012150704
test_18164,6.872448143204407e-05
test_18165,0.0001303896246787315
test_18166,0.00038036387167646835
test_18167,0.6565070815899311
test_18168,0.02054742565943397
test_18169,0.48113303972263993
test_18170,0.5939575814158734
test_18171,0.0026740874814421963
test_18172,2.487676663465132e-07
test_18173,0.5402042355093605
test_18174,0.748397440577061
test_18175,0.5066404921449059
test_18176,0.7380789664290999
test_18177,0.5402648833544571
test_18178,0.0652701840959103
test_18179,0.2473397925726322
test_18180,0.002829474822961186
test_18181,1.3900648582664434e-07
test_18182,0.993311131504005
test_18183,0.6188300664235059
test_18184,0.2625135603439686
test_18185,0.36348397704386126
test_18186,0.13157933651748016
test_18187,0.0012414119930720111
test_18188,0.38174874655340096
test_18189,0.5129924660598741
test_18190,0.004752511478876365
test_18191,2.5878431406403953e-08
test_18192,0.0005894361282935106
test_18193,0.41003146246718725
test_18194,0.5350011386993463
test_18195,0.3163669999434843
test_18196,0.015201973591570411
test_18197,0.0008752595452883332
test_18198,0.26609516471033545
test_18199,0.3867627053104775
test_18200,0.00038276743252945133
test_18201,0.5751867036073216
test_18202,0.0010313916852792218
test_18203,0.0020532744058550934
test_18204,0.0012645579756111625
test_18205,0.8697580195536714
test_18206,0.7740977158920265
test_18207,0.6714240057517386
test_18208,0.000261990702982968
test_18209,0.10824798243514291
test_18210,0.6157738944299962
test_18211,0.7066723221826591
test_18212,0.47629564310185796
test_18213,0.5057060810828065
test_18214,0.0005140829838977928
test_18215,0.3884258846246412
test_18216,0.4214991678398103
test_18217,0.019334551279745274
test_18218,0.9828169913117575
test_18219,0.6805397547163258
test_18220,0.9772789380520611
test_18221,0.0002377668603509269
test_18222,0.005370208770107248
test_18223,1.3718544978179642e-06
test_18224,0.8693674670502833
test_18225,0.5787952155042448
test_18226,0.8974957270251724
test_18227,0.8344571237047265
test_18228,0.5011160899830203
test_18229,0.4517317749555459
test_18230,0.908108051736568
test_18231,0.37534137962859127
test_18232,0.19021000377109443
test_18233,0.04308435440887013
test_18234,0.13270125198999386
test_18235,0.25786245000947083
test_18236,0.08866444992378793
test_18237,0.574380993108703
test_18238,2.6297568675395957e-06
test_18239,0.00028587716613645466
test_18240,0.07521753725434754
test_18241,0.5314754187277442
test_18242,0.4903953789207217
test_18243,0.48734908055220033
test_18244,0.18137611636282103
test_18245,1.2864015491460302e-05
test_18246,0.05628807641990221
test_18247,0.32872557116049633
test_18248,0.5101713698654992
test_18249,0.5113987661228048
test_18250,0.6944860489745411
test_18251,0.40898337166712195
test_18252,0.5437990103202841
test_18253,0.5551315120158326
test_18254,0.025607857118018402
test_18255,0.00022285323847508589
test_18256,1.276718259374053e-05
test_18257,0.3492232232466804
test_18258,0.01260766342584596
test_18259,0.06534256757831534
test_18260,0.6198764364416556
test_18261,0.013071348022865435
test_18262,0.08362865303071172
test_18263,0.8035481196457093
test_18264,0.0011563010209033142
test_18265,0.3943973207930683
test_18266,0.09315225432226606
test_18267,0.0003150917519714708
test_18268,0.7472938253282277
test_18269,7.413706444328923e-07
test_18270,0.10666921005944668
test_18271,0.0009402353510704973
test_18272,0.00028728172075428223
test_18273,0.2271551564746658
test_18274,8.140342118249146e-07
test_18275,0.5620465883969078
test_18276,0.4787865734952675
test_18277,0.32780491560895086
test_18278,0.12161879265143456
test_18279,0.20231525646742765
test_18280,0.009499020559578283
test_18281,1.1226293976994248e-06
test_18282,0.0016514860322493542
test_18283,0.40885653380630116
test_18284,7.979173683426203e-08
test_18285,0.5383045265626493
test_18286,0.005093668119576123
test_18287,0.0008000075043892329
test_18288,0.20919677594858402
test_18289,0.0009040584927097631
test_18290,0.03156020487457662
test_18291,2.5826074122955783e-06
test_18292,0.2872941007674345
test_18293,0.10319348638248763
test_18294,7.624895107110152e-05
test_18295,0.11013194057084713
test_18296,0.4198591220317686
test_18297,0.0004162029212750661
test_18298,0.7141342455703727
test_18299,8.50967102833431e-07
test_18300,0.5285497053446432
test_18301,0.00038698656887180033
test_18302,0.4641741515354208
test_18303,5.423826333928228e-05
test_18304,5.7383956516292556e-11
test_18305,0.45050517618839653
test_18306,0.06604496190492849
test_18307,3.4488353418026185e-06
test_18308,2.198781831433709e-05
test_18309,0.8151214330236298
test_18310,3.064656435985782e-06
test_18311,9.035939356276607e-09
test_18312,0.28926162984604487
test_18313,0.45711897474944496
test_18314,0.6164312536974247
test_18315,0.5113817051281945
test_18316,0.7614074847434182
test_18317,0.5092353188734736
test_18318,2.505069446868682e-05
test_18319,0.6809067068646671
test_18320,0.6182997469318504
test_18321,0.3563503663039846
test_18322,0.5731814371699305
test_18323,0.4665059676148309
test_18324,4.3050707680451995e-05
test_18325,0.6193684990269089
test_18326,0.7937895839934886
test_18327,0.5879960669198127
test_18328,0.41814698720256177
test_18329,0.34976898314773613
test_18330,0.01362212379988886
test_18331,0.6239897784812842
test_18332,0.40851937203920363
test_18333,2.4302022517750664e-09
test_18334,0.5374965992888457
test_18335,0.35935780242434734
test_18336,0.32377940315998854
test_18337,0.7564464638741097
test_18338,0.2583322696310141
test_18339,0.10348232709739837
test_18340,0.5297605198923526
test_18341,0.21225929519934364
test_18342,0.16646857705724435
test_18343,0.1050324599915578
test_18344,0.33407072117104597
test_18345,0.3307332853951202
test_18346,0.00017043368356734587
test_18347,4.972238721716191e-05
test_18348,0.7707905344426771
test_18349,0.03693126428525096
test_18350,0.6648908938838863
test_18351,0.0009571382391219801
test_18352,1.476017724098407e-05
test_18353,0.0010471908853913361
test_18354,0.5315091632130431
test_18355,0.6972599442183045
test_18356,0.32627514974921074
test_18357,0.570731795565277
test_18358,0.48362723872830576
test_18359,0.18991218325812956
test_18360,0.09765570434429877
test_18361,0.7644394818523329
test_18362,0.36670275233828425
test_18363,0.00015608576287120973
test_18364,0.0034642441454317357
test_18365,0.5523728994426635
test_18366,0.11104754083357152
test_18367,0.7540220056422688
test_18368,1.1029136668751976e-05
test_18369,0.29633215153195575
test_18370,0.755024938112433
test_18371,0.0005455639305377533
test_18372,0.00010240087439370753
test_18373,1.2247725383994057e-06
test_18374,5.489369642460281e-07
test_18375,0.42889311551852055
test_18376,0.46565662979298783
test_18377,0.3453257539946597
test_18378,0.8835488056107457
test_18379,0.4398189617753811
test_18380,0.43386003222900377
test_18381,2.0241283883278618e-06
test_18382,3.717101718345495e-07
test_18383,0.013714951607060556
test_18384,0.516851239623676
test_18385,0.6489165179740363
test_18386,2.0749048461777516e-05
test_18387,1.4838360491748454e-05
test_18388,0.002816496328147083
test_18389,0.019001340154368204
test_18390,0.9566977629048342
test_18391,0.5158036976514039
test_18392,0.009452472442560369
test_18393,0.10330687834338245
test_18394,0.0687213333220237
test_18395,0.1613273979843265
test_18396,0.029969910288707005
test_18397,0.4134623145479291
test_18398,0.8679571962194057
test_18399,0.817446258294292
test_18400,0.754686523056081
test_18401,0.5555330787923556
test_18402,0.001474805027485201
test_18403,0.3696932819474181
test_18404,0.8468124743627814
test_18405,0.15580533328077825
test_18406,0.7119083896493653
test_18407,0.0020365415908304143
test_18408,2.7981759131469066e-07
test_18409,0.200432576288301
test_18410,0.5323542174583594
test_18411,0.30131651370497153
test_18412,0.7408742340789567
test_18413,0.0022613047129481324
test_18414,0.3936094502682106
test_18415,0.4423580130749151
test_18416,0.5445462879939083
test_18417,0.012310694653529238
test_18418,0.9386447069631343
test_18419,0.056131818080556374
test_18420,0.000850280461210752
test_18421,4.322916526126745e-07
test_18422,0.6708210479548649
test_18423,3.383322033067716e-05
test_18424,0.0005643202332907152
test_18425,0.00020451853858704402
test_18426,1.3696977397103221e-08
test_18427,0.0356792770664744
test_18428,4.423077030852148e-05
test_18429,0.2097826069090565
test_18430,0.647695151935925
test_18431,0.0003342323738516851
test_18432,0.1654567932456116
test_18433,0.0009300667315304907
test_18434,0.3138168072720157
test_18435,0.5221641252243348
test_18436,0.7025135089580239
test_18437,0.21943317573171067
test_18438,0.5286306220108068
test_18439,0.40538450658548797
test_18440,0.7267592355344928
test_18441,2.937042770142926e-06
test_18442,0.3852061002814985
test_18443,0.2788749010688372
test_18444,2.409407483895392e-10
test_18445,8.427583635732858e-06
test_18446,0.722203774756759
test_18447,2.5297375835138942e-06
test_18448,0.5057230675833367
test_18449,0.0017042579353662506
test_18450,0.5137032632893732
test_18451,4.166382410562198e-06
test_18452,0.1624748796980193
test_18453,0.007976326980900937
test_18454,0.07645517818175339
test_18455,0.17562677162276039
test_18456,0.5032963661389253
test_18457,0.635545192004129
test_18458,1.147096555219608e-05
test_18459,0.00866169448135784
test_18460,0.6528041315481473
test_18461,2.0085935682210994e-07
test_18462,0.35417842228672813
test_18463,0.6467642664125173
test_18464,6.279793310770242e-05
test_18465,0.00043423344474884676
test_18466,0.43817053821235363
test_18467,0.032620780009098106
test_18468,0.0008111201015502157
test_18469,0.008732791072709769
test_18470,0.22779339553891004
test_18471,0.007991793565055798
test_18472,0.34182983521107807
test_18473,0.004294913326143714
test_18474,9.582294318030802e-05
test_18475,0.6323236484900719
test_18476,7.29472834732283e-06
test_18477,0.0011781102698287264
test_18478,0.7035968872986977
test_18479,0.6892388244290055
test_18480,0.4597462325421032
test_18481,0.004100974557268217
test_18482,0.280206594019691
test_18483,0.7740053239704362
test_18484,1.7935125597904168e-05
test_18485,0.23170073700675092
test_18486,2.961414793007707e-07
test_18487,0.40006028076133804
test_18488,0.006188118367051866
test_18489,0.0009769934391088125
test_18490,0.002668073432090669
test_18491,0.0001658979901538579
test_18492,8.337988144955089e-10
test_18493,0.0006540025021260589
test_18494,0.17022184075168237
test_18495,0.34399239507986323
test_18496,0.6660743963522053
test_18497,0.884288507599739
test_18498,0.0017518466413916074
test_18499,0.5593981627975332
test_18500,0.19387280621237754
test_18501,0.18067517874206346
test_18502,0.2640473559786826
test_18503,0.00026178826059201617
test_18504,0.5229573147473017
test_18505,0.0010739713579805965
test_18506,0.8579916085499794
test_18507,2.8541909703135964e-06
test_18508,0.6311774461223053
test_18509,0.0001184095165923015
test_18510,0.0039700103262924336
test_18511,0.006068070870578746
test_18512,0.7855458316801948
test_18513,0.39356413664155093
test_18514,2.0538010975862718e-05
test_18515,0.42706044461665615
test_18516,0.6991084699586023
test_18517,0.22462638720597342
test_18518,0.6413796508741052
test_18519,0.7343078124567619
test_18520,0.24699655237656432
test_18521,2.0001183497272192e-08
test_18522,0.006166389310143388
test_18523,0.07426681016911488
test_18524,0.5291720864308029
test_18525,4.3645196973859505e-05
test_18526,0.7152136594173082
test_18527,2.418920883731683e-06
test_18528,0.6589729555958385
test_18529,0.5681563987781841
test_18530,0.22084249909609877
test_18531,0.9882590306593567
test_18532,1.4792979071780354e-11
test_18533,0.05913053547772876
test_18534,0.07877081589656705
test_18535,0.6366544262195801
test_18536,0.0005247922232079928
test_18537,0.8784168435670914
test_18538,0.5038188581222853
test_18539,0.38895296583876093
test_18540,0.24201944873672224
test_18541,0.48789740265941056
test_18542,0.6421168516694996
test_18543,0.0451811675849182
test_18544,0.0020458152932904946
test_18545,7.39758124220136e-07
test_18546,0.7378031508880514
test_18547,0.5669742532878331
test_18548,0.6962511030388048
test_18549,0.0016023273863850147
test_18550,0.00040453095402909184
test_18551,0.00014757335178896145
test_18552,0.8800330994387948
test_18553,0.41112896407420874
test_18554,0.4129916901500942
test_18555,0.4768269543847998
test_18556,8.59599012213909e-06
test_18557,0.009520312761416252
test_18558,0.6130946970812157
test_18559,0.3217940034441508
test_18560,0.001503967934739447
test_18561,2.7550244032074756e-06
test_18562,1.869476003801329e-05
test_18563,1.9384298188131803e-06
test_18564,4.805923619040439e-07
test_18565,0.27903432335694095
test_18566,0.4169459114184918
test_18567,0.36214222358487774
test_18568,0.4122869780698839
test_18569,0.5495072944529361
test_18570,0.3370620100434779
test_18571,0.3495040640638128
test_18572,0.47922762488317744
test_18573,0.287465220461308
test_18574,0.007341273644993625
test_18575,0.29629861414379766
test_18576,0.4242943085515064
test_18577,0.2800146771991351
test_18578,1.6556016697036486e-05
test_18579,0.43876272377571174
test_18580,0.0002823782222787988
test_18581,0.018258619714096366
test_18582,8.944938940043226e-08
test_18583,0.10505632245621868
test_18584,0.3944582028992925
test_18585,8.266256945714976e-06
test_18586,0.00013741976091345625
test_18587,0.633180893650578
test_18588,0.00040899707433157955
test_18589,0.2981002341839322
test_18590,0.6840310571708013
test_18591,0.2395718924416304
test_18592,0.0005944256836253363
test_18593,0.45496009071521754
test_18594,0.5305582839177032
test_18595,0.6340133733742912
test_18596,0.6622693304218388
test_18597,0.05687806272212161
test_18598,0.13757305657623656
test_18599,0.9630672763387946
test_18600,1.312675806704429e-06
test_18601,5.4336002133012614e-05
test_18602,0.5408468979538502
test_18603,0.428778500046751
test_18604,1.2849743012654134e-05
test_18605,0.2150803534111545
test_18606,0.12097135152039756
test_18607,1.0110523900805431e-06
test_18608,0.4393227044199953
test_18609,0.19947425090319246
test_18610,0.3135087008628215
test_18611,0.015507253223730297
test_18612,0.37680692261237675
test_18613,0.00038581833220539157
test_18614,0.1767166874600666
test_18615,0.46059354726033963
test_18616,0.10258884178139202
test_18617,9.342915650030519e-05
test_18618,1.266993551766924e-05
test_18619,0.5595311511360459
test_18620,0.9813431733791655
test_18621,0.14652400863458628
test_18622,0.07334474317626996
test_18623,0.5256926794148101
test_18624,0.6171798675523416
test_18625,0.5821448164785716
test_18626,0.4581268999275617
test_18627,0.8924645122130842
test_18628,0.848026503744689
test_18629,0.44695583682016693
test_18630,0.05201123546278457
test_18631,4.864052596394625e-07
test_18632,0.6126407069360582
test_18633,1.051947578833701e-08
test_18634,0.5084653602501744
test_18635,0.5711759312836462
test_18636,9.292997555942702e-07
test_18637,0.9152338713609813
test_18638,0.21807103377884265
test_18639,0.24573712821565136
test_18640,0.6149649808773188
test_18641,0.3525651012555133
test_18642,0.000494508401940954
test_18643,3.451456961009742e-07
test_18644,4.4223315972542456e-06
test_18645,0.001172811533684259
test_18646,0.22158802212790255
test_18647,0.0003318545816553021
test_18648,0.4893255206836851
test_18649,0.26786951367288214
test_18650,2.610883854101437e-07
test_18651,0.31373271893195653
test_18652,0.5369429306969599
test_18653,2.5447574817353484e-05
test_18654,0.037800899696040724
test_18655,0.4877424076064258
test_18656,0.3257635977110907
test_18657,0.0023309307678202208
test_18658,1.7693264673897615e-06
test_18659,0.00032130153820009844
test_18660,0.6231155337336737
test_18661,0.09383665499491586
test_18662,0.0028598229651562506
test_18663,0.15097870204021235
test_18664,4.242115155593846e-06
test_18665,0.8176841514118501
test_18666,0.29734028563811027
test_18667,7.392482363943975e-06
test_18668,0.4163959166788418
test_18669,0.15107609333204353
test_18670,0.47539819988579923
test_18671,0.0002521300073085221
test_18672,0.11523795021009949
test_18673,0.0002026062182458961
test_18674,0.044753676668224454
test_18675,0.00016449541339184483
test_18676,3.0067828480619153e-05
test_18677,0.44585252524552793
test_18678,0.34210342948279143
test_18679,5.596054442354602e-05
test_18680,0.0007301508986267377
test_18681,0.4588051234673371
test_18682,0.010438195723680958
test_18683,3.888974921667432e-06
test_18684,0.3738336232718272
test_18685,0.6428513156173061
test_18686,0.6360480814419688
test_18687,0.005371819355445378
test_18688,0.3590168624213962
test_18689,0.03288750878485836
test_18690,1.8372306885671358e-05
test_18691,0.05489730923861137
test_18692,0.4619543110549748
test_18693,0.0005412349312633426
test_18694,0.48493438925244553
test_18695,0.004844460903465009
test_18696,0.8931597413508033
test_18697,0.000738091613685234
test_18698,0.00047474913789849916
test_18699,0.001101920288893594
test_18700,0.7284309983809972
test_18701,0.0019846297768631145
test_18702,0.00010631818441698947
test_18703,0.3788687185093382
test_18704,0.7349719747962987
test_18705,0.05559975044583406
test_18706,0.892160213709831
test_18707,0.0005771996902297103
test_18708,0.2724675491844134
test_18709,0.5084882899971608
test_18710,4.512887479710901e-07
test_18711,0.00037451611873819617
test_18712,0.0004975927148898619
test_18713,0.00040060558291220364
test_18714,0.618371851257438
test_18715,0.3249414034787492
test_18716,0.7090631575295083
test_18717,0.5369046723380888
test_18718,0.46790115626469253
test_18719,0.00037608807467930317
test_18720,6.591823607460279e-05
test_18721,0.00041706879411367964
test_18722,0.4662743574071777
test_18723,0.3687449041252026
test_18724,0.012811680013374899
test_18725,0.009469787902246238
test_18726,0.7723224266835912
test_18727,6.776276228751564e-08
test_18728,0.5304181535663304
test_18729,0.002514321802892596
test_18730,0.00244978158925023
test_18731,0.541716336964309
test_18732,7.843852682653449e-06
test_18733,2.28423172336445e-06
test_18734,2.4047214764469703e-08
test_18735,0.008187563652095692
test_18736,1.419235550785433e-06
test_18737,0.21481302818790982
test_18738,0.00106168579300141
test_18739,0.3007605221857421
test_18740,0.464446848272929
test_18741,0.00030546813657006725
test_18742,0.4394066970944613
test_18743,0.4300052349558166
test_18744,0.0013330900516843047
test_18745,0.9480192338723153
test_18746,9.9072810868793e-06
test_18747,0.10591091884711143
test_18748,0.23966254814490698
test_18749,4.486409647844354e-08
test_18750,0.011126947000663027
test_18751,0.884679824357895
test_18752,0.00013572852724261575
test_18753,0.8383446800793244
test_18754,0.7184471939023281
test_18755,0.6517587646143411
test_18756,0.32851484142559306
test_18757,1.2776585855967064e-05
test_18758,0.19322618289552812
test_18759,0.7297235454367205
test_18760,0.595340686131613
test_18761,0.4972193319921118
test_18762,0.8728314632539729
test_18763,2.7594597782449308e-05
test_18764,0.7789663935559007
test_18765,0.0006600299998658182
test_18766,6.0065019303399084e-05
test_18767,0.20044889819527362
test_18768,0.7288892100666333
test_18769,0.012196794322094202
test_18770,0.4682440245696398
test_18771,5.175977437739143e-08
test_18772,0.7143625980167444
test_18773,0.5272939643779474
test_18774,0.6727914793151627
test_18775,0.3839249235193653
test_18776,0.6403826028357906
test_18777,0.5431174304379568
test_18778,0.5824514232991009
test_18779,0.7311395927071062
test_18780,0.000266142683232259
test_18781,0.5079413104737409
test_18782,6.41748207513569e-06
test_18783,0.5585585835839965
test_18784,0.001680336595142818
test_18785,0.350993640142779
test_18786,4.256150793262737e-10
test_18787,0.9020047541974314
test_18788,0.00785033108255548
test_18789,0.39157082239495955
test_18790,0.00012100335643440751
test_18791,0.6848746039719803
test_18792,0.8542285876112544
test_18793,1.2659530037053298e-07
test_18794,0.400061976225436
test_18795,0.12715803898790037
test_18796,0.4518627607334612
test_18797,0.6141265867657426
test_18798,0.4496591805492782
test_18799,0.47606865157606537
test_18800,0.0023282126843239283
test_18801,0.4620842819413067
test_18802,0.7944830578156327
test_18803,0.23472671632260994
test_18804,0.14545923077140469
test_18805,0.6681982160347683
test_18806,0.6633316878494877
test_18807,1.404238332893286e-05
test_18808,0.33196324827649293
test_18809,0.5131727571610133
test_18810,0.6994965454579953
test_18811,0.26681346803538264
test_18812,0.005572338512358591
test_18813,0.5907023361982373
test_18814,0.39582691373728507
test_18815,6.916400790646076e-09
test_18816,0.6177509161210278
test_18817,0.3828607185075432
test_18818,0.0073845475088764895
test_18819,0.0032529163591748923
test_18820,0.814507593728998
test_18821,0.9606706874857651
test_18822,0.17757246089364298
test_18823,0.0018650823964528609
test_18824,0.086160473611461
test_18825,0.0002727826585385087
test_18826,2.8247682644908443e-06
test_18827,0.16111636402596116
test_18828,0.6021143560442414
test_18829,0.17583234805387346
test_18830,0.43298782056296525
test_18831,0.19436936153145043
test_18832,3.626923387498105e-06
test_18833,0.25426253277154076
test_18834,0.6376390100938422
test_18835,0.16139520812094743
test_18836,0.258813511797312
test_18837,0.46490480689542907
test_18838,0.4259990779844211
test_18839,0.0001103204881977504
test_18840,0.5564650099076165
test_18841,0.0005147655329433143
test_18842,0.006820802476983184
test_18843,0.05430221276174058
test_18844,2.627368590567233e-05
test_18845,3.8125047238082814e-06
test_18846,0.47783867259821666
test_18847,0.006104113139716637
test_18848,0.0023776409795952308
test_18849,0.8579687232336382
test_18850,2.311345113591632e-08
test_18851,0.019209637510069773
test_18852,0.0008672927557330529
test_18853,0.3712330033751426
test_18854,1.6996124911302805e-06
test_18855,0.07992133934776427
test_18856,0.001236733903859744
test_18857,2.6599580445804363e-06
test_18858,0.794394889736194
test_18859,0.2436075335337459
test_18860,0.7868843628287099
test_18861,0.7084935729948985
test_18862,1.3943604441189856e-05
test_18863,6.90899575914952e-06
test_18864,8.716191975785037e-07
test_18865,7.630923458818934e-07
test_18866,4.5651824966780135e-11
test_18867,0.060532109710876185
test_18868,7.508215701416191e-05
test_18869,0.0003948055464821021
test_18870,0.5155660259816388
test_18871,0.41316134042914326
test_18872,0.6279994350430937
test_18873,0.014545390652914594
test_18874,0.1732583939602503
test_18875,0.02829928562287904
test_18876,1.4602353623353907e-05
test_18877,0.1218675675306022
test_18878,0.7037726114729069
test_18879,8.393305100639253e-05
test_18880,0.9561892046497746
test_18881,0.5447175077103901
test_18882,0.2723861749581438
test_18883,0.5020080657265833
test_18884,1.0746197064219232e-05
test_18885,0.276153405023964
test_18886,5.7593954678900606e-05
test_18887,0.8457726127513563
test_18888,0.2493736179592402
test_18889,0.49870490009746754
test_18890,0.3134941344352753
test_18891,2.2282680513629047e-05
test_18892,0.74408263960903
test_18893,1.4867773982704263e-07
test_18894,6.255588447731949e-08
test_18895,0.7083227884640534
test_18896,7.150375428199839e-05
test_18897,0.7474143824868555
test_18898,2.1515241202201865e-07
test_18899,0.6459213243177238
test_18900,0.3214888813479501
test_18901,0.41115969450222306
test_18902,0.49981295734573283
test_18903,0.32487471582330474
test_18904,1.100634279099428e-05
test_18905,0.019174222479994334
test_18906,4.0416477511670444e-05
test_18907,7.366047987898961e-08
test_18908,5.5169004709103515e-08
test_18909,4.7418647843593617e-07
test_18910,0.256486452804315
test_18911,0.09109481997952126
test_18912,0.3931340934827144
test_18913,0.023458524730377156
test_18914,1.831468398038959e-05
test_18915,0.001380819868124957
test_18916,0.027620302323557167
test_18917,0.5186740496255346
test_18918,0.8505003489819671
test_18919,0.3338416691195901
test_18920,2.428418610421103e-05
test_18921,0.8652065787154103
test_18922,0.0024220383625406555
test_18923,0.6630758355884426
test_18924,0.2216491667955595
test_18925,0.37599983327577685
test_18926,0.42322080511723426
test_18927,0.49073524130431484
test_18928,2.8339480055399357e-06
test_18929,0.4183744413108081
test_18930,0.05839002034017561
test_18931,0.29707835261028803
test_18932,0.4158848689799494
test_18933,8.213172685613997e-06
test_18934,1.1061739966923863e-06
test_18935,3.2033450311755458e-06
test_18936,8.506575874944064e-06
test_18937,0.49518335046561834
test_18938,0.16324211073067202
test_18939,0.28615000718669115
test_18940,0.06132627217900134
test_18941,0.2777520088725135
test_18942,0.020916287032720065
test_18943,2.8873268356289013e-11
test_18944,0.21924357115827509
test_18945,2.4978551217689495e-05
test_18946,0.0003450633612446346
test_18947,6.43130432528354e-05
test_18948,0.7586312238264776
test_18949,0.005554298676667758
test_18950,0.24525457000865064
test_18951,0.012241340286167442
test_18952,0.44977422378172915
test_18953,1.592234589439234e-05
test_18954,0.38327980864543976
test_18955,0.06952857449896617
test_18956,0.7808298716576012
test_18957,0.9358481790881341
test_18958,0.20685445502080563
test_18959,1.8973626388825977e-05
test_18960,0.47750446986469286
test_18961,0.008137200326614783
test_18962,0.41120921884160017
test_18963,2.9291014836414174e-06
test_18964,0.34850987624910257
test_18965,0.688935991269198
test_18966,0.12668492187149366
test_18967,0.0014595690321073385
test_18968,0.002206139355027178
test_18969,0.6516443809372024
test_18970,0.28677060747538374
test_18971,0.20000749477452776
test_18972,0.0030178087138401405
test_18973,4.494328270497883e-06
test_18974,0.5207683434635005
test_18975,0.39486672483474583
test_18976,0.3270206460488957
test_18977,0.9108841580388564
test_18978,0.7225971985197189
test_18979,0.6601287505211226
test_18980,0.5769485731787343
test_18981,1.348397890920169e-05
test_18982,0.7064821565818117
test_18983,0.4625335760362928
test_18984,0.4406455809690529
test_18985,0.43866762854920266
test_18986,0.34299324130790243
test_18987,0.5228657262692098
test_18988,0.3453658767653909
test_18989,0.6334990163117988
test_18990,1.781800731924967e-05
test_18991,0.5625394951721119
test_18992,5.883740540943663e-06
test_18993,2.0880503957397401e-07
test_18994,0.2539362836752226
test_18995,0.0421313009935439
test_18996,0.8040746082308089
test_18997,0.14480357700229307
test_18998,1.6855260561242897e-06
test_18999,1.5272268869624145e-08
test_19000,0.8265226800751352
test_19001,0.053095533020574334
test_19002,0.4024509273338534
test_19003,1.3809408630026255e-06
test_19004,0.22962031795200738
test_19005,1.181171585427261e-05
test_19006,0.01227925895086749
test_19007,0.7900316682956559
test_19008,0.5382824600764021
test_19009,2.116617529745866e-07
test_19010,0.6018189497787638
test_19011,0.5442389894981001
test_19012,3.773114719236877e-06
test_19013,0.0009570826790703031
test_19014,0.9019185111349186
test_19015,0.3897456294513769
test_19016,0.8182982976954315
test_19017,0.23595783345364768
test_19018,0.46823507345123155
test_19019,0.6313591972362815
test_19020,0.46852101167274324
test_19021,0.3335437602482484
test_19022,0.62602253643232
test_19023,0.18158868238880593
test_19024,0.2167230030805034
test_19025,0.0006435961959745339
test_19026,0.19591978610396898
test_19027,0.00033761432371988805
test_19028,0.22517763982210903
test_19029,0.45447557740790695
test_19030,0.024263054893140814
test_19031,0.0077580184420760236
test_19032,0.5086844363907891
test_19033,0.7334734457534641
test_19034,0.3201652014239234
test_19035,2.2393784629517578e-12
test_19036,0.07028894978817976
test_19037,0.9391413380148329
test_19038,0.17254695782954838
test_19039,0.7874739167250893
test_19040,0.5356976302127227
test_19041,0.018771771109344068
test_19042,1.954537853388236e-07
test_19043,0.44264281264500116
test_19044,0.3433505297964298
test_19045,0.32739295117171696
test_19046,0.36161701824263043
test_19047,0.0002979132140127083
test_19048,0.47386724096261573
test_19049,3.345608867958119e-05
test_19050,3.547071328271205e-07
test_19051,0.5118408690351616
test_19052,0.5639025870318356
test_19053,0.05731254209078813
test_19054,0.5068053730171737
test_19055,0.6965079724030059
test_19056,0.5089046815241135
test_19057,0.00020327170136340432
test_19058,0.006195375143780093
test_19059,0.003892559528048438
test_19060,1.5353126804099022e-07
test_19061,0.6969045538991128
test_19062,0.17522786154909886
test_19063,0.7916736223313116
test_19064,0.09025176103071818
test_19065,0.7336139341457194
test_19066,7.46615689139142e-05
test_19067,0.0006438280117719915
test_19068,0.4027875679516553
test_19069,0.020017546081453935
test_19070,0.5984237255711176
test_19071,0.47228269674398354
test_19072,0.3416290941902761
test_19073,0.0013505879523996816
test_19074,0.005318719265892451
test_19075,0.08650678834692653
test_19076,7.877949149750157e-06
test_19077,0.5432352023729379
test_19078,0.6605217243217607
test_19079,0.0314367656583062
test_19080,0.40784801602827886
test_19081,0.053627277268761084
test_19082,0.7592586188593854
test_19083,5.671727402468409e-08
test_19084,0.7005730663947581
test_19085,0.3281920353175857
test_19086,6.117648283116453e-05
test_19087,0.003597634026107964
test_19088,0.00018142690653676316
test_19089,9.522395984071524e-08
test_19090,0.0001269717811771065
test_19091,0.4533220830986187
test_19092,0.004312244514472535
test_19093,0.1587361867145226
test_19094,0.20306475040907968
test_19095,1.215835912912646e-06
test_19096,0.5097301824366507
test_19097,0.18732123995935954
test_19098,0.00412602801911762
test_19099,0.00013813651759698225
test_19100,0.00016308744615994768
test_19101,0.0009479693944733847
test_19102,0.00041152509285506553
test_19103,0.24922057276298257
test_19104,0.8103142871490332
test_19105,0.5735642129135681
test_19106,3.48933966160008e-05
test_19107,0.03854527642795239
test_19108,0.39454705094089915
test_19109,0.4768482998015859
test_19110,0.21626188760603707
test_19111,0.395920748414401
test_19112,0.0001918720487592994
test_19113,0.8448430924360264
test_19114,0.016650095444182722
test_19115,0.1870004869471611
test_19116,0.43356215011377663
test_19117,3.836139132562965e-06
test_19118,0.9090702257384037
test_19119,0.3450734437329907
test_19120,0.4168885560998377
test_19121,0.2737085986914155
test_19122,0.5581892219796494
test_19123,0.7342676485042244
test_19124,0.13577690139789908
test_19125,0.060134147515446434
test_19126,0.4600044601628721
test_19127,0.5682321970030247
test_19128,0.29354404447036997
test_19129,0.3407145216342419
test_19130,0.007727701433897282
test_19131,0.30468662068266694
test_19132,0.00020125470248451993
test_19133,0.0024472126670362095
test_19134,0.8275344175270466
test_19135,0.8220230555922221
test_19136,8.348624312851533e-05
test_19137,0.0006976340839991847
test_19138,0.2754900299101517
test_19139,0.32881836114511753
test_19140,7.565254225113573e-07
test_19141,0.1777650059101184
test_19142,0.530694367082951
test_19143,0.5111767820852204
test_19144,0.04681913469138517
test_19145,1.5576111998652783e-08
test_19146,0.00014906492588058818
test_19147,0.08525321487798511
test_19148,0.5386551157866788
test_19149,0.6976393605522009
test_19150,0.08218971686509129
test_19151,0.4583266741001969
test_19152,0.24922475114665088
test_19153,0.5450255718657756
test_19154,0.2585687091961403
test_19155,0.010319666866285672
test_19156,0.7420474795464213
test_19157,0.16559031077972672
test_19158,0.0002409496733689279
test_19159,0.4912068612536911
test_19160,2.1271813629506354e-10
test_19161,4.157276901767299e-06
test_19162,0.00060172504024546
test_19163,0.45060985770091777
test_19164,0.37438727836357577
test_19165,0.6127950539120558
test_19166,0.0006091345319992356
test_19167,0.029160516115929548
test_19168,0.0024108816173526253
test_19169,0.24516709706441556
test_19170,7.272468334705576e-05
test_19171,0.007737468398045346
test_19172,0.2505746060088433
test_19173,0.29300984829145843
test_19174,0.4962894621561516
test_19175,0.6983859433343466
test_19176,0.6079912097592698
test_19177,0.7410841967118236
test_19178,0.6933148485903161
test_19179,0.002994387036374669
test_19180,2.8105389804259347e-06
test_19181,0.7661821378398279
test_19182,0.11468024109226696
test_19183,0.028205488599372473
test_19184,0.0007979546323310897
test_19185,7.206973116372244e-05
test_19186,0.762788357985794
test_19187,0.6929451710075185
test_19188,5.379931414905925e-05
test_19189,0.4067231845042686
test_19190,0.0004192918940030109
test_19191,0.4177635809663761
test_19192,0.7373120950589207
test_19193,0.09673792330234807
test_19194,0.2069464359465527
test_19195,0.5316664154068462
test_19196,0.11041037967460603
test_19197,0.5804700584890037
test_19198,6.171847800373438e-05
test_19199,0.5027374486592286
test_19200,0.00467361982854167
test_19201,0.34523600608643
test_19202,0.7460404076433094
test_19203,2.785025345682527e-10
test_19204,0.6677626978851322
test_19205,0.4529488755106145
test_19206,6.5659941375326725e-06
test_19207,0.45307600707740686
test_19208,0.8670677304462028
test_19209,0.0001596213606162033
test_19210,0.2184546049997364
test_19211,0.7231297202545011
test_19212,0.8479812121928871
test_19213,2.589076857706589e-05
test_19214,0.15485042643478933
test_19215,0.00021251843248056406
test_19216,0.7076676216133748
test_19217,5.126493770606355e-08
test_19218,0.14542525561247982
test_19219,0.04324627131283793
test_19220,0.00015816903559446452
test_19221,0.46680813115452824
test_19222,0.7385297907549886
test_19223,0.6725218399932081
test_19224,0.2578242556820305
test_19225,3.379854972588471e-08
test_19226,0.3845153598847823
test_19227,7.621793874845405e-06
test_19228,0.0003870187581050993
test_19229,5.344746913206087e-06
test_19230,0.011444768882945985
test_19231,0.7387481658340946
test_19232,8.909671473654611e-06
test_19233,7.126050710203316e-08
test_19234,1.9879515221552956e-05
test_19235,0.08421272442262236
test_19236,2.2341398387818508e-07
test_19237,0.3755194081991854
test_19238,0.17489095272668706
test_19239,0.37308828883414763
test_19240,0.0005841758150717258
test_19241,0.034313830681464534
test_19242,0.9463748018179411
test_19243,4.3436695267618735e-05
test_19244,0.7250628179855872
test_19245,0.4990263536190446
test_19246,0.728824221261888
test_19247,0.2952533811002409
test_19248,0.5825731741631507
test_19249,0.00040423581689709215
test_19250,0.7202399186842083
test_19251,0.0407348030955054
test_19252,0.002125266295057334
test_19253,1.641005091360194e-05
test_19254,0.6351265937539817
test_19255,0.5241084882354927
test_19256,0.8930241663119018
test_19257,2.5898385162126244e-11
test_19258,0.04446786030012982
test_19259,0.13096397032242388
test_19260,0.8053020067212084
test_19261,0.6974919795611753
test_19262,0.325943968891225
test_19263,0.37302853722721663
test_19264,2.242710407716892e-05
test_19265,0.18854249493336642
test_19266,0.3393359054790702
test_19267,0.25720443122330405
test_19268,0.6855839070851443
test_19269,0.7287468552772352
test_19270,0.2734704798161056
test_19271,0.3497252234856588
test_19272,0.6020524545211476
test_19273,0.8344167227811927
test_19274,5.070502965732368e-05
test_19275,1.3037727503251637e-08
test_19276,0.5681697973511155
test_19277,0.00013528200384537966
test_19278,0.16052418453388784
test_19279,0.5423720873647264
test_19280,8.21755564465589e-07
test_19281,0.00015838645683798974
test_19282,0.10910213871863722
test_19283,0.36287823590935053
test_19284,0.34393120759973556
test_19285,5.0596671697992135e-06
test_19286,6.89241157728264e-07
test_19287,0.03505164975163177
test_19288,0.4792956644726614
test_19289,0.20835813798249697
test_19290,3.264670747832611e-10
test_19291,0.35403347926403306
test_19292,0.7484548503816589
test_19293,2.793270246907273e-06
test_19294,0.727958536126835
test_19295,0.6260359813879227
test_19296,0.1826994054372922
test_19297,3.2250378670982513e-09
test_19298,0.0003162712705913646
test_19299,0.22950259234155554
test_19300,0.00022662762027917993
test_19301,8.020507712489143e-05
test_19302,0.5765673003260195
test_19303,0.46166662304677464
test_19304,1.0630103174297416e-06
test_19305,0.5620438125506577
test_19306,0.0007037342977770001
test_19307,0.379687026408081
test_19308,0.536530481524308
test_19309,0.2615799886231911
test_19310,2.2376704198886495e-07
test_19311,0.009343832613300159
test_19312,0.5006516783769362
test_19313,2.4968775599810802e-05
test_19314,0.6923109534900532
test_19315,0.003056154575080804
test_19316,0.0029565531863903764
test_19317,0.5418305117743175
test_19318,0.6234447681268886
test_19319,0.00010480835291616136
test_19320,0.8786341102305889
test_19321,9.644749441656439e-07
test_19322,0.00016939538470970162
test_19323,0.005361058120239738
test_19324,0.0007084330814400058
test_19325,1.608864960549153e-05
test_19326,0.5369855329795175
test_19327,0.8435853818013171
test_19328,0.00010722572020569863
test_19329,0.11932004210542689
test_19330,0.42365101615766654
test_19331,1.3840828334991733e-05
test_19332,0.5912947156245144
test_19333,0.1702692746149342
test_19334,4.469321447472435e-06
test_19335,0.5357059894023232
test_19336,8.211776709749816e-06
test_19337,0.4559784015318267
test_19338,0.07967869369752026
test_19339,0.2259685541995409
test_19340,0.43462191881197315
test_19341,1.1745602543918336e-06
test_19342,0.7064811277229148
test_19343,0.7911591407793191
test_19344,0.0009997129669150073
test_19345,0.2519450364629298
test_19346,0.002125964425473313
test_19347,0.5745772252030177
test_19348,3.626882718015516e-06
test_19349,0.21932099151635676
test_19350,1.3418377490031067e-06
test_19351,0.12775237684495316
test_19352,0.006634103456187857
test_19353,0.0025481888053534765
test_19354,0.00012606724997711138
test_19355,1.6133696906484992e-08
test_19356,0.6900364117068424
test_19357,0.0038600014798012825
test_19358,0.3440782618044374
test_19359,0.11492991304177715
test_19360,0.5645036816650935
test_19361,0.09625309234111287
test_19362,0.03877733119075784
test_19363,0.00010608633936364751
test_19364,1.4897038864463392e-07
test_19365,1.3227926754577307e-05
test_19366,0.3909953380176001
test_19367,0.15840249690407204
test_19368,0.6238504375698088
test_19369,0.7355961790908174
test_19370,0.045923157007880085
test_19371,9.657846754808165e-05
test_19372,0.008491319417331276
test_19373,0.00019327734624009635
test_19374,0.718006017525506
test_19375,0.0004914836330171064
test_19376,4.1557082340258833e-07
test_19377,0.58966217151567
test_19378,0.5245554344815964
test_19379,0.005960557465932706
test_19380,0.000241861666626721
test_19381,0.27670126682993146
test_19382,6.454769196301748e-06
test_19383,9.070570832836388e-06
test_19384,0.8723512773991781
test_19385,2.377620260549093e-05
test_19386,0.16973598285651972
test_19387,0.4055541739183721
test_19388,0.8817861701527974
test_19389,0.6270125956880351
test_19390,0.8150712225035153
test_19391,0.5247653237648352
test_19392,0.2841638256076274
test_19393,0.11553704308656788
test_19394,0.458811720369957
test_19395,3.050071498328826e-07
test_19396,5.639046310071721e-05
test_19397,0.0009185556298867704
test_19398,0.009192196272295087
test_19399,7.909859636550274e-05
test_19400,4.9433682845630625e-05
test_19401,0.5867631913544076
test_19402,0.0002709541724697908
test_19403,0.016225649297303926
test_19404,0.4420549609841484
test_19405,0.5008047462611694
test_19406,0.5823105332157354
test_19407,0.00142700879557488
test_19408,0.002586809181884785
test_19409,0.8526008691813827
test_19410,0.00022015847635239408
test_19411,1.3945977885497625e-10
test_19412,0.7731220619850425
test_19413,0.784760292451409
test_19414,0.8805795786779511
test_19415,2.202202897551372e-10
test_19416,0.6430168056443922
test_19417,0.26100850863603936
test_19418,4.021885872134742e-05
test_19419,0.6249299923974327
test_19420,0.0017142404282817277
test_19421,0.001197586294328589
test_19422,0.48696700868502674
test_19423,0.5714103880347847
test_19424,0.1356749526021229
test_19425,0.012540674081753717
test_19426,0.15870621516924718
test_19427,5.646310809354165e-05
test_19428,0.8733147221617888
test_19429,0.07657376705848899
test_19430,0.3853997136038634
test_19431,0.503716848971034
test_19432,0.6307170699633481
test_19433,0.8864317780040292
test_19434,0.512231269227781
test_19435,0.01976303453901465
test_19436,5.4109197364160435e-05
test_19437,2.8627924622547566e-05
test_19438,0.492726237182497
test_19439,2.493149651139912e-10
test_19440,0.0003223288423816462
test_19441,0.012239286640143256
test_19442,0.542843864547907
test_19443,0.49100837141432
test_19444,0.529960685534738
test_19445,0.00024458808558217715
test_19446,0.003003683605260455
test_19447,0.6362421447066008
test_19448,0.6901226920575443
test_19449,0.021819694776811026
test_19450,4.5329321517675536e-08
test_19451,0.2421714084548565
test_19452,0.7729994098299051
test_19453,0.02825167764751672
test_19454,0.6391176094335189
test_19455,0.8964618970746144
test_19456,0.05507979291746816
test_19457,0.1843561698294149
test_19458,5.657702315209972e-05
test_19459,0.28439864099242573
test_19460,0.2203117665229523
test_19461,6.814129579420192e-11
test_19462,0.7899054599113465
test_19463,0.3506803962427061
test_19464,0.6880699330845442
test_19465,0.6795480255630525
test_19466,0.6139164820102393
test_19467,0.42373586229763044
test_19468,0.48674494655446837
test_19469,0.0002034625441282804
test_19470,1.1523408498516487e-07
test_19471,0.14194760790424651
test_19472,6.493247974419285e-05
test_19473,0.8236060429012397
test_19474,0.053339874611557744
test_19475,3.4619759242620246e-05
test_19476,0.21484101801550123
test_19477,8.000910748615204e-05
test_19478,0.4916730778552583
test_19479,0.7299596127857433
test_19480,0.007784186155950321
test_19481,0.6308820499101212
test_19482,0.007349319588796241
test_19483,0.00031780931919862126
test_19484,0.8703361231453195
test_19485,0.7682988546905909
test_19486,0.4721399700212439
test_19487,0.6925313770771024
test_19488,0.08447455712708869
test_19489,0.1549482076343078
test_19490,0.8544051871166441
test_19491,0.3243047371265068
test_19492,0.21205836872430328
test_19493,0.0001113609488140896
test_19494,0.2544831112559089
test_19495,0.059715394538761034
test_19496,0.8288403788709933
test_19497,0.04032472284554126
test_19498,0.49080114487773674
test_19499,0.0022053269098508497
test_19500,0.1103722973691645
test_19501,0.03625874401855729
test_19502,0.022940291116734166
test_19503,0.22869727654835467
test_19504,0.07182743229483544
test_19505,0.00048297819528466383
test_19506,0.0022805105372356626
test_19507,0.0002399792940005102
test_19508,0.8507277580828987
test_19509,1.0200600469912118e-07
test_19510,0.6826842307443338
test_19511,0.000606930850587762
test_19512,0.00018735643004467466
test_19513,0.010604231387061477
test_19514,0.8370226349276152
test_19515,0.07028840853749174
test_19516,0.030333365313068607
test_19517,0.8671026597464957
test_19518,0.00019605103975758994
test_19519,0.0006760152232565495
test_19520,1.1437401875811804e-06
test_19521,0.002039987842444872
test_19522,0.10648122849138038
test_19523,0.7007914876786453
test_19524,0.02842174284982121
test_19525,0.4783326152250056
test_19526,0.5274402754972664
test_19527,0.499774503145609
test_19528,0.0020372792877946253
test_19529,1.5708416095993445e-06
test_19530,0.010342331990254874
test_19531,0.33870731353108047
test_19532,0.004632175673001429
test_19533,1.0662082871700295e-06
test_19534,0.3267682953961638
test_19535,0.476987031174346
test_19536,0.4767933073137213
test_19537,0.005617225767534398
test_19538,0.8477989918243327
test_19539,0.38809359926394166
test_19540,0.5620758119803442
test_19541,0.686893116811538
test_19542,0.34884410731206983
test_19543,0.12073683586422294
test_19544,1.7455101960741226e-05
test_19545,0.0016583074461098057
test_19546,1.6127472570080206e-06
test_19547,0.10400621227558357
test_19548,0.5316169627746523
test_19549,0.45592339829815304
test_19550,0.06857818455070523
test_19551,0.021608949473258865
test_19552,0.00011099429880348017
test_19553,0.48043503958673606
test_19554,0.24191061908844594
test_19555,0.4861579448434927
test_19556,0.8942987304672401
test_19557,3.6286267599784296e-05
test_19558,0.3228440225110596
test_19559,0.24748784528737866
test_19560,0.5161318818501819
test_19561,0.2744909997240564
test_19562,0.8828583161055505
test_19563,1.11109793641486e-05
test_19564,0.7891972226006894
test_19565,4.0851702843146884e-08
test_19566,0.7430407014803866
test_19567,0.5370594188878749
test_19568,2.6396258247885595e-08
test_19569,0.00010013916132775375
test_19570,0.06089221936042457
test_19571,0.6444161226225213
test_19572,4.255691851931928e-05
test_19573,0.4638377829190662
test_19574,6.447185183307971e-05
test_19575,0.5875768496123085
test_19576,0.0002436753441360899
test_19577,0.31979168481737347
test_19578,9.44269315546353e-05
test_19579,1.756892149487472e-05
test_19580,4.077379170162725e-06
test_19581,0.6569701220570949
test_19582,0.9112768335636375
test_19583,0.4002244823669422
test_19584,0.0017364510590655155
test_19585,0.0541361386650085
test_19586,4.068963604738354e-07
test_19587,0.09331328142894507
test_19588,0.23356634125415227
test_19589,6.437583239916957e-09
test_19590,0.38208134749216127
test_19591,0.6433925106721672
test_19592,0.1449995655184587
test_19593,0.7939149030897912
test_19594,1.2470746755118586e-05
test_19595,0.01928705097147755
test_19596,0.09033534806233257
test_19597,0.4337192994498849
test_19598,0.1546583970529817
test_19599,0.513803682066361
test_19600,5.453829055624995e-06
test_19601,0.554929529768232
test_19602,3.880721452391677e-05
test_19603,0.007374887604797079
test_19604,0.06778849904736729
test_19605,0.00018443178350990473
test_19606,0.9270053271829205
test_19607,0.22002208695164044
test_19608,0.13580728327384023
test_19609,0.0006237536369498387
test_19610,6.272679237115341e-05
test_19611,0.6177048944877251
test_19612,0.273739421168502
test_19613,0.0012538500744466016
test_19614,0.8069174536765595
test_19615,0.01816683274354795
test_19616,0.7166776702565517
test_19617,5.807301533005279e-06
test_19618,0.05600091027128583
test_19619,7.1162552529317505e-06
test_19620,0.08558514471041787
test_19621,9.537040060693444e-09
test_19622,0.0029823247920647026
test_19623,0.007887150717865487
test_19624,0.7191279891546648
test_19625,0.010258722598211192
test_19626,0.06828813256311234
test_19627,0.3332941036114876
test_19628,0.6233592908299198
test_19629,0.6358140491063805
test_19630,1.0717589248097169e-05
test_19631,0.008149635331181406
test_19632,2.9529282823747096e-06
test_19633,0.0012410022360139301
test_19634,0.08497497401588693
test_19635,0.5200039329665871
test_19636,0.34145168283350685
test_19637,0.31472057285564736
test_19638,0.00011452757845493049
test_19639,0.2771455842874904
test_19640,0.6856020215292528
test_19641,0.21304862330488225
test_19642,0.6593698942843423
test_19643,0.07541713139631961
test_19644,3.989733220032287e-06
test_19645,0.00011803139155330312
test_19646,0.5571193948307759
test_19647,0.00031214792360494755
test_19648,0.0014672923611711215
test_19649,0.385016260876599
test_19650,6.086007223744728e-07
test_19651,1.5214518350659722e-07
test_19652,0.21983036305283812
test_19653,0.6283718472682239
test_19654,0.4061874027648497
test_19655,0.12201934700383554
test_19656,0.5182803935270304
test_19657,0.5607717996584516
test_19658,0.5786830361183676
test_19659,0.8606038969368508
test_19660,0.00037167147640748135
test_19661,0.0005142007176265545
test_19662,3.2152845102414123e-06
test_19663,0.30506430353302405
test_19664,0.23459134231526513
test_19665,1.2327053371794078e-05
test_19666,4.67949970878468e-05
test_19667,0.347407930669167
test_19668,0.005862995066255564
test_19669,0.57403378973203
test_19670,0.6435968533875533
test_19671,0.13162450905432077
test_19672,0.46679998222512514
test_19673,0.22978824390793046
test_19674,0.5202990925994122
test_19675,0.12638648961999444
test_19676,0.0038148460084011454
test_19677,1.8174501728805423e-05
test_19678,0.047830207162744644
test_19679,0.010105453561221119
test_19680,0.7437697758586129
test_19681,0.0695499676768676
test_19682,0.4175269392227277
test_19683,0.00024253002804907258
test_19684,0.019177747917749566
test_19685,0.26885080136724826
test_19686,0.0024116089653972053
test_19687,0.609526252236227
test_19688,0.2687980884868329
test_19689,0.6676771560048105
test_19690,0.00039253816228522183
test_19691,0.048678522106478335
test_19692,0.6900375768249735
test_19693,0.523283871945408
test_19694,3.362698695638731e-07
test_19695,0.18921170790273437
test_19696,0.38966341522447917
test_19697,0.5488643166268592
test_19698,0.41582947704318196
test_19699,0.00010191534962208006
test_19700,0.0044595043354791015
test_19701,0.3317940669307363
test_19702,0.00012929475738266381
test_19703,2.8608630231020788e-08
test_19704,0.2170406893938021
test_19705,0.09429773385465884
test_19706,0.007716700138521857
test_19707,0.24704216492298425
test_19708,6.669630801042008e-05
test_19709,0.6229740715126157
test_19710,0.7448203158029113
test_19711,5.368119592429958e-05
test_19712,0.6441475553186081
test_19713,0.6493668513019304
test_19714,0.2991860491071011
test_19715,8.395371473705346e-05
test_19716,3.5460518459769233e-06
test_19717,0.8422540237646704
test_19718,0.949860349078661
test_19719,2.950218740223058e-07
test_19720,0.10602019240527753
test_19721,0.45084981766069904
test_19722,0.11923665381573705
test_19723,0.29839609094550473
test_19724,0.2753758508776407
test_19725,0.15081887241179606
test_19726,0.8440483789087057
test_19727,0.5180418839797887
test_19728,0.5636342291197755
test_19729,7.4561972859037605e-06
test_19730,0.27688646419927176
test_19731,0.710554582973501
test_19732,0.3854981718433165
test_19733,0.4301011268373577
test_19734,0.00223759868139701
test_19735,0.3045421012213737
test_19736,0.8555181720433285
test_19737,0.004493612591483299
test_19738,0.7347926428558074
test_19739,0.5490298625066721
test_19740,0.15588795746674466
test_19741,0.9121019407837349
test_19742,0.0002431859226947865
test_19743,0.6858578362539901
test_19744,0.5393519844150276
test_19745,0.00019381340154327816
test_19746,0.0008189666211843091
test_19747,0.07204305667805286
test_19748,0.031633681427880915
test_19749,0.5740844561054215
test_19750,0.5881272495851356
test_19751,0.02712004809256541
test_19752,0.5768169848898016
test_19753,0.1983286569786948
test_19754,0.849237786358787
test_19755,0.8284263195235174
test_19756,0.2456762377005106
test_19757,0.022832487714907816
test_19758,0.3499998234552566
test_19759,0.7648472883130012
test_19760,0.3143645046298463
test_19761,0.575764333295822
test_19762,0.2752781356384277
test_19763,0.40907184695925886
test_19764,0.8881553400298975
test_19765,3.7221299797162027e-06
test_19766,0.37448560941092074
test_19767,0.44382898057500386
test_19768,0.001893427051324427
test_19769,0.0006279667098890782
test_19770,0.3980793501370735
test_19771,0.4567231157422665
test_19772,0.6920143948784477
test_19773,0.4917308656909928
test_19774,0.5167918178172775
test_19775,0.007084897687388202
test_19776,0.6032069773186021
test_19777,0.7612572001972467
test_19778,0.32022542503731405
test_19779,0.0001770078050304997
test_19780,0.17604180163988045
test_19781,0.3909586286415104
test_19782,0.06919330255590406
test_19783,0.035226385061674054
test_19784,0.7288871704620852
test_19785,0.08086869595968423
test_19786,0.5918351298931458
test_19787,0.6623538817047643
test_19788,0.5335076065480654
test_19789,0.3264615298878929
test_19790,0.0011603753712060914
test_19791,0.0025385607519901082
test_19792,0.6156509393723767
test_19793,0.2564079901370235
test_19794,0.3948037057435036
test_19795,0.7939935085913113
test_19796,0.3181571343317772
test_19797,0.5920347761702395
test_19798,0.10809846476269562
test_19799,0.2948211739345533
test_19800,2.030491895795783e-08
test_19801,0.0006335544515521021
test_19802,0.2983291093592551
test_19803,0.0003330609777813727
test_19804,0.750799889316043
test_19805,0.6700685222902483
test_19806,0.4645732342048029
test_19807,0.8835153420948529
test_19808,0.4667633558705887
test_19809,0.27937641678845965
test_19810,0.4360686215640202
test_19811,0.023176870184456747
test_19812,0.4037733975154672
test_19813,0.5544280106558006
test_19814,0.18062977099454852
test_19815,0.49941188226330785
test_19816,0.26041772344635417
test_19817,7.014600950158216e-07
test_19818,0.031421924657099524
test_19819,0.36752291910216284
test_19820,9.688911358429914e-07
test_19821,0.0001419842971357895
test_19822,3.84520930942215e-05
test_19823,0.42844210254085835
test_19824,3.230191600492613e-05
test_19825,0.0005160172765011945
test_19826,1.9855822523023997e-06
test_19827,0.0016581597821202477
test_19828,4.432917389201922e-05
test_19829,2.8253412012443892e-05
test_19830,0.6038710341344938
test_19831,0.5702719267405801
test_19832,0.8632735061359119
test_19833,3.540304033466758e-05
test_19834,0.42635312988136975
test_19835,0.01812136260258683
test_19836,5.628171176856944e-12
test_19837,1.2625596950105262e-05
test_19838,0.4448677484692852
test_19839,0.3619915111398605
test_19840,0.0003314509160157919
test_19841,0.3927526514736918
test_19842,0.9042866414604517
test_19843,0.17331080691039985
test_19844,0.006838495063196957
test_19845,0.0003477611217741805
test_19846,0.7431887778061206
test_19847,0.000937059202935645
test_19848,0.0036786816254023393
test_19849,0.5625308286832315
test_19850,0.8150693786578416
test_19851,0.4444985526243218
test_19852,0.27612078244943
test_19853,5.980664703542262e-08
test_19854,0.0004680972749014463
test_19855,0.00569389569478858
test_19856,0.9761428700538008
test_19857,0.4979644867728805
test_19858,0.28593704890425725
test_19859,0.5212319611340547
test_19860,0.00012056169988657118
test_19861,0.2555548117149439
test_19862,3.613309858428373e-06
test_19863,0.2969352673272224
test_19864,2.6280752358535398e-06
test_19865,0.6595297426163711
test_19866,0.27168121541869084
test_19867,0.003648097217988971
test_19868,0.05840295471510248
test_19869,1.0012134684838631e-06
test_19870,0.008987301540085936
test_19871,0.000945876466061972
test_19872,0.0008178258609410503
test_19873,0.5629033826284138
test_19874,0.13137393990746482
test_19875,0.49778378274592494
test_19876,4.215704751471415e-08
test_19877,5.5623188709951094e-05
test_19878,0.06634353650813546
test_19879,0.4384016149208041
test_19880,0.4637484685138085
test_19881,0.000585498408400162
test_19882,0.004378688888369736
test_19883,0.0022675403770147807
test_19884,0.7711389657134912
test_19885,0.4737972622973757
test_19886,3.0809269654016497e-07
test_19887,0.5557466328968551
test_19888,0.2061721863619543
test_19889,5.071520894460635e-09
test_19890,0.5902656269665123
test_19891,0.5476192003868817
test_19892,0.5765540867249229
test_19893,0.0012967650021566128
test_19894,0.006768730285291414
test_19895,1.1998476311277581e-05
test_19896,0.4257912919244184
test_19897,0.3007169516762062
test_19898,0.3995742306584271
test_19899,1.6662354063325643e-08
test_19900,0.05181290551153586
test_19901,0.22016599828841893
test_19902,0.13777877776085545
test_19903,0.4176552618648353
test_19904,0.010386142737539296
test_19905,0.0001971142238309256
test_19906,0.5240593252737757
test_19907,0.0001541316507507833
test_19908,0.006973787587093754
test_19909,0.6705271978263129
test_19910,0.21422851352067432
test_19911,7.108761023648068e-08
test_19912,0.06875485785605424
test_19913,0.8688079443990967
test_19914,0.00016912591806129385
test_19915,0.0012243098913846111
test_19916,0.04940657356249854
test_19917,0.1529053224049288
test_19918,0.11769074338706705
test_19919,0.01999700921245184
test_19920,0.6740293716882848
test_19921,0.0018543181846425287
test_19922,1.940207098295241e-05
test_19923,0.08052143314224493
test_19924,2.4643274024943986e-05
test_19925,0.6588474054793945
test_19926,0.24136679873996952
test_19927,0.4513203516570691
test_19928,0.2215831977809107
test_19929,2.6139634431056547e-05
test_19930,0.5913085611760331
test_19931,0.7880671792014614
test_19932,0.007245094606897861
test_19933,0.29333586765927244
test_19934,3.002467350943669e-08
test_19935,2.779068194440001e-05
test_19936,0.0004092545555814981
test_19937,0.0008275868519493935
test_19938,0.42675802576113714
test_19939,2.0739765253048435e-05
test_19940,3.170065013870466e-05
test_19941,0.4022590269433439
test_19942,5.001195418014261e-10
test_19943,0.02618801289981896
test_19944,0.0819743585285405
test_19945,0.06397035190520936
test_19946,3.274633256243093e-10
test_19947,1.4829283950767001e-05
test_19948,0.6074911591121811
test_19949,5.383840938395429e-06
test_19950,0.003664120448300693
test_19951,0.8149420709380084
test_19952,0.001076678469803755
test_19953,0.0045005699305121355
test_19954,5.345286050358308e-05
test_19955,0.0001946458624951934
test_19956,0.0003968512064514963
test_19957,4.6087213760150884e-05
test_19958,0.00024733023258572686
test_19959,0.9934291297576977
test_19960,0.16854620036056214
test_19961,1.9792043423303842e-05
test_19962,3.170848734740058e-05
test_19963,1.0154747984998122e-06
test_19964,0.8464616419234571
test_19965,7.42290486826671e-07
test_19966,0.001987912009511863
test_19967,0.0011886724684384042
test_19968,0.0009063388551736176
test_19969,0.48199981308944195
test_19970,0.00040124085379028573
test_19971,0.17905873964821098
test_19972,6.760415249489139e-05
test_19973,0.9655028328321861
test_19974,0.7677861467580591
test_19975,2.1475257037926906e-06
test_19976,6.137807809225371e-05
test_19977,3.508702619196113e-05
test_19978,0.0007876223297833948
test_19979,0.7982836594266558
test_19980,0.5137180781353654
test_19981,5.3132733658269965e-05
test_19982,0.6479402444735622
test_19983,0.7106302298952178
test_19984,0.641725338925597
test_19985,0.32804595235914485
test_19986,0.0001353542413620535
test_19987,0.6577599190779728
test_19988,0.14583233681271443
test_19989,4.1767531538324464e-08
test_19990,0.4810540881023121
test_19991,0.3822635164827094
test_19992,7.662692324654039e-07
test_19993,0.7810963415934157
test_19994,0.7233612988540047
test_19995,0.0012738631793785301
test_19996,0.4894344032243183
test_19997,0.32470564407551916
test_19998,1.490544401670606e-06
test_19999,0.0019566867251957125
